SNP,Chr,Pos,P.value,MAF,nobs,Effect,H&B.P.Value
PZB00859.1,1,157104,0.853709921046776,0.240942028985507,276,0.0624571437967241,1
PZA01271.1,1,1947984,0.0277834044717404,0.490942028985507,276,0.673316989960458,1
PZA03613.2,1,2914066,0.356256507871025,0.291666666666667,276,-0.304037670206025,1
PZA03613.1,1,2914171,0.256387774578384,0.251811594202899,276,-0.417048664761269,1
PZA03614.2,1,2915078,0.337115139962383,0.467391304347826,276,0.317746217149596,1
PZA03614.1,1,2915242,0.358028953827194,0.467391304347826,276,0.305958712700446,1
PZA00258.3,1,2973508,0.985718118068136,0.278985507246377,276,-0.00632822928846788,1
PZA02962.13,1,3205252,0.516388964843638,0.125,276,-0.292512277591421,1
PZA02962.14,1,3205262,0.0269579963771747,0.0960144927536232,276,1.20722773085087,1
PZA00599.25,1,3206090,0.266916671494489,0.105072463768116,276,-0.530752431203063,1
PZA02129.1,1,3706018,0.29818184006518,0.471014492753623,276,0.307380539320539,1
PZA00393.1,1,4175293,0.622658151144343,0.248188405797101,276,0.181227213170946,1
PZA02869.8,1,4429897,0.310781139560688,0.188405797101449,276,-0.390870339020124,1
PZA02869.4,1,4429927,0.263479740393095,0.215579710144928,276,-0.421312983787461,1
PZA02869.2,1,4430055,0.567801301480446,0.228260869565217,276,0.216664900908804,1
PZA02032.1,1,4490461,0.942199513639362,0.177536231884058,276,0.0324361187884528,1
zagl1.5,1,4835434,1,0,276,NA,1
zagl1.2,1,4835558,0.928588490272226,0.0471014492753623,276,0.0691960602519792,1
zagl1.6,1,4835658,0.263673371248364,0.0126811594202898,276,1.26673545533626,1
PZD00081.2,1,4836542,0.891779634721905,0.0144927536231884,276,0.150644687806506,1
zagl1.1,1,4912526,1,0,276,NA,1
PZB00919.1,1,5353319,0.488923131404294,0.228260869565217,276,0.246433224256715,1
PZB00919.2,1,5353655,0.0853610136097481,0.0344202898550725,276,-1.2220119602374,1
PHM2244.142,1,5562502,0.737620817524346,0.175724637681159,276,-0.160519826206534,1
PZA03093.10,1,8075572,0.789393439708967,0.492753623188406,276,0.0764338301565208,1
PZA00181.5,1,8366368,0.780000642510078,0.190217391304348,276,0.130316353647057,1
PZA00181.2,1,8366411,0.0447633058677589,0.300724637681159,276,0.693991467008127,1
PZA00528.1,1,8367944,0.610463729045589,0.251811594202899,276,0.197445792944288,1
PZA00175.2,1,8510027,0.0329371080212555,0.418478260869565,276,-0.662942924521479,1
PZA00447.6,1,9023947,0.0318742067069956,0.496376811594203,276,0.700682857370745,1
PZA00447.8,1,9024005,0.0126682648557112,0.48731884057971,276,-0.815565081441742,1
PZB01915.1,1,9029842,0.210712577638628,0.213768115942029,276,-0.450820645271866,1
PZA03128.1,1,9084948,0.796673259425252,0.306159420289855,276,0.0842550939222595,1
PZA03128.3,1,9084979,0.704827815288539,0.179347826086957,276,0.14890508888805,1
PZA02284.1,1,9273299,0.693758896636045,0.452898550724638,276,0.123099337915933,1
PZA00731.6,1,9300391,0.766824345129742,0.251811594202899,276,-0.106887885768724,1
PZA00731.7,1,9300541,0.0870918711215875,0.483695652173913,276,-0.5619081386715,1
PZA03518.1,1,10065344,0.752208670917791,0.0507246376811594,276,0.200119984769401,1
PZA03519.2,1,10065856,0.601738516984252,0.266304347826087,276,0.183581302243814,1
PZA03519.1,1,10066126,0.625089155861328,0.242753623188406,276,-0.17520814547181,1
PZA03520.1,1,10067544,0.758548171964759,0.309782608695652,276,0.110837072864871,1
PZA03520.2,1,10067604,0.693349847534531,0.143115942028985,276,0.19721018823116,1
PZA03520.3,1,10067746,0.739870057801228,0.0307971014492754,276,-0.247457051922581,1
PZA03520.4,1,10067852,0.518886301103967,0.0670289855072464,276,0.372955129947601,1
PZA03521.1,1,10068726,0.201153269772618,0.195652173913043,276,0.516288576265507,1
PZA00106.9,1,10069039,0.549383847816452,0.155797101449275,276,0.284487462130461,1
PZA00106.10,1,10069145,0.86984005845925,0.226449275362319,276,0.0656445088658257,1
PZA03551.1,1,12208400,0.700393107070636,0.47463768115942,276,-0.119762430587412,1
PZA03551.2,1,12208569,0.468365519178782,0.277173913043478,276,0.257615195474524,1
PZA03552.1,1,12209727,0.811235697586776,0.139492753623188,276,0.103498556933452,1
PZA03552.2,1,12209786,0.197326879912558,0.0253623188405797,276,1.08551560687765,1
PZA03557.1,1,12906197,0.210502349706008,0.184782608695652,276,0.449005148942013,1
PZA03558.3,1,12907213,0.79257915827151,0.253623188405797,276,-0.0930398753821002,1
PZA03663.1,1,14463283,0.218893801863452,0.422101449275362,276,-0.394873962449684,1
PZA03663.2,1,14463522,0.825644384482132,0.199275362318841,276,-0.0807245432182403,1
PZA03662.2,1,14464249,0.461526787697584,0.0887681159420289,276,0.40022147458305,1
PZA01497.1,1,14578834,0.104123897151621,0.378623188405797,276,-0.529757722373646,1
PZA01652.1,1,14898863,0.591601439959945,0.278985507246377,276,0.180855242516029,1
PZA02393.2,1,16530875,0.39546144899376,0.485507246376812,276,0.263214697326971,1
PZB00648.4,1,17595070,0.672809948946132,0.0543478260869565,276,0.316088878477206,1
PZB00648.5,1,17595139,0.712552616310788,0.320652173913043,276,-0.11934841846672,1
PZB00648.3,1,17595165,0.565054415793638,0.0235507246376812,276,0.559368519084734,1
PZB00718.1,1,17601375,0.335809971307632,0.469202898550725,276,-0.340709353842033,1
PZB00718.2,1,17601417,0.0482869543718942,0.226449275362319,276,-0.780399878422455,1
PZB00718.6,1,17601517,0.0640134942013305,0.233695652173913,276,-0.695956370330511,1
PZB00718.3,1,17601571,0.562404179436514,0.257246376811594,276,0.210380855185271,1
PZB00718.5,1,17601655,0.159009224622889,0.0615942028985508,276,-1.08830815755595,1
PZA01030.1,1,17680592,0.474119386496382,0.0815217391304348,276,0.401475838802637,1
PZD00035.4,1,17900705,1,0,276,NA,1
PZA00358.12,1,18908016,0.666151119082071,0.344202898550725,276,-0.140805760114185,1
PZA00425.9,1,21457466,0.659852343672278,0.0235507246376812,276,-0.426842342185843,1
PZA00425.11,1,21457474,0.361733992284072,0.492753623188406,276,0.264639185094536,1
PZA00425.4,1,21457569,0.702225525643181,0.48731884057971,276,-0.115669646696083,1
PHM13619.5,1,22281738,0.568069374324065,0.405797101449275,276,0.179343546200559,1
PZA02487.1,1,22601426,0.173130207438337,0.322463768115942,276,0.482142654691674,1
PHM4531.46,1,22918337,0.354432796318681,0.193840579710145,276,-0.34412010962896,1
PZD00096.1,1,23266657,0.632266317790122,0.226449275362319,276,0.186250475686229,1
PZD00097.2,1,23266988,0.839523006430069,0.0326086956521739,276,-0.163322696257938,1
PZD00097.1,1,23267335,0.309264289110368,0.434782608695652,276,-0.312338579861452,1
PZD00098.2,1,23267835,0.919482521580516,0.105072463768116,276,-0.0486219789989076,1
PZD00098.1,1,23267898,0.604866257747525,0.420289855072464,276,-0.184844697058455,1
PZA02921.4,1,25035053,0.0353270302009759,0.41304347826087,276,-0.699489882463798,1
PZA02921.9,1,25035236,0.601751320207949,0.172101449275362,276,-0.214792882164073,1
PZB01957.2,1,26283149,0.181568864400427,0.139492753623188,276,0.687724154225593,1
PZB01957.3,1,26283224,0.721250811259664,0.110507246376812,276,-0.166424416333071,1
PZB01957.1,1,26283293,0.468891621842524,0.0670289855072463,276,0.534822196596245,1
PZA03004.10,1,26449707,0.763282635587507,0.186594202898551,276,0.10963251059644,1
PZA03004.2,1,26449858,0.203592608134231,0.0579710144927537,276,0.84665796327916,1
PZB02515.2,1,28084996,0.275055190136264,0.114130434782609,276,0.45016379201669,1
PZB02515.3,1,28085057,0.44981627718277,0.192028985507246,276,-0.26373339377482,1
PZB02515.1,1,28085224,0.931307790919962,0.481884057971014,276,0.0272828035578245,1
PZB02058.2,1,28526476,0.22019666948189,0.458333333333333,276,0.374315510772329,1
PZB02058.3,1,28526850,0.608154853710753,0.472826086956522,276,0.157997214013689,1
PZA00654.12,1,32583282,0.846175817331899,0.0978260869565217,276,-0.113892187994061,1
PZA00654.10,1,32583345,0.881320619374776,0.0507246376811594,276,-0.0901398967799185,1
PZA02490.1,1,32627736,0.00851637808000303,0.46195652173913,276,-0.808012022154175,0.975598422275903
PZA02806.4,1,34326335,0.709457584775,0.318840579710145,276,-0.138327726375909,1
PZA01455.1,1,34388212,0.957414021671859,0.298913043478261,276,0.0204387887751383,1
PZB01662.3,1,34478962,1,0,276,NA,1
PZB01662.2,1,34479054,0.454073807669506,0.0833333333333333,276,0.378116281771386,1
PZB01662.1,1,34479214,0.646355913777497,0.494565217391304,276,-0.157948231980606,1
PZA02686.1,1,34724095,0.407095684270013,0.101449275362319,276,-0.453845904872847,1
PZA00017.1,1,35620725,0.329469633127221,0.360507246376812,276,-0.332899420572595,1
PZA00017.4,1,35620809,0.71837624163033,0.201086956521739,276,-0.146245032482623,1
PZA00192.7,1,35621803,0.808053065748216,0.213768115942029,276,0.0952281685735792,1
PZA00192.6,1,35621919,0.813449254164514,0.188405797101449,276,-0.0928898267433642,1
PZA03345.2,1,36548480,0.338911321660519,0.0489130434782609,276,0.541771871229326,1
PZA03345.1,1,36548526,0.565255122068892,0.277173913043478,276,-0.179296659966542,1
PZA03345.3,1,36548537,0.399312343699299,0.103260869565217,276,-0.417445752878787,1
PZA03345.5,1,36548621,0.221810523353173,0.108695652173913,276,-0.573680216236444,1
PZA02271.1,1,38607726,0.315430055432622,0.0597826086956522,276,0.677790349599576,1
PZB01440.2,1,40506950,1,0,276,NA,1
PZA00240.6,1,41231748,0.718106902959663,0.46195652173913,276,-0.11774268378372,1
PZA00240.4,1,41231931,0.815869225725991,0.420289855072464,276,-0.075419471092629,1
PHM3726.129,1,41390404,0.172858880961799,0.449275362318841,276,0.468633010950368,1
PZA00274.7,1,41505016,0.377734960105701,0.246376811594203,276,-0.314893676938695,1
PZA00274.14,1,41505211,0.757602111147007,0.320652173913043,276,0.0962837795368985,1
PZA02376.1,1,44506999,0.643103951261303,0.139492753623188,276,0.193678480449056,1
PZA03243.7,1,44531771,0.575445698249241,0.0742753623188406,276,-0.314190752276703,1
PZA03243.3,1,44531888,0.932608735922644,0.414855072463768,276,0.0298980923066754,1
PZA03243.6,1,44532145,0.212559450510186,0.0289855072463768,276,-1.01957963854798,1
PZA03243.4,1,44532279,0.286244922285375,0.264492753623188,276,-0.39765344354939,1
PZA03243.2,1,44532330,0.274669603775112,0.293478260869565,276,-0.45207648554291,1
PZA03742.2,1,44535266,0.1442357286029,0.300724637681159,276,0.588770112536765,1
PZA03742.1,1,44535423,0.243608437797674,0.291666666666667,276,0.478060655001958,1
PZB00033.1,1,44691505,0.251885228767736,0.168478260869565,276,-0.640672872949156,1
PZB02517.1,1,45278871,0.543753202569046,0.23731884057971,276,-0.205962054788634,1
PZA00081.17,1,45675053,0.735890778137978,0.0144927536231884,276,0.406241518455989,1
PZA00081.18,1,45675182,0.146268049185289,0.159420289855073,276,0.747127544744945,1
PZA03183.3,1,46064887,0.936430516976574,0.335144927536232,276,0.0259738614307443,1
PZA03183.4,1,46064981,0.697790125424111,0.25,276,-0.141747109826601,1
PZA03183.2,1,46065083,0.327533596134845,0.186594202898551,276,-0.392064502805068,1
PZA03183.5,1,46065084,0.269862021345295,0.13768115942029,276,0.525839473768136,1
PZB00872.1,1,46255037,0.363855922972247,0.215579710144928,276,0.355125041389441,1
PZB00872.3,1,46255059,0.16498024597347,0.139492753623188,276,0.691276893879108,1
PZD00010.3,1,46810807,0.103860180354148,0.0942028985507246,276,0.711552030669868,1
ts2.3,1,46810810,0.615375094389643,0.0452898550724637,276,-0.398153386617359,1
ts2.4,1,46810918,0.861849918220404,0.297101449275362,276,-0.0595156192587529,1
PZA03100.4,1,47280990,0.910945893324616,0.277173913043478,276,0.0397348264645827,1
PZA03673.2,1,49531663,0.366755094749824,0.201086956521739,276,0.339537293201051,1
PZA03673.1,1,49531723,0.58258750597581,0.213768115942029,276,-0.194639650317078,1
PZA03672.1,1,49533656,0.0494914584738181,0.143115942028985,276,-0.815812299122928,1
PZB02095.3,1,50136980,0.26040380327523,0.0344202898550725,276,-0.742580763250038,1
PZB02095.2,1,50137048,0.820392488478027,0.0253623188405797,276,-0.192725580388455,1
PHM4913.18,1,50197162,0.671215981923841,0.367753623188406,276,0.135695678120992,1
PZA00468.7,1,50197644,0.94026614567846,0.0199275362318841,276,-0.0745124802845721,1
PZA03168.1,1,51514610,0.0554445068275605,0.353260869565217,276,-0.586797556028827,1
PZA03168.5,1,51514741,0.61384758556087,0.0960144927536232,276,-0.271815968535186,1
PZA03168.2,1,51514784,0.299233301255473,0.306159420289855,276,0.32610437233504,1
PZA00617.16,1,53357515,0.553096052991226,0.173913043478261,276,0.217351705658234,1
PZA00617.5,1,53357638,0.722534795832146,0.230072463768116,276,0.122946164365691,1
PZA03746.2,1,53430906,1,0,276,NA,1
PZA03746.5,1,53431019,0.285642924274281,0.0307971014492754,276,-0.884678572780761,1
PZA03746.1,1,53431113,0.871943474669215,0.364130434782609,276,-0.0512447135127747,1
PZA03746.4,1,53431210,0.527320267652436,0.0326086956521739,276,-0.488714095574633,1
PZA02737.1,1,54049220,0.0433162619249251,0.315217391304348,276,-0.633597906034925,1
PZA02550.1,1,55173916,0.567705592264092,0.0996376811594203,276,0.303960478694979,1
PZA02114.1,1,56175806,0.140476732996677,0.0923913043478261,276,1.00152815866154,1
PZB01062.2,1,56846640,0.182434367829413,0.246376811594203,276,0.473635830349382,1
PZB01062.3,1,56846728,0.668561086081885,0.434782608695652,276,-0.133034557730663,1
PZB01062.1,1,56846992,0.949836624733493,0.121376811594203,276,0.0270023765713141,1
PZB01273.3,1,56885616,1,0,276,NA,1
PZB01273.2,1,56885823,0.763746051934496,0.27536231884058,276,0.0957711648353934,1
PZB01273.1,1,56885950,1,0,276,NA,1
PZB01273.4,1,56886064,1,0,276,NA,1
PZA00328.1,1,59647300,0.422366221203106,0.177536231884058,276,0.339112446593417,1
PZA03561.1,1,60212051,0.597325560189266,0.423913043478261,276,-0.158920136237645,1
PZA03561.4,1,60212209,0.555367813660392,0.052536231884058,276,0.537680719648546,1
PZA03561.2,1,60212360,0.775308107901087,0.244565217391304,276,-0.103433904380576,1
PZA00378.9,1,63030387,0.266066065586827,0.157608695652174,276,0.496888154277539,1
PZA00294.20,1,63913289,0.525205170148261,0.161231884057971,276,-0.255665807925348,1
PZA00294.22,1,63913517,0.458512877079931,0.407608695652174,276,-0.232506313705654,1
PZA00294.4,1,63913569,0.396723025567329,0.222826086956522,276,0.30326645635364,1
PZA03189.2,1,64260629,0.307483247152166,0.315217391304348,276,-0.336060095482096,1
PZA03189.3,1,64260661,0.837503677113343,0.168478260869565,276,-0.0832016758543539,1
PZA03189.4,1,64261105,0.773487004290972,0.454710144927536,276,0.0891065522336645,1
PZA03189.1,1,64261162,0.0983398899031113,0.442028985507246,276,0.546591634996192,1
PZA00263.13,1,65108131,0.651026896167096,0.264492753623188,276,0.150495235536745,1
PHM5098.25,1,65825628,0.86432482920967,0.106884057971014,276,0.0772567814103058,1
PZA02791.3,1,68322855,0.0074538362707374,0.313405797101449,276,0.896744701940905,0.975598422275903
PZA02791.6,1,68322875,0.0908032665982973,0.27536231884058,276,0.581791797658302,1
PZA00714.1,1,74579886,0.655172934385473,0.298913043478261,276,-0.139089904538905,1
PZA00714.6,1,74580051,0.025112367285322,0.166666666666667,276,1.04930881020775,1
PZA01267.3,1,76054042,0.175024299508271,0.38768115942029,276,0.430647726995441,1
PZA00752.1,1,80803012,0.357977905430677,0.0978260869565217,276,-0.503009639913842,1
PZA01135.1,1,82563962,0.448194327635706,0.172101449275362,276,0.305965930109226,1
PZA00119.4,1,83595286,0.766127708106302,0.16304347826087,276,0.110867390618507,1
PZA00119.1,1,83595353,0.408233293921307,0.442028985507246,276,-0.253842417569344,1
PZA00593.1,1,87910951,1,0,276,NA,1
PZA00593.2,1,87911166,0.135864144706454,0.00905797101449275,276,2.40642501522143,1
PZB01235.1,1,88380734,0.379059788897685,0.483695652173913,276,0.277679972359986,1
PZB01235.2,1,88380741,0.440114829423327,0.0851449275362319,276,-0.436438378702584,1
PZB01235.3,1,88380847,0.294578181086035,0.0634057971014492,276,0.816469351120798,1
PZB01235.4,1,88380865,0.412648263110391,0.172101449275362,276,-0.34628273914796,1
PZA00692.4,1,88863332,1,0,276,NA,1
PZA03240.1,1,90772226,0.574532602603023,0.472826086956522,276,-0.197802126039944,1
PZA03240.2,1,90772275,0.521849073900613,0.465579710144927,276,0.22025192144082,1
PZA03240.4,1,90772459,0.345670167334372,0.0887681159420289,276,0.502206860528506,1
PZA03240.5,1,90772644,0.223931543590185,0.0489130434782609,276,-0.789728694659086,1
PZA03465.1,1,91279352,0.137601823077071,0.115942028985507,276,0.8230291773476,1
PZA03407.2,1,91391968,0.952103640031422,0.403985507246377,276,-0.020419890674078,1
PZA03407.5,1,91392329,0.648009816087093,0.0507246376811594,276,-0.291455042551093,1
PZA03407.3,1,91392495,0.693273124831962,0.221014492753623,276,-0.149708755879653,1
PZA03407.4,1,91392609,0.976512648694052,0.0543478260869565,276,-0.0195232253162512,1
PZA00944.1,1,91429024,0.596965715432866,0.289855072463768,276,0.179814345254257,1
PZA00944.2,1,91429158,0.0226226767891446,0.119565217391304,276,1.06181325516133,1
PZA00705.1,1,95897136,1,0,276,NA,1
PZA00705.5,1,95897171,1,0,276,NA,1
PHM9418.11,1,96545939,0.964058007459745,0.326086956521739,276,0.0158153834423496,1
PZA02763.1,1,101421538,0.981758574263919,0.414855072463768,276,0.00668886204920471,1
PZA03014.21,1,102663629,0.0963715839072787,0.0307971014492754,276,-1.51925265372914,1
PZA03014.10,1,102663772,1,0,276,NA,1
PZA03014.9,1,102663802,0.390910667165212,0.0543478260869565,276,0.641177128088475,1
PZA00301.3,1,104998371,1,0,276,NA,1
PZA00939.1,1,106026234,0.317847333126393,0.425724637681159,276,0.31011153989547,1
PZA01254.2,1,106204446,0.20218198479596,0.322463768115942,276,-0.422816100861654,1
PZA02070.1,1,114236990,0.903273984987247,0.106884057971015,276,-0.0638700777389474,1
PZA00205.7,1,118507445,0.0743541093961296,0.213768115942029,276,0.664869412398647,1
PZA00010.5,1,119703101,0.467189891607863,0.340579710144928,276,0.237574059540057,1
PZA03086.6,1,123936196,0.243193886484121,0.0597826086956522,276,-0.737864556909575,1
PZB01067.2,1,123936959,0.429627454829497,0.159420289855073,276,-0.325649791379452,1
PZB01067.1,1,123937824,0.0837677251891127,0.0489130434782609,276,-1.13242259253106,1
PZA03394.1,1,137862451,0.554536355151101,0.144927536231884,276,-0.238731551351952,1
PZA02577.1,1,148524993,0.434338775965386,0.344202898550725,276,-0.252508254650584,1
PZA03200.2,1,148694799,0.83343383569021,0.434782608695652,276,0.0659174591962119,1
PZA03200.3,1,148694900,0.286669488373422,0.123188405797101,276,-0.531001783773735,1
PZA03200.1,1,148694930,0.540841887581645,0.425724637681159,276,0.186482295343452,1
PZA03028.5,1,150749370,0.48539352574269,0.0815217391304348,276,-0.330384377378814,1
PZA02741.1,1,161072169,0.843649207222496,0.304347826086957,276,0.0626229666533202,1
PZA00098.14,1,161472433,0.0799369783150458,0.0670289855072464,276,-1.19160187814597,1
PZA00098.12,1,161472477,1,0,276,NA,1
PZA00660.20,1,170342897,0.110010650457438,0.0615942028985507,276,-1.0360302478154,1
PZA02963.4,1,173860693,0.417719623984941,0.0289855072463768,276,0.683431866827,1
PZA02963.5,1,173860756,0.159644040543609,0.0923913043478261,276,0.726564416190785,1
PZB00963.3,1,173861482,0.946784278173586,0.00905797101449275,276,0.100982113851256,1
PZB00963.2,1,173861543,0.874287412288364,0.0688405797101449,276,-0.100381605492438,1
PZB00963.1,1,173861608,0.598868840861615,0.00543478260869568,276,-0.989499536594337,1
PZB00801.1,1,174183331,0.525487036491262,0.340579710144927,276,-0.213535486208917,1
PZA03581.1,1,175157930,0.168625804433071,0.41304347826087,276,-0.43135395545459,1
PZA03581.2,1,175158066,0.896897173114508,0.15036231884058,276,0.0573941159670246,1
PZA03580.2,1,175158899,0.0828732216200909,0.382246376811594,276,-0.537161675605555,1
PZA03580.4,1,175158988,0.953542981209507,0.155797101449275,276,-0.0257300117499488,1
PZA03580.5,1,175159119,0.58586856028497,0.0126811594202899,276,0.716276110940729,1
an1.5,1,175504926,0.859288019785062,0.385869565217391,276,0.0616186038707784,1
PZA03540.1,1,177870650,0.956981775240755,0.0398550724637681,276,0.0512372549667233,1
PZA00455.4,1,179852076,0.576630083939208,0.161231884057971,276,0.235129994861958,1
PZA00484.5,1,180171012,0.407890595225082,0.221014492753623,276,-0.316989402070802,1
PZA00484.6,1,180171048,0.574096780678069,0.0507246376811594,276,-0.339896550643933,1
PZA02191.1,1,182386577,0.957859092608025,0.199275362318841,276,0.02084821257532,1
PZA03112.1,1,182391102,0.707437709249505,0.121376811594203,276,-0.16332536682578,1
PHM1968.22,1,183647544,0.673777138507741,0.304347826086957,276,0.15261842554799,1
PZA00068.1,1,183831590,0.108807951378136,0.277173913043478,276,0.583846959691193,1
PZA03531.1,1,184088942,0.588059104185785,0.0380434782608695,276,-0.596725906547825,1
PZB00149.1,1,188047564,0.00379508454697418,0.222826086956522,276,-1.01235223730155,0.734857357561887
PZB00149.2,1,188047739,0.527263266040798,0.240942028985507,276,-0.229315622698166,1
PZA00544.14,1,188047772,1,0,276,NA,1
PZB00454.2,1,188047850,0.430411263659703,0.121376811594203,276,-0.366405295742599,1
PZB00454.6,1,188048080,0.534673812272692,0.0108695652173914,276,-0.836354316202886,1
PZA00650.8,1,189467910,0.175595362371794,0.0452898550724637,276,0.906536686131023,1
PZD00053.5,1,193887303,0.0896364238431144,0.148550724637681,276,0.697835367061946,1
PZD00053.4,1,193887369,0.457392907470558,0.369565217391304,276,-0.234841544767945,1
PZA00619.3,1,195425179,0.0136131531316846,0.155797101449275,276,1.18424135826858,1
PZA03427.1,1,195589422,0.96497836163199,0.264492753623188,276,-0.0155234540109723,1
PZA03427.2,1,195589541,0.219648689382663,0.25,276,-0.437441678666754,1
PZA02467.10,1,196927608,0.514916071028402,0.329710144927536,276,-0.232936138122263,1
PZA00435.4,1,199755501,0.14254214006124,0.315217391304348,276,0.474041897900125,1
PZA00435.5,1,199755531,0.0841948004846948,0.420289855072464,276,-0.544296427902369,1
PZA03074.24,1,201295597,0.359290026159411,0.159420289855073,276,0.370097572791188,1
PZA03074.27,1,201295773,0.74391191819771,0.192028985507246,276,-0.135315700166146,1
PZA03685.1,1,201677505,0.812857314333707,0.0380434782608696,276,0.17689786175794,1
PZA03686.1,1,201677675,0.917712408449469,0.153985507246377,276,0.0391870958448057,1
PZA03686.2,1,201677764,1,0,276,NA,1
PZB00400.1,1,202132005,0.382249243593151,0.380434782608696,276,-0.277886133003962,1
PZB00393.2,1,202135195,0.299342260969314,0.481884057971015,276,-0.328754008483279,1
PZB01156.3,1,202381257,0.0331818297813064,0.177536231884058,276,-0.885302582442726,1
PZB01077.7,1,202619562,0.520744238504281,0.117753623188406,276,0.305365888320775,1
PZB01077.1,1,202619843,0.0878812558418469,0.434782608695652,276,0.552962078852671,1
PZB01077.3,1,202619995,0.626215626629617,0.242753623188406,276,-0.178683589830692,1
PZB01077.2,1,202620610,0.559507919626171,0.108695652173913,276,0.293264853925725,1
PZA01216.1,1,203035464,0.974146123145411,0.492753623188406,276,-0.0105289355118905,1
PZA00131.14,1,203385274,0.537976367125248,0.166666666666667,276,-0.252150494336134,1
PZA00131.15,1,203385307,0.222335925281716,0.0561594202898551,276,1.05997894529953,1
PZB00991.1,1,203879850,0.792679103591688,0.161231884057971,276,-0.105517675227169,1
PZA01391.1,1,204199305,0.031790318631668,0.123188405797101,276,-1.11817784361322,1
PHM5480.17,1,204199508,0.584350484860375,0.266304347826087,276,0.191840912699449,1
PZB00728.1,1,206168095,0.120411591045859,0.494565217391304,276,0.497275686530025,1
PZB00728.2,1,206168158,0.0186121092828416,0.26268115942029,276,-0.837334431186704,1
PZA03218.1,1,206590338,0.350805286506496,0.398550724637681,276,0.298037282129567,1
PZA03218.2,1,206590497,0.770017566010264,0.135869565217391,276,0.137351218518209,1
PZA01019.1,1,208143724,0.843929619326226,0.463768115942029,276,0.0599782523697152,1
PZA03194.2,1,212244300,0.444192035141322,0.327898550724638,276,-0.245162153344516,1
PZA03194.1,1,212244425,0.0421542635380571,0.422101449275362,276,0.715923907837353,1
PZA03193.3,1,212307127,0.749559590801911,0.114130434782609,276,0.151994784854839,1
PZA03193.1,1,212307274,0.28536418437354,0.472826086956522,276,-0.323619085510267,1
PZA03193.2,1,212307461,0.584637468356888,0.0489130434782609,276,0.544127847197899,1
PZA02014.3,1,212557676,0.722212240049702,0.338768115942029,276,0.12050488954551,1
PZA03276.2,1,213323483,0.287740070452754,0.15036231884058,276,-0.405601722950324,1
PZA03276.4,1,213323513,0.0706465763468856,0.0869565217391304,276,0.933956417709298,1
PZA03276.3,1,213323599,0.997127474012979,0.269927536231884,276,-0.00118551489479035,1
PZA03276.1,1,213323899,0.350132439155306,0.367753623188406,276,-0.289780226456196,1
PZA03265.3,1,214745681,0.32084681233758,0.222826086956522,276,0.37418637706609,1
PZA03265.4,1,214745789,0.658417911842447,0.128623188405797,276,-0.200286018974688,1
PZA03265.2,1,214746095,0.864185641367475,0.141304347826087,276,-0.0704840308930195,1
PZA00289.11,1,215472483,0.989344172128098,0.248188405797101,276,0.00510516796937655,1
PHM6043.19,1,216927159,0.155144675227909,0.106884057971015,276,0.714694224012897,1
PZB02171.1,1,216988578,0.929567551663563,0.295289855072464,276,-0.0290323026996475,1
PZB02171.2,1,216988754,1,0,276,NA,1
PZA03545.1,1,216989434,0.223986224517346,0.0181159420289855,276,-1.29955110266248,1
PZA03741.1,1,216989646,0.377113390122605,0.340579710144928,276,0.27744511956352,1
PZA00369.11,1,219201415,0.130861848579241,0.0289855072463768,276,1.3424944616592,1
PZA00369.1,1,219201506,0.905295974900596,0.139492753623188,276,0.0481299083423274,1
PZA03632.3,1,219400051,0.262489469786041,0.121376811594203,276,-0.520468942692896,1
PZA03632.1,1,219400178,0.460160356792032,0.423913043478261,276,0.232898283261839,1
PZA03632.2,1,219400314,0.518487645199347,0.15036231884058,276,0.269071492337799,1
PZA03631.1,1,219400450,0.174629817367152,0.0742753623188406,276,0.742814869608089,1
PZA03631.2,1,219400526,0.16421670006795,0.0163043478260869,276,-1.50944958981525,1
PZA03630.1,1,219401036,0.272771166723826,0.306159420289855,276,0.371757480627249,1
PZA03630.2,1,219401367,0.837776707233553,0.0869565217391305,276,-0.105334865198689,1
PZA03443.1,1,222014810,0.521099659087729,0.259057971014493,276,0.208666043125936,1
PHM15871.11,1,222427156,0.0322493611941889,0.155797101449275,276,-1.03350727868991,1
PZA02117.1,1,223466480,0.483702037544091,0.432971014492754,276,0.223826031024256,1
PZA00403.5,1,223466873,0.789895323014733,0.340579710144927,276,-0.0904435468232774,1
PZB01979.2,1,224421551,0.4366597889004,0.376811594202899,276,0.242847217633598,1
PZB01979.3,1,224421962,0.0189933745314558,0.293478260869565,276,-0.853146639122785,1
PZA00658.21,1,224518409,0.612665804065045,0.222826086956522,276,0.196762170650194,1
PZA00658.19,1,224518576,0.177749321202833,0.233695652173913,276,-0.486798621718954,1
PHM2478.22,1,226781494,0.657137261995995,0.15036231884058,276,0.204253172213914,1
PZA00664.3,1,227542648,0.405386510691501,0.427536231884058,276,-0.243117323565162,1
umc128.2,1,227602208,0.150862484761802,0.451086956521739,276,0.431686924764344,1
PZA03001.18,1,231037244,0.201841757732011,0.088768115942029,276,0.712342870851699,1
PZA03001.15,1,231037305,0.301800700553878,0.307971014492754,276,0.386578686334151,1
PZA03001.9,1,231037458,0.414470067232138,0.309782608695652,276,-0.306914765505304,1
PZB01647.2,1,231039050,0.894859353452204,0.0434782608695652,276,0.115424857903224,1
PZB01647.1,1,231039372,0.213810042651634,0.302536231884058,276,0.462010640805951,1
PZB00116.3,1,233400962,1,0,276,NA,1
PZB00011.1,1,233401031,0.221523744525143,0.442028985507246,276,0.407631185421971,1
PZB00116.1,1,233401072,0.053167901153622,0.344202898550725,276,0.642886870686178,1
PZB00011.6,1,233401162,0.372643801371232,0.121376811594203,276,-0.411949819684728,1
PZB00116.2,1,233401241,0.216071893290665,0.440217391304348,276,0.411265864070516,1
PZA00381.3,1,237639087,0.360080524375624,0.242753623188406,276,-0.328606867435024,1
id1.9,1,238901790,0.307671858938428,0.0344202898550725,276,-0.824077361014221,1
id1.8,1,238901929,1,0,276,NA,1
id1.6,1,238902012,0.592356575433051,0.228260869565217,276,-0.226419908797886,1
id1.3,1,238902078,0.302222725097229,0.228260869565217,276,-0.425165005251082,1
id1.2,1,238902091,0.53917372703174,0.22463768115942,276,-0.257416035941096,1
PZB02144.4,1,238902135,0.119324662283356,0.246376811594203,276,-0.637454967028429,1
PZB02144.5,1,238902252,0.503378780094405,0.148550724637681,276,-0.304817587317415,1
an1.4,1,240498509,0.656718367964644,0.0833333333333333,276,-0.244093419521802,1
PZB00148.3,1,240498948,0.465030355007838,0.217391304347826,276,-0.276115916854753,1
PZB00425.1,1,240499513,0.313923060475873,0.186594202898551,276,0.419108313056961,1
PZB00237.2,1,240501065,0.545016972281883,0.0797101449275363,276,0.324265995921674,1
PZB00237.1,1,240501138,0.970313089706142,0.219202898550725,276,0.014989981701963,1
PZA03301.2,1,240574247,0.0702266336325622,0.260869565217391,276,0.62096427986516,1
PZA03301.5,1,240574310,0.919588935025169,0.115942028985507,276,-0.0487080962475345,1
PZA03301.3,1,240574367,0.719825265825318,0.157608695652174,276,-0.150934907739321,1
PZA03666.3,1,241424828,0.0487026106774,0.311594202898551,276,0.597916910761474,1
PZA03665.2,1,241430615,0.204701960585494,0.289855072463768,276,-0.42775232314216,1
PZA03664.1,1,241432880,0.73779256167889,0.443840579710145,276,0.0979613296834252,1
PZA03214.3,1,245136244,0.32469782066379,0.155797101449275,276,0.401697706062142,1
PZA03214.2,1,245136273,0.567357660917628,0.226449275362319,276,-0.203875747920979,1
PZA03214.1,1,245136387,0.644029395578488,0.353260869565217,276,0.141890942625484,1
PZA00137.2,1,247821390,0.264180138953525,0.380434782608696,276,0.367944092932268,1
PZA03064.6,1,248503298,0.815568934979013,0.33695652173913,276,-0.0700045576384296,1
PZA03404.1,1,249259485,0.826724556800073,0.432971014492754,276,-0.0656042921238316,1
PHM16605.19,1,251142538,0.908944955077096,0.153985507246377,276,0.0458058942383026,1
PZA00411.1,1,251196990,0.449831841758623,0.0380434782608696,276,0.615421740113535,1
PZA02269.4,1,252721946,0.678649035975203,0.242753623188406,276,-0.149376356687823,1
PZA02269.3,1,252722026,0.852650775709488,0.300724637681159,276,-0.0607536225399281,1
PZA00318.2,1,255148812,0.666149310684041,0.184782608695652,276,0.169408640875318,1
PZA00318.5,1,255148947,0.894836770301002,0.114130434782609,276,0.0550784375175667,1
PZA03387.1,1,255487200,0.480866700914045,0.313405797101449,276,0.213666315543928,1
PHM14475.7,1,256245118,0.796596307151013,0.496376811594203,276,0.0727287310752338,1
PZA03434.1,1,257050459,1,0,276,NA,1
PZA01588.1,1,258495441,0.280827002264672,0.5,276,-0.345072965145046,1
PZA00339.3,1,260297200,0.667430743756893,0.344202898550725,276,-0.133792162992314,1
PZA00094.2,1,260688178,0.0340174413886133,0.251811594202899,276,-0.749124248992634,1
PZB02476.1,1,261275414,0.586085751253766,0.125,276,0.254187562126418,1
PZB02476.2,1,261275857,0.609103546503583,0.00724637681159424,276,-0.877569688998733,1
PZA01921.19,1,261313982,0.506860077564253,0.260869565217391,276,-0.238069161394601,1
PZA00709.19,1,261859081,0.292272684497271,0.38768115942029,276,-0.31583382364968,1
PZA02985.5,1,262339533,0.226990389441341,0.445652173913043,276,-0.405654260503477,1
PZA03457.1,1,262715518,0.791674979250066,0.295289855072464,276,0.108620234877928,1
PZA00013.8,1,263276112,0.713097657772172,0.333333333333333,276,0.124218358428001,1
PZA00013.9,1,263276335,0.89012614130751,0.327898550724638,276,-0.0472376657077451,1
PZA03392.2,1,263337129,0.345605268478718,0.0960144927536232,276,0.525478146585594,1
PZA03392.1,1,263337243,0.448850496057817,0.235507246376812,276,0.28149264645771,1
PZA00356.8,1,263637986,0.847799855280179,0.0507246376811594,276,-0.140646795279035,1
tb1.1,1,264847299,1,0,276,NA,1
tb1.3,1,264847349,1,0,276,NA,1
tb1.20,1,264847406,0.515156279214751,0.103260869565217,276,-0.325359764156763,1
tb1.19,1,264847429,0.601156256786839,0.117753623188406,276,-0.252385590768343,1
tb1.18,1,264847469,0.568503303114779,0.119565217391304,276,0.273707738142487,1
tb1.17,1,264847517,0.674678781442462,0.0108695652173914,276,-0.547060185273949,1
tb1.15,1,264847721,0.715493945498805,0.376811594202899,276,0.106269449477764,1
tb1.14,1,264847950,0.596910815606116,0.123188405797101,276,-0.243755995669962,1
tb1.13,1,264847982,0.50678235477105,0.166666666666667,276,0.282556757038621,1
tb1.12,1,264847985,0.937728543773997,0.108695652173913,276,-0.0424820171512419,1
tb1.11,1,264848126,0.0679617403640316,0.0398550724637681,276,1.52491651057794,1
tb1.8,1,264848659,0.220922862512586,0.0326086956521739,276,-1.08553399136053,1
tb1.5,1,264849536,0.131277356245991,0.0471014492753623,276,1.09684042417444,1
PZD00083.4,1,264855731,0.298483165230131,0.0905797101449275,276,0.552388217162584,1
PZD00083.3,1,264856041,0.2253822639191,0.125,276,-0.609479711165672,1
PZD00083.2,1,264856106,0.2454936539513,0.0851449275362319,276,0.641059028166129,1
d8.1,1,265199563,0.345340964668302,0.313405797101449,276,-0.359101334503982,1
d8.2,1,265199818,0.393007284085529,0.199275362318841,276,-0.397928581867109,1
d8.3,1,265199938,0.741796714062562,0.306159420289855,276,-0.176996073911461,1
PZB00226.1,1,265201499,0.978523015185001,0.141304347826087,276,-0.012144987847921,1
PZB01725.2,1,266953775,0.691793509490938,0.226449275362319,276,-0.136458510842278,1
PZB01725.1,1,266954041,0.673793757403833,0.425724637681159,276,-0.130950381406616,1
PZB01728.5,1,266955761,0.500541950742655,0.0344202898550725,276,-0.657555458237681,1
PZB01728.6,1,266955990,0.297136445866098,0.172101449275362,276,0.398405944692523,1
PZB01728.7,1,266956231,0.736616088952168,0.188405797101449,276,0.121672632410628,1
PZA02812.43,1,267615478,0.241406287662017,0.268115942028985,276,0.412222326242961,1
PZA02812.34,1,267615649,0.357465743348238,0.284420289855073,276,0.325361797396531,1
PZA00364.2,1,268082543,0.660159916030478,0.21195652173913,276,0.164303464559755,1
PZA00364.5,1,268082607,0.251294078989866,0.177536231884058,276,-0.467098895448404,1
PZB00083.1,1,268369569,0.876581266235221,0.286231884057971,276,-0.0543292315602988,1
PZB00083.3,1,268369718,0.76976307299928,0.170289855072464,276,-0.127873237426996,1
PZB00895.4,1,268369850,0.409188123295707,0.0507246376811594,276,-0.551134065950151,1
PZB00895.3,1,268369942,0.633640030150021,0.108695652173913,276,0.244139601786108,1
PZB00895.1,1,268370364,0.704636826604841,0.255434782608696,276,0.14999146566737,1
PZB00895.2,1,268370415,0.916125878965344,0.376811594202899,276,-0.0348338011024785,1
PZB00008.1,1,268371949,0.364258686889579,0.307971014492754,276,0.450090725637932,1
PZB00063.1,1,268373103,1,0,276,NA,1
PZB00063.6,1,268373267,0.540990923954163,0.110507246376812,276,0.330718134629927,1
PZB00063.2,1,268373269,0.160954895020193,0.126811594202899,276,-0.643235786367499,1
PZB00176.5,1,268373293,0.186513153860388,0.0688405797101449,276,-0.7662343226781,1
PZB00063.3,1,268373339,0.941570553359785,0.346014492753623,276,-0.0254654442905506,1
PZB00063.4,1,268373504,0.251423014754897,0.496376811594203,276,0.38666803823974,1
PZB00063.5,1,268373562,0.359901186595929,0.385869565217391,276,-0.318324439640675,1
PZA02278.1,1,270002291,0.432878869847362,0.201086956521739,276,0.355361287167425,1
PZB01427.4,1,270364551,0.83258284917204,0.155797101449275,276,0.092400619508865,1
PZB01427.5,1,270364633,0.0904294574910182,0.0579710144927537,276,0.969675920641823,1
PZA02698.3,1,272318990,0.617821956876085,0.208333333333333,276,0.220661462649675,1
PZA00698.4,1,273531917,0.474144886806026,0.101449275362319,276,-0.338080775847754,1
PZA02520.1,1,275190900,0.118670547860516,0.259057971014493,276,-0.59659856168574,1
PZB00068.1,1,275982031,0.725936828973168,0.41304347826087,276,-0.111822764068539,1
PZB00184.2,1,275983349,1,0,276,NA,1
PZB00184.1,1,275983520,1,0,276,NA,1
PZB00018.4,1,275983631,0.597719374691547,0.40036231884058,276,0.171713193358223,1
PZB00018.3,1,275983798,0.318928061645928,0.0851449275362319,276,0.535043756373021,1
PZB00178.2,1,275983912,0.976695465663502,0.297101449275362,276,0.00995294075579789,1
PZD00039.4,1,276320129,0.448488116849531,0.16304347826087,276,-0.301932433771757,1
PZD00039.2,1,276320365,0.70460460868889,0.273550724637681,276,0.131896784056249,1
PZD00039.3,1,276321097,0.844734549358398,0.186594202898551,276,-0.0738359308009267,1
PZA01978.23,1,276645374,0.983810166528665,0.429347826086957,276,-0.00655319183234537,1
PZA02204.1,1,278690966,0.552577578617574,0.445652173913043,276,0.183388703251125,1
PZA00610.15,1,280215046,0.842854513576907,0.123188405797101,276,-0.0892775788067555,1
PZA00610.9,1,280215196,0.512336418961768,0.139492753623188,276,0.267839285419902,1
PZA03188.2,1,280719532,0.172865015325671,0.403985507246377,276,-0.448207663846584,1
PZA03188.1,1,280719719,0.875537833258843,0.376811594202899,276,0.0504804619345998,1
PZA03188.3,1,280719787,0.286555389822933,0.277173913043478,276,0.376646688881377,1
PZA03188.4,1,280719882,0.779827202311824,0.282608695652174,276,-0.103775535930795,1
PZA02957.4,1,281818425,0.258390625283294,0.146739130434783,276,0.451088032336719,1
PZA03020.8,1,282044048,0.53466706910006,0.297101449275362,276,0.209182378652439,1
PZA00245.16,1,284407357,0.541347261502835,0.28804347826087,276,-0.209439670206533,1
PZA00245.14,1,284407382,0.943561372115038,0.0344202898550725,276,-0.0562050594799928,1
PHM18705.23,1,284564734,0.119596044839391,0.389492753623188,276,-0.545315581911841,1
PZB01403.2,1,285273545,0.333049819029033,0.0905797101449275,276,0.528022697051226,1
PZB01403.5,1,285273773,0.811165319729696,0.0471014492753623,276,0.199546046723231,1
PZB01403.1,1,285273845,0.0356345198905076,0.411231884057971,276,0.659508980196799,1
PZB01403.3,1,285273907,0.210955776996906,0.0670289855072464,276,-0.728814039147632,1
PZB01403.4,1,285274032,0.609078568384812,0.0634057971014492,276,-0.325414319141215,1
PZB01400.1,1,285364096,0.995608616842094,0.144927536231884,276,0.00221766004558432,1
PZB01400.5,1,285364179,0.507210779586695,0.126811594202899,276,-0.289507133231515,1
PZB01400.3,1,285364244,0.418136451014042,0.0307971014492754,276,0.641454159052902,1
PZB01400.4,1,285364382,0.50198798464005,0.0289855072463768,276,0.541801612348603,1
PZB01400.2,1,285364454,0.34698224629883,0.0452898550724637,276,-0.681865850519749,1
PZB01394.1,1,285421542,0.260298846338645,0.195652173913043,276,-0.408784649523173,1
PZB01394.4,1,285421736,0.353425719040324,0.235507246376812,276,0.332524511067253,1
PZB01394.2,1,285421905,0.676277725422489,0.402173913043478,276,-0.131398279691182,1
PZA00894.7,1,285891340,0.434412761139496,0.322463768115942,276,-0.270784083147747,1
PZA03037.8,1,285977254,0.791493262661876,0.110507246376812,276,-0.123059450344787,1
PZA03037.3,1,285977341,0.579035791140236,0.11231884057971,276,0.262616651008349,1
PZA03037.2,1,285977386,0.441618811174437,0.476449275362319,276,0.249454535706467,1
PZB00119.1,1,286269951,0.0842099654838814,0.443840579710145,276,0.558018780531393,1
PZB00119.3,1,286270485,0.493893973516622,0.235507246376812,276,0.259766633275958,1
PZB02440.1,1,286271514,0.139320384305273,0.161231884057971,276,0.671965523469254,1
PZB02513.3,1,286271692,0.976431870553792,0.170289855072464,276,-0.011365762910545,1
PZB02513.1,1,286271849,0.596942800245968,0.300724637681159,276,0.194631867826318,1
PZB02513.4,1,286272166,0.997111577498738,0.0670289855072463,276,-0.00223225375874136,1
PZA03305.3,1,286642520,0.116631290904692,0.289855072463768,276,-0.561771579024711,1
PZA03305.1,1,286642578,0.639769190665675,0.311594202898551,276,0.163509967856686,1
PZA03305.4,1,286642691,0.365068117486026,0.0144927536231884,276,-1.21585411148342,1
PZA03305.7,1,286642715,0.910121720505093,0.364130434782609,276,-0.0414016583255647,1
PZA03305.5,1,286642725,0.292154723788239,0.340579710144927,276,-0.385320793472653,1
PZA03305.2,1,286642765,0.261779041662594,0.347826086956522,276,-0.366898603404289,1
PZA03076.10,1,287175779,0.270711976417288,0.378623188405797,276,-0.399341179645258,1
PZA03111.2,1,287179850,0.301873150755353,0.202898550724638,276,-0.38228624718816,1
PZA02837.5,1,287641039,0.696500358505586,0.405797101449275,276,-0.130482803172761,1
PZA02837.6,1,287641051,0.909793582223836,0.471014492753623,276,-0.0366936360218593,1
PZB01226.1,1,288439770,0.55942141933114,0.0235507246376812,276,-0.551702167956225,1
PZB01227.3,1,288441116,0.956938813859568,0.192028985507246,276,0.0219968232817056,1
PZB01227.1,1,288441342,0.107788824308772,0.438405797101449,276,-0.526858326411704,1
PZA03556.2,1,290049345,0.0862642806196567,0.489130434782609,276,0.54347566781594,1
PZA03556.3,1,290049468,0.107068564346535,0.442028985507246,276,-0.481930437559061,1
PZA00520.4,1,290199645,0.506347409593773,0.101449275362319,276,-0.330438158863622,1
PZA02044.1,1,290807362,0.257337698456623,0.221014492753623,276,-0.433033443810032,1
PZB02502.3,1,291031959,1,0,276,NA,1
PZB02502.5,1,291032046,0.963511675284428,0.0815217391304348,276,-0.0228498666401821,1
PZB02502.2,1,291032289,0.865901494609789,0.0634057971014493,276,-0.104461770809041,1
PZB02502.1,1,291032576,0.171050232486192,0.447463768115942,276,-0.402128307302729,1
PZA00385.1,1,291738801,0.166710242343892,0.358695652173913,276,-0.456066366803428,1
PZA00385.3,1,291738809,0.320495839078748,0.204710144927536,276,-0.409161613650002,1
PZD00069.3,1,291833188,0.258876202468476,0.11231884057971,276,-0.527958908226964,1
PZD00069.5,1,291833767,0.0835362703275461,0.0634057971014492,276,0.992279882632737,1
PZD00069.4,1,291834351,0.0873693531489747,0.164855072463768,276,-0.644498623499549,1
PZA00307.12,1,291983606,0.163380391166681,0.0452898550724638,276,-1.06909729731903,1
PZA00307.14,1,291983663,0.0549634273282609,0.40036231884058,276,-0.608434814980121,1
PZA00276.18,1,292092865,0.7294498762388,0.175724637681159,276,-0.12913833082006,1
PZA00991.2,1,292560595,0.653243324380127,0.192028985507246,276,-0.198678234771222,1
PZA00235.6,1,292728854,0.922153438839658,0.217391304347826,276,-0.036054735220849,1
PZA00235.8,1,292728923,0.929041715862816,0.141304347826087,276,-0.0397127312270618,1
PZA00623.3,1,293632633,0.0936715259502407,0.123188405797101,276,0.838438215320292,1
PZA00623.2,1,293632755,0.950162290827258,0.373188405797101,276,-0.0196751261567423,1
PZA00623.1,1,293632805,0.658718010893151,0.463768115942029,276,-0.143506590550381,1
PZA02359.10,1,293907804,0.465824113492137,0.465579710144928,276,0.228255416135316,1
PHM9807.9,1,294311411,0.6846209103465,0.168478260869565,276,0.174040435765892,1
PZA01238.2,1,294333956,0.836077317902427,0.38768115942029,276,0.0678014503612814,1
PZA01068.1,1,294472124,0.177932609252423,0.351449275362319,276,-0.434966756133628,1
PZA00343.26,1,294646173,1,0,276,NA,1
PZA00343.31,1,294646235,0.485269037021554,0.375,276,-0.224219119018952,1
PZA00343.11,1,294646407,0.463054166171525,0.192028985507246,276,-0.25755487088126,1
PZA00703.1,1,294674358,0.384819279412859,0.447463768115942,276,-0.279724108647223,1
PZA03018.9,1,294904680,0.338596810923556,0.0760869565217391,276,0.568033303954866,1
PHM1275.22,1,294904743,0.441229782597564,0.317028985507246,276,0.244690484848961,1
PZA03018.16,1,294904764,0.816112902520105,0.289855072463768,276,-0.0800666174416618,1
PZA00243.24,1,295770969,0.75757320538762,0.326086956521739,276,0.109025238416038,1
PZA00243.1,1,295771060,0.692585299451527,0.409420289855073,276,-0.132298633601761,1
PZA00243.25,1,295771335,0.644268018117315,0.134057971014493,276,-0.221403486506548,1
PZA00856.2,1,295785198,0.884548768709695,0.331521739130435,276,0.0451397286840418,1
PZA01807.1,1,297315711,0.032767255718455,0.253623188405797,276,-0.831797299283448,1
PZA00432.4,1,297570924,0.129119593111983,0.458333333333333,276,0.472811979689638,1
PZA00477.5,1,298082468,0.412691807268607,0.282608695652174,276,0.284969681590912,1
PHM7616.35,1,298082534,0.270858376990354,0.260869565217391,276,0.39928165602674,1
PZB01937.1,1,298412935,0.466453590848332,0.271739130434783,276,-0.238726675873126,1
PZA00230.5,1,298412984,0.743312755065678,0.155797101449275,276,-0.137457369668983,1
PZB01937.2,1,298413091,0.308596462542387,0.115942028985507,276,0.494147673880646,1
PZB01937.3,1,298413352,0.0843676163557585,0.125,276,-0.761467232319722,1
PZA00506.2,1,299170077,0.278900776695277,0.0615942028985508,276,0.715320357379305,1
PZA03310.3,2,736367,1,0,276,NA,1
PZA03310.2,2,736559,0.160140345629218,0.0199275362318841,276,-1.55444150468633,1
PZA00680.1,2,1081781,0.458405618697407,0.0923913043478261,276,-0.398233082240456,1
PZA00680.3,2,1081791,0.863941048104689,0.329710144927536,276,-0.0543509963049083,1
PZA00732.5,2,1174310,0.897415170867645,0.0869565217391305,276,0.0646721307549303,1
PZA00732.2,2,1174438,0.370552304527005,0.184782608695652,276,0.338137069958303,1
PHM5817.15,2,1220908,0.109313957586381,0.375,276,0.512434604410505,1
PZA00365.3,2,1221350,0.709858945650076,0.452898550724638,276,-0.119037726394099,1
PZA00365.2,2,1221385,0.635636580183199,0.407608695652174,276,-0.153678414776719,1
PZB02366.2,2,2483775,0.951592813998977,0.121376811594203,276,-0.0280122620279188,1
PZA02133.10,2,2483787,0.952825614504469,0.318840579710145,276,0.0195375096206829,1
PHM1511.14,2,2483836,0.884914731152049,0.353260869565217,276,0.0448297392124983,1
PZB02366.1,2,2483916,0.680257641233336,0.0471014492753623,276,0.265716508352529,1
PZB02366.3,2,2483998,0.785352448415661,0.0271739130434783,276,-0.343043331593336,1
PZA00525.16,2,2527199,0.372351461171313,0.13768115942029,276,-0.377671477049983,1
PZA00525.2,2,2527379,0.49150383676587,0.380434782608696,276,-0.210970646769947,1
PZA00525.17,2,2527442,0.092892104768655,0.280797101449275,276,0.620516061524587,1
PZA02175.1,2,2793372,0.616408850048582,0.306159420289855,276,0.159873513732641,1
PZA02681.8,2,2795242,0.723531443588739,0.380434782608696,276,-0.122802993769987,1
PZB02145.4,2,3173134,0.23539800454739,0.0108695652173913,276,1.64209275556396,1
PZB02145.2,2,3173329,0.921800411895331,0.442028985507246,276,0.0290202324351905,1
PZB02145.1,2,3173529,0.513211375314032,0.427536231884058,276,0.213191540086294,1
PZB01233.6,2,3376157,0.509945140468687,0.0615942028985507,276,0.441628939229636,1
PZA00172.11,2,4177434,0.283320700253719,0.0851449275362319,276,-0.608718225654155,1
PZA00172.12,2,4177515,0.887825383028805,0.295289855072464,276,-0.0478408827399521,1
PZA00613.21,2,4180573,0.397931688598309,0.0688405797101449,276,-0.530519271308766,1
PZA00613.20,2,4180603,0.934164561248277,0.0652173913043478,276,0.0550565856726266,1
PZA00613.22,2,4180789,0.613421874115284,0.335144927536232,276,0.17795201062666,1
PZA00396.9,2,4679573,0.344988858139684,0.436594202898551,276,0.331960489501288,1
PZA00396.10,2,4679610,0.803225661870804,0.364130434782609,276,0.0895738617981872,1
PZB02518.1,2,5058124,0.0845213982574537,0.449275362318841,276,-0.549003216821515,1
PZA00200.8,2,5821096,0.676241766181346,0.442028985507246,276,0.128635304735504,1
PZA00200.9,2,5821159,0.51215508573628,0.0778985507246377,276,0.368507284608975,1
PZA02081.1,2,5923120,0.925998730372973,0.168478260869565,276,-0.0515202832405297,1
PZA00237.6,2,6041279,0.263519698216702,0.208333333333333,276,-0.402950843956089,1
PZA00237.2,2,6041506,0.284475380755474,0.226449275362319,276,-0.446408849851955,1
PZA00628.7,2,6425970,0.273403829891083,0.371376811594203,276,-0.345961556557609,1
PZA01935.10,2,6470320,0.431658815736012,0.347826086956522,276,0.283967106119132,1
PZA03747.7,2,7473076,0.26979239900739,0.0507246376811594,276,0.804851674218446,1
PZA03747.4,2,7473327,0.461959357848919,0.143115942028986,276,0.316908389127098,1
PZA03747.2,2,7473491,0.602908467856753,0.255434782608696,276,0.185203511270226,1
PZA03747.1,2,7473644,0.49479308625768,0.271739130434783,276,-0.273602450621164,1
PZA03747.5,2,7473868,1,0,276,NA,1
PZA03748.2,2,7480688,0.910033682732984,0.170289855072464,276,-0.0432398617915281,1
PZA03748.3,2,7480880,0.922649075759191,0.297101449275362,276,0.03297378034428,1
PZA03748.4,2,7481006,0.299277494985839,0.0615942028985508,276,-0.73635238194435,1
PZA03748.1,2,7481079,0.756770653076477,0.199275362318841,276,0.11985404231101,1
PZA03701.1,2,7481522,0.82153117367699,0.471014492753623,276,0.0732344207224664,1
PZA03700.3,2,7482182,0.883203883553646,0.0634057971014492,276,0.102288759300137,1
PZA03700.2,2,7482369,0.256242758287503,0.157608695652174,276,0.528048117472719,1
PZA03699.1,2,7482709,0.133839682025755,0.21195652173913,276,0.616656274368585,1
PZB00108.2,2,9400242,0.164364990499646,0.190217391304348,276,-0.794027867848057,1
PZB00108.4,2,9400477,0.731119260841394,0.358695652173913,276,0.112989270873627,1
PZB00517.4,2,9400593,0.196896124940702,0.0235507246376812,276,1.33438263118831,1
PZB00517.2,2,9400673,0.785809988788595,0.438405797101449,276,0.0869936016498674,1
PZB00901.7,2,9400770,0.539060069100978,0.0380434782608695,276,-0.643870683553843,1
PZB00901.4,2,9401003,0.926418238468544,0.405797101449275,276,0.0306641541015678,1
PZB00089.3,2,9401124,0.335067693361458,0.219202898550725,276,0.396681033112194,1
PZB00901.6,2,9401212,0.896535802697005,0.233695652173913,276,-0.0476764447917777,1
PZB00089.2,2,9401239,0.419104976382263,0.407608695652174,276,-0.258978912489428,1
PZB00901.3,2,9401316,0.840024018877409,0.365942028985507,276,0.0680133486317833,1
PZB00901.5,2,9401336,0.339334487242529,0.326086956521739,276,0.304648985369302,1
PZA02272.3,2,9917183,0.920274989478518,0.353260869565217,276,-0.0326461587966806,1
PZA00620.3,2,10429405,0.996096589577689,0.442028985507246,276,0.00148101864716277,1
PZA00620.2,2,10429605,0.834102652078833,0.38768115942029,276,0.0664607419849468,1
PZA00176.8,2,10533421,0.394442887151318,0.304347826086957,276,0.292823636837322,1
PZA03336.3,2,11193471,0.129074403551642,0.21195652173913,276,0.528532437789103,1
PZA00259.1,2,11678938,0.646004069354708,0.425724637681159,276,-0.201112714642887,1
PZA00008.1,2,11924901,0.387961171254703,0.135869565217391,276,0.375911893876881,1
PZB00219.1,2,12543294,0.208985752065443,0.313405797101449,276,-0.423956857057103,1
PZB00219.3,2,12543497,1,0,276,NA,1
PZB00219.2,2,12543545,0.995368956042316,0.0615942028985507,276,0.00385781183626044,1
zfl2.3,2,12544637,0.324203453971427,0.498188405797101,276,0.298341457032044,1
zfl2.9,2,12544790,0.198629676544036,0.172101449275362,276,-0.602004236560524,1
PZA03136.4,2,13199808,0.769302713699162,0.0923913043478261,276,-0.151851092749606,1
PZA03210.1,2,13242487,0.0253533640562029,0.226449275362319,276,-1.0658621798731,1
PZA00108.12,2,13779884,0.0362544324930723,0.108695652173913,276,-1.02021465378858,1
PZA00108.4,2,13779970,0.771799701630605,0.460144927536232,276,0.0896307385067527,1
PZA01753.1,2,14751136,0.318714757754411,0.188405797101449,276,0.442866829069952,1
PZA03559.2,2,15810122,0.381621591694928,0.0326086956521739,276,1.0664680820389,1
PZA03559.1,2,15810363,0.0977450607371002,0.427536231884058,276,-0.503335195741497,1
PZA00459.5,2,17015152,0.0516174454390632,0.38768115942029,276,-0.582591417056995,1
PZA02814.2,2,17268906,0.0167875522584741,0.467391304347826,276,-0.743408374515018,1
PZA03442.1,2,18125201,0.273956727607172,0.143115942028985,276,0.473703609438865,1
PZA00497.4,2,19837491,0.593675131482507,0.26268115942029,276,-0.185479546752968,1
PZA00497.1,2,19837545,0.692594599005893,0.295289855072464,276,0.143686942970648,1
PZA03228.2,2,20042233,0.98606160481626,0.144927536231884,276,0.00784128379130422,1
PZA03228.3,2,20042386,0.268562927146028,0.322463768115942,276,0.365355999762721,1
PZA03228.4,2,20042412,0.664718640911409,0.197463768115942,276,0.219667661755843,1
PZB00793.1,2,20722170,0.458841124452715,0.456521739130435,276,-0.222717229842872,1
PZB00793.2,2,20722655,0.743608883696378,0.269927536231884,276,0.112892846204794,1
PZB02020.3,2,20954147,0.277901827016505,0.016304347826087,276,1.29859548395604,1
PZB02020.2,2,20954874,1,0,276,NA,1
PZB02017.1,2,20958246,0.878510211990619,0.231884057971015,276,0.0603558257993555,1
PZB02017.2,2,20958307,0.961053611383188,0.103260869565217,276,0.0227378065483501,1
PZB02017.5,2,20958456,1,0,276,NA,1
PZB02017.4,2,20958530,0.634035174555261,0.0126811594202898,276,-0.597824086804472,1
PZB02017.3,2,20958616,0.093537045258289,0.106884057971014,276,-0.78647334841353,1
PZA00349.3,2,21201165,0.725117778932335,0.052536231884058,276,-0.221931176320544,1
PZA03635.1,2,21202350,0.821539842831885,0.233695652173913,276,0.0880730118649584,1
PZA03634.2,2,21203177,0.292921923191908,0.0471014492753623,276,0.812897653944926,1
PZA03634.1,2,21203230,0.989713757779686,0.26268115942029,276,-0.00495274919185418,1
PZA03633.1,2,21203782,0.898345679378516,0.00905797101449279,276,-0.19276993939414,1
PZA00590.1,2,21991242,0.0958302947234851,0.233695652173913,276,0.634488354235799,1
PZA01879.1,2,22196255,0.809798441923187,0.130434782608696,276,-0.104765174695093,1
PZA00471.2,2,22429044,0.243154694330752,0.155797101449275,276,-0.520445277212467,1
PZA00471.1,2,22429119,0.24246344585655,0.11231884057971,276,0.577173229001611,1
PZA03350.1,2,22805046,0.518192935906577,0.0163043478260869,276,-0.72700312680913,1
PZB02167.2,2,22805327,0.428868344459959,0.0489130434782609,276,0.540545071167728,1
PZB02167.1,2,22805742,0.74013943361031,0.0670289855072464,276,-0.201835897483968,1
PZB02194.1,2,22808653,0.905286388847321,0.355072463768116,276,0.0390967067069559,1
PZA00102.8,2,24893433,0.359067769719756,0.0996376811594203,276,-0.416975386946285,1
PZA00102.6,2,24893463,0.355696559914106,0.117753623188406,276,0.414245021060197,1
PZA01755.1,2,25230561,0.703079331900949,0.385869565217391,276,0.125006465943517,1
PZA03642.1,2,25924769,0.0929746815856822,0.125,276,-0.820908971681177,1
abph1.20,2,27403404,0.458003506796088,0.233695652173913,276,0.277357701715934,1
abph1.19,2,27403428,0.666375889129598,0.0815217391304348,276,0.284207003819171,1
PZB02035.2,2,27403490,0.289758931194179,0.168478260869565,276,-0.418709383694633,1
PZB02035.3,2,27403594,0.447758766452223,0.259057971014493,276,-0.273772062545303,1
PZB02035.4,2,27403660,0.119800268308173,0.190217391304348,276,0.584828480858677,1
PZB02035.1,2,27403823,0.0354021885011659,0.280797101449275,276,-0.71961923351112,1
abph1.22,2,27403892,1,0,276,NA,1
abph1.15,2,27403986,0.997239684283433,0.472826086956522,276,-0.00110626121089274,1
abph1.10,2,27404108,0.140196535511643,0.342391304347826,276,-0.518452054741458,1
abph1.9,2,27404126,0.0578585031943189,0.300724637681159,276,0.689592666399646,1
abph1.5,2,27404261,0.661948348858285,0.0905797101449275,276,-0.242551812788495,1
abph1.3,2,27404343,0.805404582000844,0.157608695652174,276,-0.103502940949515,1
abph1.1,2,27404419,0.830443810026363,0.188405797101449,276,0.0877463910664922,1
PZA03568.1,2,27790383,0.857818756687569,0.141304347826087,276,-0.0919590038679836,1
PZA03568.2,2,27790401,0.810032055770064,0.21195652173913,276,0.0979238988996045,1
PZA03568.3,2,27790566,0.613658562574596,0.0851449275362319,276,-0.280919177939618,1
PZA03567.1,2,27791160,0.486271700004246,0.175724637681159,276,0.280575698736027,1
PZA01374.1,2,28316042,0.0225674962945838,0.0923913043478261,276,1.53893171693453,1
PZA03121.2,2,29977973,0.918368219543819,0.186594202898551,276,0.0391144746479517,1
PZA01336.1,2,31394426,0.19287789367925,0.259057971014493,276,-0.470030695240413,1
PZA03319.1,2,31946302,0.117583245708438,0.347826086956522,276,-0.487268269094948,1
PZB02523.1,2,32949215,0.0819273149349589,0.177536231884058,276,0.798404474539081,1
PZA00061.1,2,33824834,0.826214144199745,0.375,276,0.0700328545827049,1
PZA02378.7,2,35040818,0.570812484982606,0.394927536231884,276,-0.183322663014786,1
PZB00257.1,2,35753260,0.914351377160235,0.0543478260869565,276,-0.0654400954780003,1
PZA02793.33,2,36943058,0.497754183702683,0.175724637681159,276,-0.263741366207512,1
PZA03328.6,2,37328085,0.69053299968246,0.166666666666667,276,0.150734839954212,1
PZA03328.4,2,37328160,0.976518215073886,0.152173913043478,276,-0.0119401699995353,1
PZA03328.2,2,37328339,0.449259424261808,0.123188405797101,276,-0.333310577427523,1
PZA03328.7,2,37328362,0.300038414662806,0.103260869565217,276,-0.493346250804207,1
PZA03328.3,2,37328439,0.638256845392721,0.143115942028986,276,-0.201697657920797,1
PZA00730.2,2,38352327,0.157834939545003,0.134057971014493,276,-0.585878257220467,1
PZB01230.2,2,39040619,0.56611570848207,0.425724637681159,276,0.171341012362857,1
PZB01230.1,2,39040641,0.978315033525519,0.128623188405797,276,-0.0116723809065888,1
PZB01230.5,2,39040780,0.66824964357309,0.152173913043478,276,0.176145826394602,1
PZB01231.4,2,39041029,0.57136902881328,0.255434782608696,276,0.219148698542419,1
PZB01231.1,2,39041048,0.770952055718148,0.353260869565217,276,0.0928462433651436,1
PZB01231.2,2,39041117,0.198922806065831,0.210144927536232,276,-0.46438796876907,1
PZB01231.3,2,39041317,0.683946154688887,0.367753623188406,276,0.134766808557444,1
PHM10404.8,2,40967991,0.282663572641037,0.472826086956522,276,0.329067965441288,1
PZA03233.3,2,41493308,1,0,276,NA,1
PZA03233.1,2,41493380,0.495813030697428,0.22463768115942,276,-0.227924434628451,1
PZB01047.1,2,42722721,0.602243222938091,0.38768115942029,276,-0.143668758802274,1
PZA00226.6,2,43256857,0.75193195983039,0.0634057971014493,276,0.198908595401068,1
PZA00226.7,2,43256960,0.732825929036147,0.202898550724638,276,0.120150023895189,1
PZB00017.1,2,43923075,0.00794786261631364,0.0579710144927536,276,2.10109263840644,0.975598422275903
PZB00183.1,2,43923340,0.274582958333168,0.369565217391304,276,0.33263832649321,1
PZB00165.4,2,43923359,0.0669684942833423,0.115942028985507,276,-0.880381263126135,1
PZB00183.2,2,43923377,0.605923220141398,0.221014492753623,276,0.19015057505214,1
PZB00165.2,2,43923473,0.228137707930944,0.375,276,-0.377156179019333,1
PZA02808.16,2,44606521,0.853751874069876,0.320652173913043,276,0.0582685075524894,1
PZA02808.14,2,44606542,0.584405781860545,0.072463768115942,276,0.302872909065204,1
PZA02808.12,2,44606596,0.629980508116676,0.0579710144927537,276,-0.27225772381296,1
PZB01370.1,2,44880958,0.857934286862026,0.282608695652174,276,-0.0592783395224414,1
PZB01370.2,2,44881342,0.843419178367837,0.222826086956522,276,-0.0706074023131341,1
PZA02450.1,2,47575949,0.389809924922826,0.295289855072464,276,-0.282791492376489,1
PZA02774.1,2,49160699,0.0409268076641707,0.199275362318841,276,-0.812492416907439,1
PZA02168.1,2,51780601,0.173424559411055,0.269927536231884,276,-0.504993263829528,1
PZA03629.1,2,51784790,0.923955468758982,0.318840579710145,276,-0.0320316785111787,1
PZA03629.2,2,51785014,0.278806253454242,0.492753623188406,276,-0.298564677818046,1
PZA03628.1,2,51785080,1,0,276,NA,1
PZA03627.1,2,51785517,0.0513434317404471,0.278985507246377,276,0.665127233008667,1
PZA03627.3,2,51785620,0.487536487076476,0.188405797101449,276,0.27347201285969,1
PZB02209.1,2,56773455,0.343094431667875,0.226449275362319,276,0.348194653797723,1
PZB02209.2,2,56773640,0.926883026545225,0.117753623188406,276,0.0416055593028473,1
PZB02209.3,2,56773916,0.221224847200399,0.0253623188405797,276,-1.22783351846574,1
PZA00394.15,2,56930205,0.321780486105539,0.467391304347826,276,-0.432487302844288,1
PZA00394.11,2,56930271,0.737292325465654,0.148550724637681,276,-0.130165912238018,1
PZA03756.1,2,58354634,0.726203777589677,0.458333333333333,276,-0.111169190353322,1
PZA03756.2,2,58354695,0.607314364130899,0.351449275362319,276,-0.163573636979423,1
PZB01325.1,2,58472853,0.349117715744011,0.134057971014493,276,-0.449852041914903,1
PZA00635.7,2,59600768,0.246828217689981,0.407608695652174,276,-0.37405979090533,1
PZA00635.4,2,59600797,0.271083923580126,0.469202898550725,276,0.358589997394739,1
PZA00635.1,2,59600932,0.830824196139143,0.394927536231884,276,-0.0715823819893855,1
PHM10321.11,2,62802971,0.1784837160388,0.489130434782609,276,0.424015174301475,1
PHM3457.6,2,62804122,0.0712701852805623,0.451086956521739,276,0.569550037657884,1
PZA02881.9,2,62804286,0.455459455228595,0.355072463768116,276,-0.240540010974047,1
PZA00280.14,2,62870552,0.808985709142069,0.0235507246376812,276,-0.261264839340754,1
PZA00442.4,2,63547171,0.842954952945203,0.346014492753623,276,0.0645654043890058,1
PZA00442.3,2,63547199,0.852733623484601,0.356884057971015,276,-0.0605015945594256,1
PZA03410.1,2,68655603,0.188452183396041,0.115942028985507,276,-0.576958300857976,1
PZA00170.1,2,69623218,0.821638864667301,0.181159420289855,276,-0.0816171596039684,1
PZA03358.4,2,74221735,0.68276730675433,0.0652173913043478,276,-0.231319330768166,1
PZA03358.2,2,74221816,0.595320254238875,0.0416666666666666,276,-0.383150509639691,1
PZA03358.1,2,74221900,0.59986180163613,0.0615942028985508,276,-0.300797623877477,1
PZA03358.3,2,74221960,0.948504915954207,0.0797101449275362,276,0.0355056555424093,1
PZA02946.8,2,83201598,0.406431951463785,0.402173913043478,276,-0.275460595013892,1
PZA01902.1,2,89520665,0.473927900440164,0.0797101449275363,276,0.537335304202802,1
PZA02549.3,2,103493947,0.903574139420983,0.15036231884058,276,0.0560909401394873,1
PZB00607.1,2,104938493,0.639439078379828,0.291666666666667,276,-0.161950041031737,1
PZA00291.7,2,107146789,0.0647488613305638,0.184782608695652,276,-0.674438835312427,1
PZB02521.1,2,118120373,0.811830693787522,0.311594202898551,276,0.0805115571120203,1
PZA00485.2,2,121241431,0.436270486258035,0.326086956521739,276,0.263783719101261,1
PHM3626.3,2,125642617,0.567838607708839,0.454710144927536,276,0.170131337682475,1
PZA02966.10,2,128180134,0.322711132037061,0.0670289855072463,276,-0.558248833178228,1
PZA02966.11,2,128180206,0.486164994021436,0.286231884057971,276,-0.225321912417507,1
PZA03278.1,2,128573571,0.594742092994247,0.47463768115942,276,-0.164012630568546,1
PZA03278.2,2,128574019,0.643039408636852,0.28804347826087,276,0.150098771708052,1
PZA02831.2,2,131092176,0.242866606434009,0.217391304347826,276,0.4179995615862,1
PZA02831.5,2,131092323,0.00702222793147267,0.0760869565217391,276,1.39494747107864,0.975598422275903
PZA02831.6,2,131092420,0.32413334758445,0.13768115942029,276,-0.413084797244574,1
PZB01969.3,2,136267079,0.483836879474356,0.105072463768116,276,-0.348053484621434,1
PZB01969.1,2,136267342,0.875070176424846,0.0108695652173914,276,-0.214280076579669,1
PZB01969.4,2,136267476,0.659667582500948,0.0126811594202898,276,-0.570274156869168,1
PZB01969.2,2,136267644,0.711766540917587,0.0923913043478261,276,0.199377131765894,1
PZB01487.1,2,139752027,0.45182366055796,0.259057971014493,276,-0.255390185183773,1
PZB01487.2,2,139752077,0.097659301246076,0.115942028985507,276,-0.815480634475694,1
PZB02511.1,2,140014895,0.0767637306386763,0.326086956521739,276,0.556529644780631,1
PZA00140.7,2,140264825,0.945017738381535,0.0760869565217391,276,0.0390962213528141,1
PZA00140.6,2,140264872,0.652406009888828,0.0742753623188406,276,0.254052134394997,1
PZA00277.13,2,141942735,0.0354861616013185,0.22463768115942,276,0.779065102179948,1
PZA00277.9,2,141942814,0.0528953946913591,0.195652173913043,276,0.771480581644278,1
PZA02626.1,2,144527921,0.904952752523972,0.451086956521739,276,-0.0599660231389265,1
PZA00029.12,2,144528504,0.743246109108178,0.125,276,0.142762231006336,1
PZA00029.11,2,144528591,0.444384168016786,0.0434782608695652,276,-0.534354016749265,1
PZB01285.2,2,145724799,0.578418890928837,0.0199275362318841,276,0.559255412301571,1
PZB01285.1,2,145725068,0.680357711605375,0.0326086956521739,276,-0.509806808185032,1
PZA03211.5,2,148837537,0.0784837537931697,0.221014492753623,276,0.693387101324004,1
PZA03211.3,2,148837564,0.41358229748091,0.311594202898551,276,-0.25845477804681,1
PZA01280.2,2,149428645,0.355695878348037,0.409420289855073,276,-0.274400303670798,1
PZA01537.2,2,150984061,0.0824829942328463,0.440217391304348,276,0.524570106661477,1
PZA02939.6,2,157152608,0.0866630068220905,0.0217391304347826,276,1.74167277968012,1
PZA02939.5,2,157152675,0.251235663306851,0.146739130434783,276,0.486534533132324,1
PZA00133.1,2,157316199,0.0034264710420157,0.0905797101449275,276,1.72364201818215,0.734857357561887
PZA00133.3,2,157316321,0.899484354993001,0.164855072463768,276,-0.0539968996376344,1
PZA03539.1,2,157316550,0.699121181817941,0.184782608695652,276,0.159065362050893,1
PZA03390.1,2,158767674,0.855657021142137,0.0561594202898551,276,0.114518164855672,1
PZA03083.7,2,159619959,0.846894781664876,0.0326086956521739,276,-0.173376005728034,1
PZB02119.1,2,160112653,0.699254048121815,0.0398550724637681,276,0.385555302618952,1
PZB02235.2,2,160125437,0.770796163398475,0.0144927536231884,276,0.376050501627339,1
PZB02235.5,2,160125620,0.0435442005014972,0.159420289855073,276,-0.895829773293078,1
PZB02235.3,2,160125895,0.932964346377195,0.0670289855072463,276,0.0461437996561429,1
PZB02235.4,2,160126422,1,0,276,NA,1
PZA00367.2,2,161879250,0.529810790401736,0.152173913043478,276,-0.248589876395457,1
PZA00367.6,2,161879515,0.0744984495335291,0.0652173913043478,276,1.06842001276309,1
PZA00478.7,2,162823104,0.595195191167175,0.0344202898550725,276,0.46565317940853,1
PZA01321.1,2,164561951,0.697242560442454,0.28804347826087,276,0.1339016545841,1
PZA03692.1,2,166659759,0.92110859697821,0.434782608695652,276,0.0345097849572493,1
PZA03688.3,2,166660386,0.878476688509046,0.498188405797101,276,-0.050493408695047,1
PZA03688.2,2,166660485,1,0,276,NA,1
PZA03690.1,2,166660980,0.859821861629532,0.440217391304348,276,-0.0610082714624371,1
PZA03690.2,2,166661063,0.603020053760088,0.389492753623188,276,0.176805609200725,1
PZA02841.3,2,167759219,0.650418710052251,0.0742753623188406,276,0.261926464031717,1
PZA02841.5,2,167759231,0.931047690065333,0.193840579710145,276,0.0357543417524013,1
PZA03418.1,2,168377989,0.809659010421543,0.088768115942029,276,0.117122562401272,1
PZA03418.2,2,168378080,0.243944308065885,0.0851449275362319,276,-0.582408927848645,1
PZA01638.1,2,168860137,0.53857737022812,0.134057971014493,276,-0.281038688722922,1
PZA00515.10,2,169265278,0.241873133236281,0.28804347826087,276,0.385163275474795,1
PZA00637.4,2,169524428,0.177995352596563,0.389492753623188,276,0.412389880074842,1
PZA03708.1,2,169976110,0.961829728286199,0.365942028985507,276,-0.0160251557914266,1
PZA03708.3,2,169976308,0.973135917889524,0.0126811594202898,276,-0.0418849902740206,1
PZA03707.2,2,169989245,0.793324527931874,0.0344202898550725,276,-0.202806638186176,1
PZA03707.1,2,169989408,0.938984619591984,0.369565217391304,276,-0.0256222129918497,1
PZA00495.5,2,170377814,0.152931244208304,0.451086956521739,276,-0.492397905441063,1
PZA00495.3,2,170377897,0.200133517965034,0.41304347826087,276,0.431679028958872,1
PZA00495.4,2,170377910,0.0347335800119672,0.46195652173913,276,-0.722710313048539,1
PZA03644.4,2,170899166,0.491839905740479,0.0217391304347826,276,0.622869259968665,1
PZA03644.2,2,170899280,0.060268131630199,0.179347826086957,276,0.715780955826848,1
PZA03644.3,2,170899522,0.444060945376184,0.235507246376812,276,-0.269536211723303,1
PZA03644.1,2,170899849,0.253498481827206,0.489130434782609,276,0.378301543758008,1
PZA03659.2,2,173848055,0.77121109209626,0.315217391304348,276,-0.100914061966657,1
PZA03659.1,2,173848095,0.80088091609471,0.277173913043478,276,0.0940312570193078,1
PZA03659.4,2,173848369,0.681950213427026,0.0760869565217391,276,0.248523758129719,1
PZA03660.1,2,173849191,0.489669368930404,0.213768115942029,276,0.250307051115555,1
PZA03661.3,2,173849260,0.881122431509405,0.335144927536232,276,0.0492509887990589,1
PZA03661.1,2,173849428,0.402156391810424,0.342391304347826,276,-0.270191155916772,1
PZA03661.2,2,173849502,1,0,276,NA,1
PZA00224.4,2,176000581,0.343431998600003,0.409420289855073,276,0.288576079313053,1
PZA00224.3,2,176000714,0.1198801665414,0.219202898550725,276,0.636518600271815,1
PZA03286.1,2,177293723,0.117269631625787,0.108695652173913,276,0.652481826326104,1
PZA03184.1,2,179826404,0.430875043676456,0.318840579710145,276,0.256243231071807,1
PZA03184.2,2,179826439,0.650311922809175,0.108695652173913,276,-0.226064237771444,1
PZA03184.3,2,179826461,0.487923385756935,0.425724637681159,276,0.210714079204497,1
PZA00729.18,2,186070362,0.245376763755923,0.0579710144927537,276,-0.747104382076078,1
PZA00729.9,2,186070536,0.305303416863354,0.0289855072463768,276,0.979909682181286,1
PZA03528.3,2,186510824,0.00909347427607354,0.0380434782608695,276,1.82718871504353,0.988330448343991
PZA03528.1,2,186510935,0.871767928155134,0.266304347826087,276,-0.0529802169928932,1
PZA03528.2,2,186511034,0.0545649110923933,0.0597826086956522,276,-1.08938914554693,1
PZA03529.3,2,186511923,0.592365662401165,0.0072463768115942,276,0.931126007116841,1
PZA03529.6,2,186512163,0.700719989065135,0.0416666666666667,276,-0.262985137498247,1
PZA03529.1,2,186512251,0.490419962875143,0.494565217391304,276,-0.213646781245061,1
PZA03529.4,2,186512293,0.136828584225267,0.128623188405797,276,-0.649395409087571,1
PZA00611.1,2,187149215,0.476952854255851,0.438405797101449,276,0.209404287910375,1
PZA02890.5,2,187225116,0.673888843330941,0.052536231884058,276,0.261361262422113,1
PZA02890.4,2,187225134,0.17230124598031,0.364130434782609,276,-0.484436826028525,1
PZA02890.3,2,187225194,0.735900340126178,0.322463768115942,276,0.129586739515673,1
PZA00533.4,2,187495335,0.891364153873742,0.0326086956521739,276,0.108584090092668,1
PZA00533.3,2,187495401,0.645103626017307,0.0670289855072463,276,-0.253814539357382,1
PZD00042.2,2,189293647,0.32286670942184,0.0579710144927536,276,0.577380845181777,1
PZA00479.9,2,192125202,0.940324207198661,0.132246376811594,276,-0.0341767959244423,1
PHM3055.9,2,192602324,0.751443627239039,0.306159420289855,276,0.0993466959325371,1
PZA03384.2,2,193285152,0.962005412034637,0.0072463768115942,276,-0.0858249278753447,1
PZA03384.1,2,193285270,0.566180059661828,0.0543478260869565,276,-0.37262731664522,1
PZA03144.1,2,193321985,0.318752814381641,0.451086956521739,276,-0.29677703878054,1
PZA00824.2,2,193996904,0.997941308221985,0.335144927536232,276,-0.00080684893141969,1
PZA03640.1,2,195212071,0.992518194396831,0.0434782608695652,276,-0.00666668191716724,1
PZA03641.1,2,195215389,0.832259687178851,0.0471014492753623,276,-0.141360437215599,1
PHM3668.12,2,195555350,0.665528763332255,0.478260869565217,276,0.129206541299787,1
PZA02017.1,2,195834649,0.908173509246489,0.0597826086956522,276,-0.0955477959773319,1
PHM7953.11,2,195938817,0.635561975291466,0.485507246376812,276,-0.142637372082507,1
PZA00803.3,2,196001003,0.162786708253769,0.365942028985507,276,0.461801052055588,1
PZA00340.1,2,196280808,0.270361408904444,0.278985507246377,276,-0.378824328026814,1
PZA02731.1,2,197109533,0.287815515388154,0.423913043478261,276,-0.360241668173865,1
PZB01267.1,2,198756269,0.850568097436533,0.21195652173913,276,0.0782960829733284,1
PZB01267.2,2,198756501,0.498288840753698,0.490942028985507,276,0.22464611871258,1
PZB02013.1,2,198757428,0.913038834261064,0.206521739130435,276,0.0458581590994882,1
PZB02013.2,2,198757542,0.746115955974415,0.21195652173913,276,0.134823134527992,1
PZB02013.3,2,198757777,0.893762376515587,0.215579710144928,276,0.0551778244763965,1
PZB01261.1,2,198780031,0.707385490115543,0.221014492753623,276,-0.161866302049201,1
PZB01261.2,2,198780161,1,0,276,NA,1
PHM16125.47,2,199411414,0.166451297251625,0.231884057971015,276,0.554624542699528,1
PZB01103.2,2,200020987,0.775776362431466,0.369565217391304,276,0.0899492137591007,1
PZB01103.4,2,200021059,0.964347278225457,0.00905797101449279,276,-0.0729140116452811,1
PZB01103.1,2,200021207,0.108339898502135,0.449275362318841,276,0.507171093677137,1
PZA03438.1,2,200624355,0.6606711031843,0.0289855072463768,276,-0.525474754652805,1
PZA00725.4,2,201957482,0.682947806136412,0.423913043478261,276,-0.129054272789316,1
PZA00725.1,2,201957593,0.871417739891414,0.454710144927536,276,0.0518073900133724,1
PZA03163.4,2,202113207,0.217717632552216,0.25,276,0.463375777462798,1
PZA03165.1,2,202113464,0.199965126317512,0.476449275362319,276,-0.401223850093662,1
PZA03163.2,2,202113539,0.84876183906282,0.414855072463768,276,-0.0600448821056432,1
PZA01885.2,2,206881202,0.484871937976258,0.201086956521739,276,0.264179995522718,1
PZA00390.6,2,206974644,0.188415591961991,0.052536231884058,276,-0.856718935636421,1
PZA00390.7,2,206974778,0.316055330013525,0.173913043478261,276,-0.399809776437219,1
PZA00639.12,2,207125619,1,0,276,NA,1
PZA02964.7,2,208276510,0.162758711803383,0.452898550724638,276,-0.467861945034061,1
PZB00772.2,2,208388351,0.326577963765559,0.121376811594203,276,0.461843055176081,1
PZB00772.7,2,208388467,0.324303232194364,0.418478260869565,276,-0.343486090822928,1
PZB00772.1,2,208388592,0.00235474512873947,0.385869565217391,276,1.00719678746432,0.734857357561887
PZB00772.4,2,208388718,0.0652777027835513,0.15036231884058,276,-0.761627851643147,1
PZA03602.1,2,209504204,0.514997455761598,0.407608695652174,276,-0.197691015811094,1
PZA03602.2,2,209504254,0.973050282344404,0.115942028985507,276,0.015491990857758,1
PZA03601.3,2,209505940,0.313326818779951,0.0742753623188406,276,-0.495158366080818,1
PZA03601.1,2,209506155,0.520640080140152,0.494565217391304,276,-0.200449734544192,1
PZA03600.1,2,209507219,0.09437600205274,0.208333333333333,276,0.579939528907266,1
PZA02456.1,2,210924384,0.554271552899487,0.0670289855072464,276,-0.329701164914504,1
PZB01234.5,2,212960231,0.250608553208522,0.219202898550725,276,-0.446296952507697,1
PZA03293.1,2,213615257,0.0909748925631173,0.452898550724638,276,0.503327457438608,1
PZA02680.1,2,213668709,0.642406388183527,0.0851449275362319,276,0.230797387346012,1
PZA00676.2,2,214263400,0.369582100646328,0.135869565217391,276,0.418557873482397,1
PZA02989.5,2,214339839,0.596753609626451,0.121376811594203,276,-0.243485393720313,1
PZA03169.3,2,214423348,0.474277596836724,0.0923913043478261,276,-0.41138713166562,1
PZA03169.1,2,214423402,0.261223473775517,0.197463768115942,276,-0.432881039103879,1
PZA03169.2,2,214423504,0.422978185613884,0.295289855072464,276,-0.268371137933381,1
PZA02418.2,2,214647155,0.650234889241154,0.309782608695652,276,-0.148972031388531,1
PZA00527.6,2,216832881,0.46885567102141,0.246376811594203,276,0.239000936800964,1
PZA00527.5,2,216832995,0.679092558567942,0.483695652173913,276,0.124437736384545,1
PZA00527.10,2,216833071,0.532783791739317,0.353260869565217,276,0.19692357627427,1
PZA00164.1,2,217788232,0.744014307901504,0.33695652173913,276,-0.0957425834342485,1
PZA02453.1,2,219554914,0.690705470770362,0.273550724637681,276,-0.131942293822872,1
PZA00163.4,2,220264713,0.491512740560131,0.40036231884058,276,0.204696250174284,1
PZA01991.3,2,220397345,0.718732267632881,0.431159420289855,276,-0.11153265012976,1
PZB00139.1,2,221891382,0.384125420932557,0.240942028985507,276,0.297437395848712,1
PZA00487.24,2,222134965,0.584797382213313,0.204710144927536,276,0.178258625098939,1
PZA00487.16,2,222135246,0.417055310018319,0.217391304347826,276,0.298542500605115,1
PZB01013.3,2,222280629,0.59982172791716,0.382246376811594,276,0.16603524025066,1
PZB01013.1,2,222280720,0.000738221418890084,0.144927536231884,276,1.56185254451261,0.734296449644183
PZB01013.2,2,222280823,0.066540175494131,0.411231884057971,276,-0.568489333350296,1
PZB01013.4,2,222280901,0.621488603691477,0.0851449275362319,276,-0.230855786572439,1
PZA01895.1,2,225848026,0.226694289459169,0.123188405797101,276,0.594955405074546,1
PZA01352.5,2,226450170,0.818352196943558,0.438405797101449,276,0.0651152354797822,1
PZA02727.1,2,227921381,0.72097235681261,0.47463768115942,276,0.10920885284142,1
PZA00121.1,2,228972770,0.121497810422642,0.418478260869565,276,0.467043002882189,1
PZA00121.10,2,228972835,0.789202505246504,0.184782608695652,276,0.103311327858237,1
PZA00672.6,2,228991006,0.457599809278525,0.166666666666667,276,0.289190542987961,1
PZD00022.5,2,233128511,0.51207572533901,0.346014492753623,276,0.211188025728654,1
zap1.2,2,233128584,0.935176412901744,0.480072463768116,276,-0.0263439737896767,1
zap1.3,2,233128701,0.391790076222599,0.280797101449275,276,-0.304081895061205,1
zap1.5,2,233128987,0.502822698286602,0.195652173913043,276,0.274350701401261,1
PZD00022.3,2,233129091,0.710990406408613,0.356884057971015,276,0.118313364526354,1
zap1.7,2,233129136,0.994932528617351,0.266304347826087,276,0.00224645810060276,1
PZD00022.1,2,233129138,0.86252594214883,0.240942028985507,276,-0.0629898591281075,1
PZA03576.4,2,233873436,0.95830504035105,0.0869565217391305,276,0.0279398886706375,1
PZA03576.1,2,233873786,0.848245782044266,0.344202898550725,276,0.0613207189771647,1
PZA03576.3,2,233874044,0.372326619896392,0.0398550724637681,276,0.68353451107815,1
PZA03577.2,2,233876178,0.118360223540159,0.125,276,0.737923524235291,1
PZA03577.1,2,233876337,0.637710277027629,0.186594202898551,276,0.171862592758926,1
PZA03321.1,2,234574846,0.830250668135536,0.367753623188406,276,-0.064748520254571,1
PZA03321.4,2,234574991,0.499986397287654,0.0851449275362319,276,-0.353282403243145,1
PZA00309.1,3,1240310,0.333989788008758,0.25,276,-0.349542794892974,1
PZA00134.12,3,1682341,0.568124867423653,0.0960144927536232,276,0.273834593118113,1
PZA00615.6,3,1882706,0.137460069964977,0.0815217391304348,276,0.760235254205201,1
PZA00615.3,3,1882847,0.946186321259905,0.11231884057971,276,0.0318725954699968,1
PZA02090.1,3,4138512,0.995597341256703,0.489130434782609,276,-0.00169066380750738,1
PZD00038.3,3,4824552,0.655114269707753,0.46195652173913,276,-0.142184123719426,1
PZD00038.1,3,4824779,0.844857034516905,0.219202898550725,276,0.0747160459434353,1
PZA02678.1,3,5232441,0.462019560303942,0.192028985507246,276,-0.242002642419751,1
PZA00100.9,3,5479958,0.0668665020713364,0.228260869565217,276,-0.651807427311898,1
PHM12859.7,3,5479991,0.403024766669185,0.46195652173913,276,0.282077725362128,1
PZA00100.2,3,5480402,0.716456289790148,0.454710144927536,276,0.11929945572867,1
PZA00458.6,3,5480980,0.641517839363403,0.172101449275362,276,0.17790954119991,1
PZA00458.1,3,5481011,0.254733315983075,0.454710144927536,276,0.385495229116462,1
PZA03527.3,3,5748224,0.623829379840619,0.117753623188406,276,-0.2149660956145,1
PZA03527.2,3,5748362,0.609156504271894,0.208333333333333,276,-0.175520158339237,1
PZA03527.1,3,5748473,0.226793732330235,0.360507246376812,276,-0.373288354842783,1
PZA03212.3,3,6547051,0.519828860098442,0.0869565217391304,276,0.326466565192176,1
PZA00749.1,3,6733476,0.66548602934716,0.22463768115942,276,-0.148361340559764,1
PZB01947.1,3,7410038,0.928118640601648,0.226449275362319,276,0.0339152678095997,1
PZA03525.1,3,7428361,0.25795228287341,0.072463768115942,276,-0.63198541512314,1
PZB01940.1,3,7429527,0.797900954131928,0.230072463768116,276,-0.0890488138387644,1
PZA03283.2,3,7602160,0.271583329380345,0.235507246376812,276,-0.373958236123727,1
PZA03283.1,3,7602186,0.52000159830801,0.284420289855072,276,-0.213323414452696,1
PZA00537.4,3,8341160,0.328112426669548,0.0615942028985507,276,-0.652370152351044,1
PZB00470.5,3,9124190,1,0,276,NA,1
PZB00064.1,3,9124976,0.10976518325189,0.186594202898551,276,0.639362922397636,1
PZB00112.2,3,9125023,0.25052229029731,0.0507246376811594,276,0.785482099431984,1
PZB00112.1,3,9125043,0.0489813418251909,0.0543478260869565,276,-1.94895315878337,1
PZA01765.1,3,9598936,0.772772350234996,0.320652173913043,276,0.101956964175715,1
PZA03009.5,3,11414308,0.861673799996643,0.210144927536232,276,0.0630963592428578,1
PZA03009.6,3,11414383,0.483328105377742,0.114130434782609,276,0.302829241037137,1
PZA03009.7,3,11414423,0.549874939024061,0.403985507246377,276,-0.190845949831796,1
PZA00508.2,3,11895612,0.406111210390294,0.443840579710145,276,0.24586651854934,1
PZA03145.1,3,12965736,0.363634639236496,0.460144927536232,276,0.270324537305949,1
PZA02855.14,3,17184071,0.89563487975336,0.193840579710145,276,-0.0508431728304833,1
PZA02855.17,3,17184120,0.497404871570814,0.306159420289855,276,0.220112472042265,1
PZA02855.22,3,17184237,0.315329310870912,0.248188405797101,276,0.366185700726224,1
PZA03309.1,3,18361979,0.813225995256622,0.0996376811594203,276,-0.107237729949174,1
PZA00480.10,3,22952214,1,0,276,NA,1
PZA03185.1,3,23329881,0.398115167029872,0.476449275362319,276,-0.258880578745638,1
PZA02427.1,3,23999118,0.786775497930994,0.418478260869565,276,-0.0891595559210816,1
PZA00645.1,3,27040373,0.181024452454111,0.146739130434783,276,0.61781384237754,1
PZB01964.4,3,27198692,0.467642386972658,0.0978260869565217,276,0.404351385426768,1
PZB01964.3,3,27198816,0.108815372154869,0.206521739130435,276,0.664399209887582,1
PZB01964.6,3,27199028,1,0,276,NA,1
PZB01964.5,3,27199404,0.878978910068919,0.117753623188406,276,-0.0643792979543388,1
PZB01964.1,3,27199765,0.163190985071093,0.396739130434783,276,-0.465347745532887,1
PZB01720.1,3,27204262,1,0,276,NA,1
PHM2343.25,3,27981649,0.997668401792172,0.394927536231884,276,0.000924255356851145,1
PZA00210.9,3,29693390,0.346856908036227,0.166666666666667,276,0.36572779520325,1
PZA00210.6,3,29693448,0.037665288194224,0.0235507246376812,276,-1.96220742505484,1
PZA00210.1,3,29693561,0.533993007595931,0.456521739130435,276,0.192365366585881,1
PZA03054.10,3,31695391,0.213228095601943,0.190217391304348,276,0.550560127194487,1
PZA03054.5,3,31695534,0.429129938998525,0.143115942028986,276,0.383351289271956,1
PZA03054.3,3,31695569,0.479694639816448,0.342391304347826,276,0.247892209691934,1
PZA01473.1,3,32080895,0.949650151399334,0.119565217391304,276,-0.0364876496211635,1
PZA00348.10,3,32449451,0.934736466761403,0.0670289855072464,276,0.0520080381104093,1
PZA00348.11,3,32449584,0.305032537827776,0.483695652173913,276,0.330377603487908,1
zb21.1,3,37536931,0.0732192663646603,0.226449275362319,276,-0.68123741769059,1
PZA00380.5,3,39489976,0.537594854529226,0.226449275362319,276,-0.244522248547899,1
PZA00380.7,3,39490060,0.76506961461235,0.315217391304348,276,-0.100306637840179,1
PZA00297.2,3,39992968,0.858484093823796,0.369565217391304,276,-0.0653656998205148,1
PZA00297.3,3,39992991,0.919481686246874,0.380434782608696,276,-0.0369702279684301,1
PZA01114.2,3,40198671,0.113050025664348,0.28804347826087,276,0.60645135579774,1
PZA03070.9,3,43868043,0.282362770039388,0.342391304347826,276,-0.380387088621155,1
PZA03070.7,3,43868067,0.240684828508181,0.333333333333333,276,-0.420220322549406,1
PZA03070.6,3,43868070,0.115128174640322,0.346014492753623,276,-0.557544786956347,1
PZA03070.5,3,43868105,0.890565388080462,0.268115942028986,276,0.0491040741345246,1
PHM15899.9,3,43868122,0.626107303053708,0.119565217391304,276,0.28093451090685,1
PZA03269.1,3,51967230,0.754906480220289,0.152173913043478,276,-0.137768630837263,1
PHM15474.5,3,53548967,0.20992691018429,0.364130434782609,276,0.425720635397669,1
PZA01447.1,3,53549251,0.884071599293471,0.465579710144927,276,0.0484748006719968,1
PZA03119.1,3,54127608,0.0703125264102945,0.418478260869565,276,-0.563085680035572,1
PZA03119.3,3,54127888,0.928255217413091,0.186594202898551,276,-0.0329586639651027,1
PZA00265.6,3,55946581,0.00675691180292735,0.409420289855072,276,-0.879275572552818,0.975598422275903
PZA00265.4,3,55946639,0.0633732075629737,0.219202898550725,276,-0.712767051142381,1
PZA00627.1,3,56747948,0.456350666167349,0.449275362318841,276,-0.230726481804126,1
PHM2324.23,3,57966892,0.942899068954108,0.141304347826087,276,0.0350104560923947,1
PZA03242.1,3,58616503,0.553142502216194,0.326086956521739,276,-0.186146685394785,1
PZA02699.1,3,63847564,0.99744189305308,0.351449275362319,276,0.0010518583836765,1
PZA00414.27,3,64730607,0.158481525335441,0.266304347826087,276,0.489420667255074,1
PZA02134.3,3,66922282,0.671757831707834,0.201086956521739,276,-0.178089029406348,1
PZA00608.1,3,67283995,0.525143390068098,0.371376811594203,276,0.214141220430091,1
PHM5502.31,3,67284067,0.930719505482398,0.472826086956522,276,-0.028687176339087,1
PZA00608.5,3,67284085,1,0,276,NA,1
PZA00621.2,3,69079684,0.532352208376588,0.139492753623188,276,0.263673921566175,1
PZA03366.2,3,69892464,0.458477560074295,0.0163043478260869,276,-0.869921786772743,1
PZA03366.1,3,69892547,0.800491917389373,0.0307971014492754,276,0.211772931143429,1
PZA00565.3,3,73140552,1,0,276,NA,1
PZA00109.3,3,82173052,0.786281135316151,0.369565217391304,276,-0.0877878686936184,1
PZA00232.24,3,95541392,1,0,276,NA,1
PZA02742.1,3,97441783,0.0372417719913936,0.373188405797101,276,-0.667762023020869,1
PZA02645.2,3,101980017,0.237874654628101,0.463768115942029,276,0.407149654456139,1
PZB02484.1,3,108233038,0.118884931617229,0.411231884057971,276,-0.496832251192923,1
PZB02484.2,3,108233139,0.533907398296967,0.0181159420289855,276,-0.678790352063466,1
PZA03761.3,3,110715343,0.0195735476519329,0.146739130434783,276,0.97836297838463,1
PZA03761.1,3,110715403,0.222397254682339,0.0235507246376812,276,-1.01181091918527,1
PZA03761.2,3,110715467,0.493573538873065,0.0126811594202898,276,-0.957227682281641,1
PZA03761.4,3,110715630,1,0,276,NA,1
PZA00707.7,3,110715760,0.599508923477449,0.0326086956521739,276,-0.392117790305257,1
PZA00707.9,3,110715956,0.300039032056569,0.26268115942029,276,-0.353785223932147,1
PZA03760.3,3,110719350,0.954338198743036,0.00905797101449275,276,0.0914355557828672,1
PZA03760.2,3,110719489,0.234290520134682,0.177536231884058,276,0.460947324380158,1
PZA03760.1,3,110719558,0.79487129603897,0.0742753623188406,276,0.137485968863034,1
PZA03302.1,3,115392917,0.346946383667843,0.458333333333333,276,-0.300232375893483,1
PZA03302.2,3,115393003,0.691706941174644,0.0561594202898551,276,-0.265469216584645,1
PZA03302.3,3,115393037,0.996205839947611,0.443840579710145,276,0.00153764864305939,1
PZA02619.1,3,120046370,0.418393319644065,0.166666666666667,276,-0.342620665271189,1
PZB00037.1,3,120915609,0.389948509410101,0.315217391304348,276,0.327695350686303,1
PZB00037.2,3,120915670,0.0485358323138962,0.0634057971014492,276,-1.09967728125786,1
PZB00037.3,3,120915712,0.208268638273658,0.304347826086957,276,0.482724842422479,1
PZB00451.1,3,120915995,0.36071199133576,0.307971014492754,276,0.351798136404851,1
PZB00035.1,3,120916059,0.721119640023098,0.311594202898551,276,-0.136446815442825,1
PZB00451.2,3,120916079,0.389355885843716,0.0163043478260869,276,0.897812002418569,1
PZA03729.1,3,122631251,0.341204037948281,0.327898550724638,276,0.301274503844785,1
PZA03730.1,3,122632051,0.598800950481149,0.260869565217391,276,0.187135942458923,1
PZA03730.2,3,122632201,0.730736984387503,0.0996376811594203,276,-0.178701813434852,1
PZA03730.3,3,122632318,0.49225042451372,0.0561594202898551,276,-0.430474843206282,1
PZA03731.1,3,122634784,0.424009513230635,0.0181159420289855,276,-0.915934986638785,1
PZA03731.2,3,122634846,0.889507937114586,0.019927536231884,276,-0.140143107568321,1
PZA03198.3,3,123785075,0.0290669759303621,0.277173913043478,276,0.877999010917554,1
PHM15449.10,3,125077922,0.56200687542298,0.422101449275362,276,-0.187524555099014,1
PZA00413.2,3,125192322,0.139995527190107,0.480072463768116,276,0.460987961351147,1
PZA00413.18,3,125192339,0.10031087646779,0.440217391304348,276,0.55079563825749,1
PZA00413.17,3,125192483,0.674683772725305,0.0706521739130435,276,0.258731849096971,1
PZA00295.7,3,126261692,0.786508780201331,0.0507246376811594,276,-0.190544536907513,1
PZA00363.6,3,132192142,1,0,276,NA,1
PZA00363.5,3,132192205,1,0,276,NA,1
PZD00016.4,3,133480594,0.516835187212248,0.210144927536232,276,0.263120448716369,1
PZD00015.5,3,133481473,0.976676027785188,0.22463768115942,276,-0.0110941912600218,1
PZD00014.4,3,133482561,0.86668572710185,0.246376811594203,276,-0.0620113984320048,1
PZB02002.1,3,133483395,0.9387176336299,0.192028985507246,276,0.0326897778891482,1
PZA02888.3,3,134850306,0.760523442067699,0.125,276,0.131486901680492,1
PZA03264.1,3,136356797,0.844154116830874,0.0923913043478261,276,0.0970226763199609,1
PZA03122.1,3,136357534,0.141451380576256,0.152173913043478,276,0.626097075807606,1
PZA00254.3,3,139668467,0.542768671624071,0.266304347826087,276,0.216817505354661,1
PZA00719.2,3,140524105,0.245424680126636,0.110507246376812,276,-0.496410568128131,1
PZA00719.1,3,140524287,1,0,276,NA,1
PZA00114.3,3,142431173,0.316808158819854,0.347826086956522,276,0.306568956528704,1
PZA00920.1,3,142821031,0.951567721430788,0.496376811594203,276,0.0186695411356568,1
PHM890.20,3,143853993,0.363659772185058,0.105072463768116,276,-0.457156870223334,1
PZA02906.7,3,144466196,0.747818988703931,0.297101449275362,276,0.106864967723223,1
PZB02044.1,3,144466243,0.257342575206775,0.192028985507246,276,0.479001022247619,1
PZB02044.3,3,144466246,0.703034112372241,0.230072463768116,276,-0.141419912648162,1
PZB02044.2,3,144466414,0.620227576527364,0.492753623188406,276,0.151784182966168,1
PZB02122.1,3,145421006,0.853213106293257,0.226449275362319,276,-0.0632498960191108,1
PZA03541.2,3,148153258,0.321107386520995,0.347826086956522,276,-0.324873777561233,1
PZA03541.3,3,148153805,0.285007860714741,0.293478260869565,276,0.346272453163782,1
PZA03541.4,3,148154058,0.824049619248403,0.108695652173913,276,-0.115552390001733,1
PZB01183.1,3,148380841,0.10077149553838,0.019927536231884,276,-1.6833435490792,1
PZB00228.6,3,150829954,0.321570356551804,0.375,276,0.320877289247021,1
PZB00228.4,3,150830416,0.694492178461447,0.172101449275362,276,-0.152960690560284,1
PZB00228.5,3,150830673,0.810556556545508,0.0670289855072464,276,0.148253740652757,1
PZB00228.2,3,150830782,0.950870481529203,0.335144927536232,276,-0.0207534021318088,1
PZB00274.4,3,150837246,0.889540645515403,0.159420289855073,276,-0.0608825542719194,1
PZB00274.5,3,150837488,0.459327249517981,0.307971014492754,276,0.255473939705314,1
PZA00827.1,3,155566732,0.28103099401002,0.365942028985507,276,-0.355313183011631,1
PZA03658.1,3,155576390,0.244010803934398,0.438405797101449,276,0.364307745869729,1
PZA00507.11,3,155818939,0.971626217982681,0.440217391304348,276,0.011227524656642,1
PZB01683.2,3,156252241,0.504404017881296,0.15036231884058,276,-0.288096748060889,1
PZB01683.3,3,156252478,0.457938570128072,0.246376811594203,276,0.264866639262433,1
PZA00391.2,3,157104591,0.591358341944193,0.192028985507246,276,0.197091086617244,1
PZA00948.1,3,157263770,0.62137689813102,0.320652173913043,276,-0.192258474224091,1
PZA03019.8,3,157317264,0.716266461200463,0.072463768115942,276,-0.208268738328315,1
PZB01463.7,3,157318219,0.121033822660156,0.0144927536231884,276,1.7257264864509,1
PZB01463.6,3,157318304,0.574606383781448,0.0380434782608696,276,-0.411951106266209,1
PZB02179.1,3,157640380,0.227243877780122,0.371376811594203,276,-0.415899694516246,1
PZB02179.2,3,157640764,0.237872028533599,0.402173913043478,276,-0.415939272192962,1
PZB02179.5,3,157640944,0.00297851760986918,0.409420289855073,276,0.993814734341685,0.734857357561887
PZA00828.2,3,157646430,0.832044842414467,0.0905797101449275,276,-0.127111061972852,1
PZA02944.12,3,159253652,0.504601506306531,0.192028985507246,276,-0.247146089823301,1
PZA02944.10,3,159253667,0.99368168220956,0.46195652173913,276,-0.00256638675097998,1
PHM9914.11,3,159996138,0.292578795161903,0.365942028985507,276,0.320277642169377,1
PZA02923.7,3,160467612,0.829083712119589,0.0380434782608696,276,0.154090347216816,1
PZA00667.1,3,161516074,0.744186081474987,0.36231884057971,276,0.103789867399277,1
PZA00667.2,3,161516227,0.526837793424741,0.360507246376812,276,-0.202574418800188,1
PZD00003.3,3,161572823,0.561016875490982,0.201086956521739,276,0.214791983752285,1
PZB01892.1,3,161573186,0.482134915387915,0.0489130434782609,276,-0.46553767417638,1
PZB01856.4,3,162186725,0.899313705290074,0.072463768115942,276,-0.0758538980707836,1
PZB01856.1,3,162186937,0.49216885784999,0.469202898550725,276,-0.218369862140056,1
PZB01856.2,3,162187057,0.307204220754316,0.121376811594203,276,0.458713927585689,1
PZB01856.3,3,162187230,1,0,276,NA,1
PZD00006.1,3,163615279,0.505367454948519,0.219202898550725,276,0.254919467256291,1
PZD00008.3,3,163617500,0.851470628544625,0.204710144927536,276,0.0743114671053373,1
te1.4,3,163617645,0.0494997072931099,0.373188405797101,276,-0.640060327975265,1
te1.3,3,163617892,0.16342079116755,0.0235507246376812,276,-1.33598976815569,1
te1.1,3,163618301,0.0390312622307186,0.438405797101449,276,0.66959674170272,1
PZD00007.1,3,163618708,0.0425569697296228,0.375,276,-0.665907069406806,1
PZA01396.1,3,164833462,0.0941866386555847,0.402173913043478,276,0.542972461777831,1
PZA00186.2,3,165800369,0.170481272508285,0.369565217391304,276,0.437206213577886,1
PHM2885.31,3,165901548,0.938683978410332,0.121376811594203,276,0.0367891315776712,1
PZB01933.1,3,167581102,0.180536384906416,0.259057971014493,276,-0.44957319589376,1
PZB01933.2,3,167581373,0.482077014474428,0.0851449275362319,276,-0.334894918131781,1
PHM1959.26,3,168443563,0.0268053848153872,0.47463768115942,276,-0.730102751019804,1
PZA03073.28,3,168443662,0.329044489938438,0.221014492753623,276,0.421382772516822,1
PZA03073.23,3,168443677,0.0781379741326917,0.22463768115942,276,0.715416703631377,1
PZA03073.24,3,168443701,0.406201217704712,0.396739130434783,276,0.265508767500687,1
PZA03073.25,3,168443704,0.0191247851465693,0.429347826086957,276,-0.760924394043067,1
PZD00040.2,3,168689468,0.428236323077966,0.0670289855072463,276,0.623577211999148,1
PZD00040.3,3,168689563,0.254875241206952,0.0362318840579711,276,-0.938828596308756,1
PZD00027.5,3,169756987,0.972708686858818,0.00905797101449279,276,0.0481691171903691,1
PZD00027.1,3,169757113,0.913925538717376,0.278985507246377,276,-0.0351497082269487,1
PZD00027.2,3,169757331,0.899015101010079,0.38768115942029,276,0.0398404911653261,1
PZD00027.3,3,169757661,0.304308379286886,0.0344202898550725,276,0.70500010289707,1
PZA02402.1,3,169771952,0.800831944227686,0.175724637681159,276,0.0979483494652986,1
PZA03032.17,3,171364486,0.52504388803481,0.231884057971014,276,0.244730355412729,1
PZA03032.16,3,171364514,0.114031468190275,0.480072463768116,276,0.482122283618336,1
PZA03032.19,3,171364540,0.877848897193332,0.188405797101449,276,0.0627655725516731,1
PZA00783.1,3,171821889,0.00282417405955225,0.166666666666667,276,-1.17942181250502,0.734857357561887
PZA00166.3,3,171935683,0.671040730006128,0.103260869565217,276,-0.210253499824395,1
PZA00166.1,3,171935933,0.355964375101432,0.317028985507246,276,0.287313177436007,1
PZA02212.1,3,174550727,0.444078894376965,0.438405797101449,276,0.229451981398127,1
lg2.1,3,175051278,0.355501990516341,0.253623188405797,276,0.335485977636765,1
lg2.2,3,175051298,0.198317330858678,0.242753623188406,276,0.482272396740993,1
PZB01473.3,3,175051721,0.166494588760358,0.115942028985507,276,0.704236820362757,1
lg2.11,3,175051864,0.98990297054463,0.0072463768115942,276,-0.0232513940271974,1
lg2.12,3,175051925,0.246708045541794,0.135869565217391,276,-0.518059392159121,1
PHM17210.5,3,178229653,0.668402230340138,0.340579710144927,276,-0.148239436426971,1
PZA01962.12,3,178229838,0.873623735021415,0.351449275362319,276,-0.0531987937854717,1
PZB01919.3,3,178234746,1,0,276,NA,1
PZB01919.2,3,178234880,0.672076874723151,0.248188405797101,276,0.153017932176564,1
PZB01919.1,3,178235128,0.555927291105826,0.369565217391304,276,-0.193723575058425,1
PZA00701.6,3,179517651,0.73784086826209,0.0434782608695652,276,0.245005484376328,1
PZA03359.1,3,179903397,0.683717206835381,0.0507246376811594,276,0.274308209038725,1
PZA03359.2,3,179903483,0.412490549476276,0.0416666666666666,276,-0.57801874735388,1
PZA03359.3,3,179903740,0.306966759303585,0.0416666666666667,276,0.690713375972369,1
PZA00482.10,3,180294773,0.587253322954383,0.442028985507246,276,-0.166030133168166,1
PHM1675.29,3,180341088,0.163136786812213,0.161231884057971,276,-0.646980462467965,1
PZA00107.18,3,180341137,0.399706707048033,0.0652173913043478,276,-0.496405054052191,1
PZA00107.4,3,180341381,0.288328459390902,0.5,276,-0.346921027054218,1
PZA03733.2,3,180532130,0.0167974634408693,0.47463768115942,276,-0.81257386554301,1
PZA03733.1,3,180532218,0.0112596981551618,0.467391304347826,276,0.857910475299098,0.995035611254727
PZA03734.2,3,180532745,0.0365233586331507,0.0434782608695652,276,2.11430506179485,1
PZA03734.3,3,180532956,0.844517397128592,0.0108695652173914,276,0.299782550429327,1
PZA03735.2,3,180533322,0.101470899782338,0.00724637681159424,276,-2.85729684420278,1
PZA03735.1,3,180533618,0.0136221061235617,0.471014492753623,276,-0.846790476630922,1
ba1.9,3,181362666,0.581844845931901,0.00543478260869565,276,-1.08164339183972,1
ba1.8,3,181362717,0.487411516310943,0.0144927536231884,276,0.935965644085897,1
ba1.7,3,181362781,0.607014368722417,0.0271739130434783,276,0.526722273955883,1
ba1.6,3,181362952,0.351042486947074,0.00362318840579712,276,2.05239319300057,1
ba1.5,3,181363034,0.69963731666033,0.0126811594202898,276,0.561141425881388,1
PZA00099.6,3,184718109,0.0236879188853042,0.184782608695652,276,0.862245478099569,1
PZA03191.1,3,185290073,0.663487180175614,0.384057971014493,276,0.150635592527035,1
PZA03191.2,3,185290132,0.845167734192673,0.273550724637681,276,0.0701541186362435,1
PZA03191.3,3,185290309,0.785034213912384,0.427536231884058,276,0.0853577151912688,1
zb27.1,3,185290956,0.806300614441241,0.072463768115942,276,-0.187249434632751,1
PZA03649.1,3,185316030,0.0925563497719946,0.0923913043478261,276,0.849966893846642,1
PZA03648.2,3,185317151,0.0681748731137628,0.293478260869565,276,-0.666238610683481,1
PZA03648.3,3,185317395,0.0629982085903701,0.0942028985507246,276,0.945764307675912,1
PZA03648.1,3,185317458,0.616465791164816,0.324275362318841,276,0.187690554616063,1
PZA03647.3,3,185318086,0.0989624045769317,0.289855072463768,276,0.631486540661037,1
PZA03647.1,3,185318330,0.617174809419789,0.398550724637681,276,0.163257624307457,1
PZA00702.5,3,185760526,0.780988602329213,0.222826086956522,276,-0.10341798909491,1
PZA00586.1,3,185989508,0.982838708597962,0.175724637681159,276,-0.0085450715423141,1
PZB00628.3,3,186186953,0.00402200111868673,0.117753623188406,276,1.69873423781886,0.734857357561887
PZB01052.4,3,186580149,0.117137757610104,0.442028985507246,276,0.556798772946115,1
PZB01052.3,3,186580208,0.0866504886199485,0.442028985507246,276,-0.610461626591894,1
PZB01052.2,3,186580210,0.124505193586448,0.172101449275362,276,0.60470122182381,1
PZB01052.1,3,186580250,0.0671033177743549,0.436594202898551,276,0.653618813241034,1
PZA00303.19,3,187604432,0.691397753385017,0.286231884057971,276,0.136127508372997,1
PZA00303.6,3,187604478,0.923585921498759,0.313405797101449,276,0.0312559310298162,1
PZA00618.21,3,189138003,0.809754075697853,0.0634057971014493,276,0.146930779221798,1
PZA00236.7,3,189437413,0.104002866884176,0.134057971014493,276,-0.724840072211564,1
PZA01228.2,3,189861328,0.240967956999633,0.128623188405797,276,0.576208039806269,1
PZA03743.1,3,191863818,0.452136752536408,0.304347826086957,276,-0.278595127742158,1
PZA03744.1,3,191864249,0.277480130919753,0.291666666666667,276,-0.425866607641338,1
PHM13673.53,3,192236275,0.687791908206048,0.369565217391304,276,0.139328792305256,1
PZB01223.1,3,192865017,0.205445988476904,0.0144927536231884,276,-1.43761042345494,1
PZB01223.3,3,192865132,0.0857949460636632,0.342391304347826,276,-0.567341243583838,1
PZB01223.2,3,192865246,0.63596913605957,0.0489130434782609,276,-0.334621243505502,1
PZA03255.1,3,193565357,0.00366118728873936,0.40036231884058,276,0.966319368186624,0.734857357561887
PZA03255.3,3,193565631,0.729698350981085,0.25,276,-0.129053822324921,1
PZA03255.4,3,193565736,0.969829447533146,0.231884057971015,276,0.0139534240072896,1
PZB02516.2,3,193566873,0.00264764658726116,0.177536231884058,276,-1.23258072346842,0.734857357561887
PZB02516.3,3,193566974,0.0911663412545331,0.0344202898550725,276,1.26146693885098,1
PZB02516.1,3,193567255,0.0641853673576976,0.338768115942029,276,-0.634153294903262,1
PZA02952.10,3,194250329,0.321826357975731,0.072463768115942,276,0.589582177466312,1
PZA02952.7,3,194250404,0.929323918690512,0.16304347826087,276,-0.0365341123384848,1
PZB01109.1,3,194643731,0.97051025354358,0.235507246376812,276,-0.0125745834354107,1
PZB01109.2,3,194643852,0.897537656437914,0.463768115942029,276,0.0389909644430875,1
PZA01035.1,3,195407066,0.197643651935902,0.152173913043478,276,0.648520956018002,1
PZA00308.24,3,196191461,0.92666239523271,0.143115942028985,276,-0.0541852054016143,1
PZA00308.23,3,196191494,1,0,276,NA,1
PZA01457.1,3,196870327,0.0610069596112401,0.0923913043478261,276,1.48610779900403,1
PZA00201.2,3,197456470,0.0371021943783123,0.0344202898550725,276,-1.98036424079128,1
PZA02122.9,3,197797720,0.553393851114122,0.217391304347826,276,-0.244744436926014,1
PZD00004.3,3,199478329,0.386752440297568,0.0797101449275362,276,-0.594549691325649,1
PZA00892.5,3,199886201,0.109934237564019,0.364130434782609,276,0.529660373992725,1
PZA03224.3,3,200142461,0.640856427579654,0.282608695652174,276,0.150322726689789,1
PZA03224.4,3,200142700,0.281708189434684,0.135869565217391,276,0.497619482666728,1
PZA03224.1,3,200142836,1,0,276,NA,1
PZA03008.21,3,200201258,0.662257561314973,0.0434782608695652,276,-0.324780764559675,1
PZA03011.6,3,201790247,0.688245501750987,0.088768115942029,276,-0.211162881366848,1
PZA03154.2,3,202363996,0.149822263849339,0.418478260869565,276,-0.467066670141219,1
PZA03154.4,3,202364106,0.834061576445024,0.451086956521739,276,0.0740891639886634,1
PZA03154.1,3,202364418,0.863498614368533,0.219202898550725,276,0.0696649634721584,1
PZB01449.2,3,202569690,0.565485896577792,0.403985507246377,276,-0.185470876539183,1
PZB01449.3,3,202569749,0.0631798419066988,0.215579710144927,276,0.683220687251796,1
PZA00047.2,3,203908761,0.314050343004503,0.193840579710145,276,-0.380588766382971,1
PZA00220.2,3,206760654,0.723298708832878,0.356884057971015,276,-0.107749474503669,1
PZA00220.11,3,206760693,0.944532476402344,0.0778985507246377,276,-0.0378629975953917,1
PZA00538.18,3,206889455,0.77703293420865,0.271739130434783,276,0.104451879093491,1
PZA00538.15,3,206889707,0.0871939991368645,0.396739130434783,276,-0.542276266447353,1
PZA00538.7,3,206889794,0.0394200939782072,0.456521739130435,276,0.688336947853495,1
PZA02516.1,3,208180035,0.153372777901661,0.130434782608696,276,0.846960126108997,1
PZA03349.4,3,209957688,0.666228056867749,0.0181159420289855,276,0.470250793185255,1
PZA03349.1,3,209957849,0.88280143163594,0.0942028985507246,276,0.0780006940151186,1
PZA03346.6,3,210558095,0.0221046171648979,0.0471014492753623,276,2.01311962607869,1
PZA03346.5,3,210558393,0.953536108714997,0.172101449275362,276,0.0227332227818415,1
PZA03553.1,3,210635720,0.0513245274493086,0.0579710144927536,276,-1.38393422502718,1
PZB01457.1,3,212725801,0.73899163189565,0.489130434782609,276,-0.103012113667773,1
PZB01457.3,3,212726119,0.447511064565732,0.420289855072464,276,0.246052132117253,1
PZA03146.3,3,214272799,0.0921321234069172,0.125,276,0.718522960550339,1
PZA03146.1,3,214272814,0.112908265209113,0.259057971014493,276,-0.540196181482184,1
PZA03146.4,3,214272883,0.139743539045,0.465579710144928,276,0.49342583038967,1
PZA03146.2,3,214273072,0.884462155566359,0.159420289855073,276,0.056900383960655,1
sh2.4,3,214838405,0.562602327240726,0.277173913043478,276,-0.20260001863902,1
sh2.3,3,214839793,0.921462564500924,0.376811594202899,276,-0.0311259974821212,1
sh2.21,3,214840195,0.54057670261887,0.146739130434783,276,-0.309344166347623,1
sh2.2,3,214843092,0.432586999893156,0.306159420289855,276,0.271463799210801,1
sh2.1,3,214843730,0.698875050320288,0.360507246376812,276,0.125761099488408,1
PZA00750.1,3,215844498,0.965646916368569,0.278985507246377,276,-0.0173247854114751,1
PZA01154.1,3,216028207,0.150640164736984,0.246376811594203,276,0.511283115157922,1
PHM3342.31,3,216028374,0.372491261689072,0.309782608695652,276,0.309316261764319,1
PZA02665.2,3,216624570,0.744181661058958,0.398550724637681,276,-0.0939225818827463,1
PZA01233.1,3,216768571,0.877863064048527,0.309782608695652,276,0.0539135027168629,1
PZA02514.1,3,216915474,0.95198300570556,0.0887681159420289,276,0.0372127718591866,1
PZB02076.3,3,217328675,0.715490963722867,0.0289855072463768,276,0.288721361259612,1
PZB02076.1,3,217328892,0.391105439608406,0.159420289855072,276,-0.350579467706559,1
PZA02824.3,3,217329647,0.719727788100379,0.0996376811594203,276,0.17704853102476,1
PZA02824.1,3,217329679,0.731316879851186,0.164855072463768,276,-0.133066386298959,1
PZA02668.2,3,218119861,0.543086474441281,0.172101449275362,276,-0.265213954610538,1
PZA00219.7,3,219309085,0.894665272898379,0.465579710144927,276,-0.0396451312914436,1
PZA00219.6,3,219309117,0.254623979346413,0.375,276,0.364673411972714,1
PZA03360.1,3,219587062,0.763770673210877,0.184782608695652,276,0.116621197605594,1
PZA03391.1,3,219859920,0.616289332821822,0.36231884057971,276,0.160874004608215,1
PHM2672.19,3,219860052,0.974184467035069,0.420289855072464,276,-0.0101944960582332,1
PZA03391.3,3,219860155,0.328210806024968,0.0181159420289855,276,1.07632085084079,1
PZA00234.19,3,221730567,0.812902773065782,0.257246376811594,276,-0.0842456736119654,1
PZA00234.21,3,221730615,0.762777644317779,0.175724637681159,276,-0.127608201380333,1
PZA02789.36,3,222114560,0.503928478287484,0.251811594202899,276,-0.241499059654011,1
PZA02789.31,3,222114627,0.322038496272318,0.119565217391304,276,-0.475603338728241,1
PZB00954.1,3,222262745,0.106795399910561,0.0887681159420289,276,-0.884816865396841,1
PZA00572.1,3,222602120,0.151753762532823,0.213768115942029,276,-0.547843168707034,1
PZA00572.2,3,222602260,0.471754032120857,0.266304347826087,276,0.245777825602633,1
PZA00316.2,3,223513366,0.690932255250686,0.344202898550725,276,-0.124137640029616,1
PZA00316.9,3,223513444,0.886484732607016,0.317028985507246,276,-0.0460528914446898,1
PZA01688.3,3,223670423,0.48057853093141,0.251811594202899,276,-0.239706692010983,1
PZA01360.3,3,223867414,0.86990163764608,0.175724637681159,276,0.068606094779299,1
PZA02182.1,3,224184375,0.333001080471815,0.259057971014493,276,-0.364204830335594,1
PZA00143.5,3,224903492,0.250094471771791,0.123188405797101,276,-0.499922791994273,1
PZA00420.1,3,226872335,0.0981570100758791,0.246376811594203,276,0.547283037953043,1
PHM2423.33,3,227682147,0.962640140831436,0.445652173913043,276,-0.0142201981084054,1
PZA00088.3,3,228614270,0.134421486745643,0.480072463768116,276,0.48602867076204,1
PZB01460.1,3,229544509,0.644565510583137,0.25,276,0.16575170761348,1
PZA03013.7,4,139753,0.640444026736158,0.15036231884058,276,0.212213948873535,1
PZA03013.8,4,139810,0.885320457800331,0.141304347826087,276,-0.0681974320392877,1
PZA00216.8,4,2589311,0.291929916778562,0.157608695652174,276,-0.416216066023863,1
PZA00216.2,4,2589348,0.936093143508114,0.398550724637681,276,0.0276739705760036,1
PZA00136.2,4,2637306,0.389516586021718,0.193840579710145,276,-0.328576141213623,1
PZA00136.1,4,2637441,0.299174406690406,0.436594202898551,276,0.318283288431835,1
PZA03109.3,4,2638771,0.861692602008053,0.0289855072463768,276,-0.141072934366559,1
PZA03109.2,4,2638925,0.494188568330006,0.0742753623188406,276,0.361451678112302,1
PZA03109.1,4,2639015,0.948032582890136,0.22463768115942,276,0.0231426410324724,1
PZA03106.1,4,2846701,0.673381287940772,0.478260869565217,276,0.138462393176573,1
PZA03107.1,4,2851075,0.758664929662673,0.248188405797101,276,0.115292605255182,1
PZA00700.1,4,2852707,0.609270399774557,0.440217391304348,276,0.159153397167396,1
PZA00700.3,4,2852810,0.391123701306055,0.233695652173913,276,0.310253772568057,1
PHM2438.28,4,3548007,0.672130391142521,0.440217391304348,276,0.126242726472436,1
PZA03227.1,4,3895352,0.0871108051029619,0.449275362318841,276,-0.548020071046821,1
PZA03227.2,4,3895510,0.323591538383117,0.101449275362319,276,0.51274644688027,1
PZA00371.5,4,4867968,0.987503324712873,0.447463768115942,276,0.00513005126809674,1
PZB02080.2,4,4980478,0.718325725929375,0.0181159420289855,276,0.356712640912967,1
PZB02080.1,4,4980568,0.808086510803382,0.172101449275362,276,-0.0951386796446974,1
PZA00436.7,4,6401332,0.830824363569921,0.380434782608696,276,-0.0685852435054084,1
PZA00683.1,4,6612098,0.163293198577607,0.34963768115942,276,0.455833302226869,1
PZA00683.2,4,6612185,0.233888814786923,0.201086956521739,276,0.457398788177362,1
PZA02358.1,4,11329241,0.110651834981861,0.385869565217391,276,0.481806676458831,1
PZA02138.1,4,11856246,0.445109054601185,0.41304347826087,276,0.237845851752171,1
PZA01122.1,4,12618115,0.202965177269903,0.177536231884058,276,-0.592388623713784,1
PZA00078.4,4,18502089,0.518270766066769,0.483695652173913,276,-0.209355287993456,1
PZA00078.2,4,18502179,0.113127478831219,0.364130434782609,276,0.532128885535417,1
PZA00139.4,4,20064925,0.726741517581358,0.438405797101449,276,0.113161120862608,1
PZA00139.14,4,20065054,0.538606761631353,0.052536231884058,276,-0.419949528064196,1
PZA01422.3,4,24475394,0.776559129328686,0.26268115942029,276,-0.105558241060497,1
PZA00644.11,4,25192009,0.0805878591121442,0.0905797101449275,276,-0.937020387820565,1
PZA00488.1,4,28192994,1,0,276,NA,1
PZB01619.2,4,29030873,0.559850410653458,0.367753623188406,276,-0.189387574025851,1
PZA02457.1,4,29031200,0.915191188852701,0.358695652173913,276,-0.0357167717305371,1
PZA03643.2,4,29209179,0.272167989873198,0.0978260869565217,276,0.582808683144246,1
PZA03643.1,4,29209351,0.286506784517423,0.128623188405797,276,0.472258083656267,1
PZA03693.1,4,29209539,0.00953074624931598,0.0307971014492754,276,1.99907955536865,0.988330448343991
PZA03043.8,4,32099560,0.715439480546563,0.41304347826087,276,0.122351822481729,1
PZA03043.14,4,32099732,0.560735323356143,0.423913043478261,276,-0.195886948570319,1
PZA02705.1,4,33860915,0.171049145041982,0.134057971014493,276,0.63233658006425,1
PHM15427.11,4,33862684,0.545873608665046,0.481884057971015,276,0.190772489714607,1
PHM13623.14,4,35051574,0.370106649560675,0.166666666666667,276,-0.415222559356985,1
PZA01106.3,4,35051622,0.0748571752132495,0.159420289855073,276,-0.86825648948935,1
PZA01713.4,4,35384247,0.723712824653113,0.251811594202899,276,-0.126602124259753,1
PZA03247.1,4,35769506,0.22599179417557,0.286231884057971,276,-0.399999479638371,1
PZA03247.3,4,35769858,0.248483902063791,0.0108695652173913,276,1.57065041503649,1
PZA00125.2,4,36047409,0.629813010757618,0.358695652173913,276,-0.160802701678201,1
PZA00125.8,4,36047549,0.668299580641969,0.0923913043478261,276,0.239221164449232,1
PZA03385.1,4,37067373,0.0842120317949892,0.33695652173913,276,-0.60923863187931,1
PZA03385.2,4,37067501,0.386130308750625,0.297101449275362,276,0.308194512213604,1
PZA01751.2,4,37185517,0.935954915408626,0.293478260869565,276,0.0306271189981429,1
PZA02968.3,4,38941049,1,0,276,NA,1
PZA02968.4,4,38941090,0.0307330783611902,0.0942028985507246,276,-1.02528958347583,1
PZA00315.6,4,39975220,0.708348758024524,0.208333333333333,276,-0.151265263934371,1
PZA00315.1,4,39975317,0.310745086701969,0.204710144927536,276,0.445297586176976,1
PZA03420.1,4,41178032,0.34304523511535,0.13768115942029,276,-0.435461839154257,1
su1.3,4,41188938,0.283940615741928,0.0615942028985507,276,0.708869577772421,1
su1.4,4,41189019,0.273301148032986,0.13768115942029,276,0.4949930629022,1
su1.1,4,41191526,0.688980524642177,0.182971014492754,276,-0.167169901253103,1
PZA00699.1,4,45378466,0.294515096114665,0.210144927536232,276,0.379937439726131,1
PZA00699.5,4,45378492,0.264633943661458,0.0543478260869565,276,0.631137233241445,1
PZA03337.1,4,47028353,0.637329888134374,0.141304347826087,276,-0.197686062395549,1
PZA00445.18,4,49713883,1,0,276,NA,1
PZA01759.1,4,60429503,0.263879374253219,0.217391304347826,276,0.434601525114533,1
PZA00726.6,4,60767943,0.139706591068136,0.371376811594203,276,0.559424487421488,1
PZA00726.7,4,60767994,0.0929401472890131,0.353260869565217,276,-0.634415491953359,1
PZA00726.10,4,60768063,0.0822250840332148,0.364130434782609,276,0.649438588426356,1
PHM14055.6,4,60768111,0.0738919336161979,0.382246376811594,276,0.668457722201599,1
PZB00129.1,4,63721981,1,0,276,NA,1
PHM1307.11,4,63722896,0.468670392070919,0.38768115942029,276,0.254909872571451,1
bt2.2,4,66287455,0.928573641797739,0.324275362318841,276,-0.029712245487455,1
bt2.4,4,66288635,0.859774390363486,0.0670289855072463,276,-0.10295061389542,1
bt2.7,4,66290994,0.445056457555359,0.298913043478261,276,-0.265259862343891,1
PZA03706.1,4,73077404,0.982555381985775,0.13768115942029,276,-0.0118705394525698,1
PZA03254.1,4,73176932,0.767510613841321,0.135869565217391,276,0.159664164733128,1
PZA03254.2,4,73177100,0.610912811580287,0.170289855072464,276,-0.254812702555983,1
PZA03254.3,4,73177257,0.80162568400469,0.148550724637681,276,-0.132915660809966,1
PZA03705.1,4,73178489,0.860756554822468,0.135869565217391,276,0.0938328875149135,1
PZA03586.1,4,73307190,0.757818312622144,0.134057971014493,276,0.165822511523323,1
PZA03751.1,4,73307596,0.805464585442156,0.15036231884058,276,0.134892427309875,1
PZA03752.2,4,73309421,0.650518245605037,0.184782608695652,276,-0.199601769245915,1
PZA03752.1,4,73309674,0.729398122372394,0.199275362318841,276,0.142726009618237,1
PZA03753.2,4,73310537,0.509792948534572,0.00724637681159424,276,-1.10930443166181,1
PZA03753.1,4,73310789,0.558073309065095,0.192028985507246,276,-0.252361651545383,1
PZA03587.2,4,73311191,0.974322215332913,0.271739130434783,276,-0.0117064825345814,1
PZA03753.3,4,73311260,0.552559577151063,0.128623188405797,276,0.323648643669095,1
PZA00548.13,4,74062781,0.751338778912668,0.291666666666667,276,-0.11067653007866,1
PZA00548.3,4,74062865,0.836452356156467,0.195652173913043,276,-0.0771805681725173,1
PZA03597.1,4,74239902,0.748271547202734,0.326086956521739,276,0.106304323736082,1
PZA02938.5,4,75728833,0.118297016189975,0.213768115942029,276,0.598811369757188,1
PZA02938.3,4,75728870,0.294052843127378,0.201086956521739,276,0.40661783533156,1
PZA03270.2,4,76122802,0.186399131022171,0.202898550724638,276,-0.5360777483773,1
PZA03270.1,4,76122822,0.908647966737224,0.36231884057971,276,0.0378807031916266,1
PZA03270.3,4,76122886,0.772218092326638,0.382246376811594,276,-0.0939196182319209,1
PZA03270.4,4,76122917,0.780714725013669,0.119565217391304,276,-0.124056928094889,1
PZA03270.5,4,76123039,0.0390122163766035,0.134057971014493,276,0.91114855402434,1
PZA00218.1,4,78946415,0.529743552838243,0.347826086956522,276,0.213045803077961,1
PZA00218.6,4,78946482,0.994469366327904,0.143115942028985,276,-0.00313774503022035,1
PZA03372.3,4,85850410,0.0605230525752064,0.286231884057971,276,0.653789413646749,1
PZA03564.2,4,86797585,0.015798884461997,0.0344202898550725,276,-1.88128070625201,1
PZA03564.1,4,86797748,0.383817905897174,0.40036231884058,276,0.271073617546537,1
PZA03562.1,4,86798226,0.882623584876733,0.121376811594203,276,0.0661383734077701,1
PZA03562.3,4,86798403,0.0268930466518754,0.0362318840579711,276,-1.70891343189748,1
PZA03203.1,4,90203655,0.883206032752954,0.434782608695652,276,0.0456464407811297,1
PZA03203.2,4,90203822,0.474217516263227,0.333333333333333,276,0.231197279657663,1
PZA03367.2,4,91417549,0.549876663372624,0.0561594202898551,276,-0.384316866292362,1
PZA03367.1,4,91417897,0.0212864787714479,0.106884057971014,276,1.06685794940604,1
PZA00104.1,4,93812507,0.696604611564036,0.128623188405797,276,-0.185151404383267,1
PZA00630.9,4,103665461,1,0,276,NA,1
PZA03231.1,4,104160525,0.0922589269762714,0.282608695652174,276,0.586503382654196,1
PZA03536.1,4,107751353,0.39858573134989,0.373188405797101,276,0.249108972559285,1
PZA03536.2,4,107751403,0.469161161833227,0.130434782608696,276,0.355167058267921,1
PZA03535.3,4,107751627,0.547219819614609,0.152173913043478,276,0.267840874218393,1
PZA03535.2,4,107751727,0.721539503662992,0.347826086956522,276,0.111955336100626,1
PZA00092.5,4,113503635,0.840965755776663,0.0579710144927536,276,-0.133491379305686,1
PZA00092.1,4,113503659,0.0342005320127917,0.217391304347826,276,-0.795004648657612,1
PZB02053.3,4,116875640,0.2838291047793,0.0181159420289855,276,1.17682521534658,1
PZB02053.1,4,116875947,0.384802206437374,0.101449275362319,276,-0.433407265673825,1
PZB02053.2,4,116876114,0.60451656668556,0.088768115942029,276,0.256903769529231,1
PZA00549.3,4,117510363,0.632300765968371,0.052536231884058,276,0.329651341873703,1
PZA03376.1,4,120655021,0.072005559465511,0.152173913043478,276,0.789302214640876,1
PZA03376.2,4,120655387,0.0432712198608014,0.0778985507246377,276,-1.26848121289107,1
PZB00104.3,4,122795133,0.268411327452173,0.278985507246377,276,-0.396961267116011,1
PZB00104.2,4,122795210,0.67188519775021,0.329710144927536,276,0.142753886116195,1
PZB00104.1,4,122795343,0.550093377020108,0.128623188405797,276,-0.248643195833059,1
PZB00153.1,4,122795391,0.241415090354682,0.195652173913043,276,-0.432787535326085,1
PZB00093.7,4,122795990,0.759929826962076,0.206521739130435,276,0.116286230008552,1
PZB00093.2,4,122796082,0.0505966681397443,0.240942028985507,276,0.720224404610024,1
PZB00093.1,4,122796119,0.92861818793293,0.327898550724638,276,0.0302047341652338,1
PZA00662.3,4,123175449,0.703597356437338,0.0452898550724638,276,-0.283278096540432,1
PZA00704.1,4,128552705,0.143913032779572,0.311594202898551,276,0.52136343327468,1
PZA00704.11,4,128552748,1,0,276,NA,1
PZA03409.1,4,128632208,0.701654512605661,0.443840579710145,276,0.119390090370769,1
PZA03409.2,4,128632484,0.634651174442923,0.33695652173913,276,-0.166972935040407,1
PZA03409.4,4,128632580,0.274864256316762,0.00724637681159424,276,-1.92496067502006,1
PZA03409.3,4,128632696,0.164900608104852,0.101449275362319,276,-0.696727447275128,1
PZB01080.2,4,129825080,0.664667652867535,0.0597826086956522,276,0.31426059674348,1
PZB01080.1,4,129825130,0.806483653799638,0.23731884057971,276,0.092903069156115,1
PZB01689.1,4,129831216,0.801521080651064,0.431159420289855,276,-0.0815915761101165,1
PZB01689.2,4,129831266,0.466302075741083,0.226449275362319,276,-0.2801018172764,1
PZA00151.2,4,131016731,0.111222900849569,0.418478260869565,276,-0.50510214459737,1
Fea2.2,4,132734439,0.926279971505578,0.23731884057971,276,-0.0363974982263846,1
Fea2.6,4,132734608,0.97998255400798,0.0597826086956522,276,0.0160343255707058,1
Fea2.3,4,132734721,0.152892688249388,0.188405797101449,276,0.562400171059439,1
Fea2.5,4,132734849,0.631322120548682,0.144927536231884,276,-0.208808690215117,1
Fea2.1,4,132735271,0.157382632185808,0.365942028985507,276,0.451217648005862,1
Fea2.4,4,132736424,0.97552479628034,0.295289855072464,276,0.0104898674022713,1
PZA02988.2,4,133757006,0.18035484573279,0.0670289855072464,276,-0.956522701782046,1
PZA03288.1,4,136297005,0.836289389727824,0.230072463768116,276,-0.0738664354771261,1
PZA03288.2,4,136297062,0.296733908796998,0.233695652173913,276,0.377930554290786,1
PZA00663.5,4,141267246,0.557320234736071,0.282608695652174,276,0.216147370563382,1
PZA02147.1,4,143945759,0.150845513639137,0.215579710144927,276,0.603947379697783,1
PZA03174.3,4,146943233,0.0983677773731502,0.188405797101449,276,-0.699494888436122,1
PZA03152.2,4,147044761,0.369708426329307,0.0362318840579711,276,-0.709471288600781,1
PZA03152.3,4,147044805,0.160710082697421,0.170289855072464,276,-0.642712539652233,1
PZA03152.1,4,147045281,0.856705916889341,0.208333333333333,276,0.0721430586881384,1
PZA02982.5,4,148401074,0.108627421055535,0.115942028985507,276,0.783786122312351,1
PZA02982.6,4,148401263,0.660935387705809,0.302536231884058,276,0.149989160209811,1
PZA02982.7,4,148401277,0.85538130176895,0.0869565217391304,276,-0.131307820782381,1
PZA00523.2,4,148408488,0.380827467910543,0.036231884057971,276,0.630925997786371,1
PZA03331.3,4,149531082,0.404031735035262,0.108695652173913,276,0.40057390135415,1
PZA03297.1,4,149531179,0.630843749312756,0.291666666666667,276,0.156725898197676,1
PZA03331.7,4,149531206,0.81837137690164,0.0851449275362319,276,0.105013284903731,1
PZA02992.15,4,149588842,0.0380453271096677,0.128623188405797,276,1.02510599170297,1
PZA02992.1,4,149589133,0.676433592974341,0.353260869565217,276,-0.134230098891344,1
PZA03311.2,4,153293139,0.287344384583707,0.231884057971014,276,-0.38136555555829,1
PZA03311.3,4,153293180,0.246091451519557,0.16304347826087,276,0.475130693002016,1
PZA03311.6,4,153293197,0.31558093723675,0.101449275362319,276,0.501582410827865,1
PZA03311.7,4,153293234,0.251170938499373,0.177536231884058,276,0.464533768753082,1
PZA03311.4,4,153293452,0.438385968249037,0.130434782608696,276,0.352124125385897,1
PZA03311.5,4,153293454,0.242001902303227,0.0344202898550725,276,-1.10699371426726,1
PZA03548.1,4,153432215,1,0,276,NA,1
PZA00057.2,4,155043536,0.309298108354968,0.414855072463768,276,0.338529347717237,1
PZD00018.1,4,155219858,1,0,276,NA,1
PZB00229.1,4,156289496,0.453438774469783,0.0579710144927537,276,0.526315876819726,1
PZB00092.1,4,156289818,0.94211142727212,0.0652173913043478,276,0.0442232528995827,1
PZB00229.2,4,156290035,0.65264219681429,0.0706521739130435,276,-0.258570274307528,1
PZA01926.1,4,158126191,0.282634688548727,0.333333333333333,276,0.373207014104191,1
PZA00464.6,4,158720618,0.234232937646984,0.0434782608695652,276,0.802960438393067,1
PZB01378.2,4,158720826,0.210407833928031,0.0452898550724638,276,0.792665755280179,1
PZB01378.3,4,158720827,0.766635879099315,0.0996376811594203,276,-0.139383414677201,1
PZB01378.5,4,158720850,0.309959184271719,0.0652173913043478,276,0.580043855516635,1
PZB01378.4,4,158720894,0.548463806494041,0.367753623188406,276,0.210621071948437,1
PZA03653.1,4,159982180,0.533026064798635,0.269927536231884,276,-0.222120756114108,1
PZA03654.1,4,159984727,0.206974324656123,0.277173913043478,276,-0.458316399307081,1
PZA03654.2,4,159984883,0.120012411594583,0.0289855072463768,276,1.10708963557679,1
PZA00492.26,4,160161677,0.15676444308797,0.157608695652174,276,0.579476434633373,1
PZA00492.25,4,160161764,0.0746039481771463,0.146739130434783,276,0.746569391017728,1
PZA03116.4,4,166002187,1,0,276,NA,1
PZA03116.1,4,166002318,0.484215279256767,0.393115942028985,276,0.228146074128396,1
PZA03116.2,4,166002477,0.576136428195789,0.215579710144928,276,-0.196691595177158,1
PZA00453.2,4,166281189,0.764872772826441,0.385869565217391,276,-0.0921277179111568,1
PZA00453.7,4,166281276,0.102046733884388,0.103260869565217,276,-0.768617112010854,1
PZA03379.1,4,167650111,0.128149471124767,0.0144927536231884,276,1.98988649464211,1
PZA03379.2,4,167650309,0.829342500374275,0.0253623188405797,276,-0.250054328066021,1
PZA01289.1,4,169608659,0.335330460148987,0.367753623188406,276,-0.291075744102461,1
PZA03308.3,4,170217116,0.382086837507832,0.117753623188406,276,0.371361912527947,1
PZA03308.2,4,170217259,0.641247913676391,0.0307971014492754,276,0.508057789414911,1
PZA03406.1,4,170217581,0.41010789629106,0.0434782608695652,276,-0.571968055968426,1
PZA00271.1,4,171613440,0.132371527336655,0.0996376811594203,276,0.837502061882945,1
PZA01477.3,4,172301064,0.716676003130255,0.447463768115942,276,0.104810112020945,1
PZA03314.1,4,172385940,1,0,276,NA,1
PZA02819.22,4,172692049,0.549139777586571,0.480072463768116,276,0.182573477690382,1
PZA02819.35,4,172692287,0.93231807604662,0.317028985507246,276,-0.028900932496928,1
PZA02825.4,4,173687725,0.920830609767623,0.376811594202899,276,-0.0317733490781236,1
PZA03275.4,4,174427991,0.207062372262084,0.449275362318841,276,-0.394979943368499,1
PZA03275.3,4,174428015,0.661554857910984,0.0905797101449275,276,-0.208407835853553,1
PZA03275.1,4,174428225,0.727426493074214,0.490942028985507,276,0.10402514032405,1
PZA01187.1,4,177666738,0.330531078599916,0.259057971014493,276,-0.321081487778473,1
PZB02464.2,4,177670560,1,0,276,NA,1
PZD00030.9,4,177975134,0.71180396784752,0.103260869565217,276,0.197896780793887,1
PZD00030.11,4,177975918,1,0,276,NA,1
PZD00030.2,4,177976082,0.607308246911496,0.206521739130435,276,-0.186292844875715,1
PZD00030.10,4,177976308,1,0,276,NA,1
PZD00030.8,4,177976360,0.0999244278402278,0.0742753623188406,276,0.901494493576685,1
PZD00029.3,4,177980567,1,0,276,NA,1
PZD00029.4,4,177980783,0.0451698534270387,0.0126811594202899,276,-2.49586810652805,1
PZB00282.2,4,178735388,0.461834917941406,0.318840579710145,276,0.26541732401483,1
PHM3637.14,4,179758341,0.559432783546852,0.327898550724638,276,-0.180275835129303,1
PZA02194.1,4,180309373,0.638054358427537,0.173913043478261,276,0.190280609151233,1
PZA02289.2,4,180316143,0.605513993498635,0.221014492753623,276,0.175111179859473,1
PZB01090.1,4,181809360,1,0,276,NA,1
PZA03445.1,4,182713785,0.769849147999013,0.208333333333333,276,-0.105974213610383,1
PZA01954.1,4,184373943,0.41172726527729,0.195652173913043,276,0.327125932899454,1
PZA03263.2,4,184717014,0.549153949111226,0.201086956521739,276,0.214416514344703,1
PZA03263.1,4,184717135,0.542793948364164,0.271739130434783,276,0.207752494012124,1
PZA03158.3,4,184717455,0.120832364893531,0.206521739130435,276,-0.533499503045265,1
PZA03158.1,4,184717653,0.609287818786035,0.456521739130435,276,0.154840952053423,1
PZA02949.25,4,185103244,1,0,276,NA,1
PZA02949.22,4,185103471,0.549446396894764,0.115942028985507,276,0.28776132817082,1
PZA00941.2,4,185562016,0.154244356081671,0.467391304347826,276,-0.416531272506218,1
PZA00344.10,4,193202013,0.438753131909078,0.208333333333333,276,-0.336868973124002,1
PZB01461.3,4,194092746,0.674318425776223,0.117753623188406,276,0.182157828198697,1
PZB01461.2,4,194092806,0.477593296581646,0.300724637681159,276,0.222875465590146,1
PZB01461.1,4,194092995,0.966682148787916,0.269927536231884,276,0.0146458571958803,1
PZB01461.4,4,194093117,1,0,276,NA,1
PZA00332.3,4,194749230,0.340886440270688,0.34963768115942,276,0.342257569478158,1
PZA00332.5,4,194749287,0.304851236859644,0.327898550724638,276,-0.372546274035266,1
PZA00193.1,4,197964404,0.873978574837841,0.490942028985507,276,-0.0534689275750933,1
PZA00193.2,4,197964459,0.993297699878956,0.40036231884058,276,-0.00277102966675269,1
PZA03575.3,4,201131313,0.217420097729771,0.28804347826087,276,0.406014242401768,1
PZA03575.2,4,201131577,0.60795958453702,0.172101449275362,276,-0.19243736388228,1
PZA03575.4,4,201131730,0.625022884437638,0.0434782608695652,276,0.334401864144195,1
PZA01790.1,4,202245921,0.669970056141713,0.179347826086957,276,0.201787085787532,1
PZA03205.1,4,202883367,0.553616456022873,0.184782608695652,276,-0.341961537507316,1
PZA03205.3,4,202883397,0.293272358718659,0.423913043478261,276,0.321532451567471,1
PZA03534.3,4,204059060,0.00118702950152632,0.0307971014492754,276,2.49369992301267,0.734296449644183
PZA03534.1,4,204059180,0.000979027931781299,0.0561594202898551,276,2.28048016003408,0.734296449644183
PZA03533.1,4,204059957,0.134976289484186,0.052536231884058,276,-0.908683344665217,1
PZA01566.1,4,204764426,0.225217860495136,0.280797101449275,276,0.456150884635536,1
PZA02421.1,4,205427981,0.811208531536936,0.432971014492754,276,-0.0811750393744644,1
PZA00633.8,4,206492925,0.465515629710757,0.0289855072463768,276,0.647300088046837,1
PZA00633.4,4,206493021,0.04816769105023,0.492753623188406,276,-0.627821973064068,1
PZA02779.1,4,207114208,0.150944429717573,0.454710144927536,276,0.47175485755145,1
PZA03719.2,4,210235075,0.347886807001566,0.251811594202899,276,-0.327208771286788,1
PZA03719.1,4,210235180,0.644350214257321,0.33695652173913,276,-0.153985289040217,1
PZA03720.1,4,210235726,0.940664787006722,0.166666666666667,276,0.0311921649119118,1
PZA03720.2,4,210235939,0.96382764120718,0.208333333333333,276,0.0173936127717278,1
PZA03721.1,4,210236675,0.110592417219514,0.422101449275362,276,0.501186895178809,1
PZA03124.1,4,212497348,0.247864832397037,0.0778985507246377,276,0.652847986590317,1
PZA01332.2,4,212893509,0.66617034133866,0.442028985507246,276,0.141005325425352,1
PZA03081.9,4,215393158,0.194631527902251,0.286231884057971,276,0.453708067527245,1
PZA03081.6,4,215393255,1,0,276,NA,1
PZA03081.1,4,215393350,0.496489735581565,0.423913043478261,276,0.225764077175443,1
PZB01021.5,4,216310255,0.481220871888696,0.192028985507246,276,-0.264811015673036,1
PZB01021.4,4,216310366,0.21356014787921,0.052536231884058,276,-0.801956560478603,1
PZA03271.1,4,216812238,0.561441362445636,0.380434782608696,276,0.188422521359448,1
PZA03271.2,4,216812289,0.916873752829215,0.197463768115942,276,-0.0383985283340409,1
PZA03725.2,4,217610295,0.119157792136178,0.0706521739130435,276,-0.95399061307238,1
PZA03725.1,4,217610450,0.171108904738923,0.0271739130434783,276,-1.03079823036891,1
PZA02479.1,4,218367682,0.9974185384119,0.382246376811594,276,-0.00102267167032477,1
PZA02865.11,4,220857872,0.853477437429479,0.278985507246377,276,-0.0648156058547271,1
PZA00155.1,4,220885121,0.104659408939093,0.126811594202899,276,0.806016977764448,1
PZA03150.3,4,222233027,0.752400236145488,0.244565217391304,276,-0.104261280875376,1
PZA03150.4,4,222233032,0.749337942613373,0.282608695652174,276,0.119245424450226,1
PZA03155.1,4,222233078,0.222910180115512,0.344202898550725,276,0.406709282218029,1
PZA03155.3,4,222233297,0.550006458965338,0.226449275362319,276,0.200526105161721,1
PZB00878.2,4,222331942,0.272962814547152,0.190217391304348,276,0.453648507177467,1
PZB00878.3,4,222331993,0.47829745358954,0.0307971014492754,276,-0.592466596963888,1
PZB00878.1,4,222332058,0.140263436577651,0.0905797101449275,276,0.715853830991431,1
PZB00724.1,4,222332554,0.712860711430906,0.420289855072464,276,-0.121270351815959,1
PZB01022.3,4,225206525,0.997934749216736,0.471014492753623,276,0.000828697141610713,1
PZB01022.4,4,225206666,0.998999719092393,0.347826086956522,276,-0.000440141922938508,1
PZA00878.2,4,226223649,0.965746950274112,0.492753623188406,276,0.0147315511824857,1
PZA00636.7,4,226884613,0.147867479594549,0.184782608695652,276,0.551601884905293,1
PZA00399.10,4,229644826,0.784949674655708,0.478260869565217,276,-0.0788781929748088,1
PZA00521.3,4,234783765,0.397499223314142,0.36231884057971,276,0.263211654253818,1
PZA00694.6,4,235779015,0.541123331636927,0.306159420289855,276,-0.205195249877981,1
PZA03755.2,4,236401862,0.705435925552186,0.197463768115942,276,0.135617812903004,1
PZA03755.3,4,236402260,0.749014279624017,0.277173913043478,276,0.107907883632986,1
PZA03754.2,4,236403295,0.350587307912028,0.00905797101449275,276,1.44029383550336,1
PZA00209.4,4,236488577,0.117743213187845,0.26268115942029,276,0.580521248551,1
PZA00209.8,4,236488723,0.411389725891249,0.438405797101449,276,0.265893233397626,1
PZA02155.1,4,237336600,0.539852060585671,0.204710144927536,276,-0.224082530890653,1
PZA00513.1,4,238553534,0.849331887879986,0.186594202898551,276,-0.0747103265219389,1
PHM5599.20,4,239237605,0.322446001503943,0.375,276,-0.304165813796636,1
PHM5665.26,4,240769341,0.868579667221922,0.355072463768116,276,-0.0551862308963966,1
PHM2100.21,4,241723131,0.104374271311093,0.153985507246377,276,-0.861452616798788,1
PZA03322.1,4,242019413,0.247296460855457,0.360507246376812,276,0.374878777874502,1
PZA03322.5,4,242019440,0.18233024973141,0.327898550724638,276,-0.445156135502173,1
PZA03322.4,4,242019500,0.880541075094847,0.11231884057971,276,-0.075799319177948,1
PZA03322.3,4,242019759,0.27734946505527,0.173913043478261,276,-0.430043192450334,1
PZA00005.2,4,243003422,0.335374786419889,0.431159420289855,276,-0.317727721432983,1
PZA00005.5,4,243003527,0.383739067922308,0.434782608695652,276,-0.280987132336746,1
PZA03017.10,4,243222842,0.0211610560368004,0.420289855072464,276,-0.764105550801812,1
PZA03599.3,4,243935771,0.323901237030989,0.0742753623188406,276,-0.520420391591934,1
PZA03599.2,4,243935993,0.841755910119777,0.130434782608696,276,-0.0936323499824927,1
PZA03599.1,4,243936127,0.700319941773364,0.103260869565217,276,-0.185404443747394,1
PZA03598.1,4,243936876,0.201764405002196,0.347826086956522,276,-0.429026391011113,1
PZA03598.2,4,243937127,0.971728981862498,0.309782608695652,276,-0.0121998062613227,1
PZA01905.12,4,244087450,0.781893325393418,0.393115942028986,276,0.0863300411874957,1
PZA02239.12,4,244721608,0.860157707908297,0.257246376811594,276,-0.0608241288617219,1
PZA00682.16,4,244992633,0.211220911908138,0.135869565217391,276,-0.559540815490724,1
PZA00682.2,4,244992844,0.842428618573814,0.259057971014493,276,0.0677275486273303,1
PZA00051.17,4,245051599,0.703129495353954,0.0434782608695652,276,0.312465970858578,1
PZA00051.2,4,245051649,0.214384107104435,0.331521739130435,276,0.42967193359925,1
PZA00282.14,4,245123491,0.59163474820126,0.240942028985507,276,-0.201836752624985,1
PZA03762.1,4,245131700,0.141289238526918,0.454710144927536,276,-0.445058423449344,1
PZA03762.2,4,245131801,0.682996192677443,0.0181159420289855,276,0.531778751552619,1
PZA01887.1,5,656148,0.412777400261687,0.335144927536232,276,-0.266827113315301,1
PZA00684.12,5,920922,0.516917541379333,0.244565217391304,276,0.22700705315695,1
PZA02894.1,5,945545,0.583957123113327,0.313405797101449,276,0.1698783520225,1
PZA00191.5,5,2123914,0.929144071298637,0.438405797101449,276,0.028643104348189,1
PZA00191.4,5,2123961,0.797362590568817,0.496376811594203,276,-0.0826949002072683,1
PZB01352.6,5,3142800,0.139452494466448,0.119565217391304,276,0.718292052640485,1
PZB01352.4,5,3142841,0.169152574265005,0.188405797101449,276,0.561646939404164,1
PZB01352.2,5,3142954,0.359871552527802,0.184782608695652,276,-0.372051359727501,1
PZA03046.4,5,3194619,0.187053576068317,0.48731884057971,276,-0.435747390131197,1
PZA03046.3,5,3194670,0.0257006211161565,0.0452898550724638,276,1.55092316342762,1
PZA03046.2,5,3194673,0.130759314194386,0.0416666666666666,276,-1.07083751148031,1
PZA01570.1,5,3533995,0.513271874370529,0.369565217391304,276,-0.222218332060812,1
PHM13122.43,5,4190804,0.220564341344221,0.257246376811594,276,0.476004636158206,1
PZA03304.2,5,4293459,0.834841908871718,0.119565217391304,276,0.10027129360048,1
PZA03304.3,5,4293495,0.532062924041504,0.201086956521739,276,-0.238397663076333,1
PZA03304.1,5,4293537,0.483551909363433,0.483695652173913,276,-0.238139677550395,1
PZB01396.3,5,4591827,0.759481989975708,0.114130434782609,276,0.144736222618749,1
PZB01396.2,5,4592122,1,0,276,NA,1
PZA00089.3,5,5267091,0.758775251732273,0.469202898550725,276,0.0876239521299438,1
PZA03186.1,5,5476347,0.197780572968298,0.0996376811594203,276,0.598178946686813,1
PZA03186.2,5,5476395,0.954385370998913,0.0670289855072463,276,-0.0317586082221339,1
PZA02653.12,5,5917587,0.965231806283813,0.327898550724638,276,-0.0149819640204956,1
PZA02462.1,5,6820571,0.811639182442447,0.471014492753623,276,-0.0728308086753411,1
PZB00081.4,5,6960673,0.848029176048527,0.346014492753623,276,-0.0690805125871008,1
PZB00081.2,5,6960836,0.359008766563405,0.36231884057971,276,-0.325534029254769,1
PZB00081.3,5,6961461,0.643144057657666,0.101449275362319,276,-0.235387842370557,1
PZB00081.5,5,6961472,0.133102458778186,0.0597826086956522,276,-0.873006692122752,1
PZB00045.3,5,7082937,0.099660288076264,0.391304347826087,276,0.507784483747328,1
PZB00045.2,5,7082974,0.22073800771152,0.0942028985507246,276,0.595373399426507,1
PZB00054.3,5,7086096,0.429220898845523,0.115942028985507,276,0.462240453884561,1
PZB00102.1,5,7086922,0.676688651925534,0.215579710144927,276,-0.174121243677217,1
PZB00102.2,5,7087084,0.925676973066187,0.172101449275362,276,0.0411636557808615,1
PZB02107.1,5,7087183,0.349968942146328,0.197463768115942,276,-0.397312331250778,1
PZA03584.1,5,7103451,0.511989225292529,0.266304347826087,276,-0.243020338899093,1
PZA03584.2,5,7103536,0.812809711785603,0.0271739130434783,276,0.206429288429433,1
PZA02753.1,5,7216587,0.0523127718158559,0.420289855072464,276,-0.580529250590116,1
PZA03303.7,5,7648691,1,0,276,NA,1
PZA03303.3,5,7648721,0.758265582165972,0.0471014492753623,276,0.207371929976352,1
PZA03303.6,5,7648847,0.911754721141701,0.132246376811594,276,-0.0481736091255449,1
PZB01993.2,5,7831264,0.314331772223829,0.327898550724638,276,0.328423753115903,1
PZB01993.5,5,7831417,1,0,276,NA,1
PZB01993.3,5,7831723,0.981973758254393,0.155797101449275,276,-0.00893561331232484,1
PZB00094.1,5,7946002,0.139395818132051,0.5,276,0.428958570501107,1
PZA01925.1,5,8598835,0.986226722723133,0.219202898550725,276,-0.00629468562697655,1
PZA00865.1,5,9279776,0.100353404531775,0.233695652173913,276,0.541476329411627,1
PZA00281.1,5,9965510,0.632860847710906,0.463768115942029,276,-0.142157925880129,1
PZA00281.13,5,9965534,0.0556989343003175,0.106884057971014,276,0.855042737248834,1
PZB00182.3,5,10055221,0.0217729586073807,0.344202898550725,276,0.730896840275912,1
PZB00188.2,5,10055420,0.740693786148928,0.088768115942029,276,-0.162754476068027,1
PZB00188.1,5,10055423,0.219774105215954,0.260869565217391,276,-0.431583547080026,1
PZB00069.1,5,10058612,0.840514596230831,0.402173913043478,276,0.0620760823288578,1
PZA03244.3,5,10752336,0.416168017791935,0.00543478260869568,276,-1.55855641050564,1
PZA03244.5,5,10752397,0.686586055655617,0.0072463768115942,276,0.695676218365321,1
PZA03244.1,5,10752476,0.208945227376198,0.333333333333333,276,-0.417138459945902,1
PZA03244.6,5,10752728,0.385202549168778,0.378623188405797,276,-0.282289048534007,1
PZA03244.2,5,10752817,1,0,276,NA,1
PZA03244.4,5,10752928,0.766126597055856,0.11231884057971,276,0.141550576675915,1
PZB00079.2,5,11737498,0.484228129235894,0.411231884057971,276,0.212543875339974,1
PZB00079.4,5,11737636,0.485505979731028,0.139492753623188,276,-0.312354793279358,1
PZB00079.3,5,11737747,0.278338798617631,0.277173913043478,276,0.379518918064351,1
PZB01479.1,5,11738957,0.791015484973403,0.0362318840579711,276,0.306229040143521,1
PZA03678.1,5,11904119,0.935343144206213,0.106884057971015,276,0.0378032524975485,1
PZA03092.7,5,11992708,0.0698113585660151,0.403985507246377,276,-0.548863469423539,1
PZB01642.1,5,12337501,0.838599457173892,0.0706521739130435,276,-0.108138844972544,1
PZB01642.2,5,12338040,0.727465062439365,0.0670289855072463,276,0.192150714313467,1
PZA00004.2,5,13542371,0.511175415710865,0.228260869565217,276,-0.241329001152501,1
PZA00112.3,5,13664532,0.221779974851706,0.253623188405797,276,-0.433671196770202,1
PZA00112.4,5,13664643,0.129369624326879,0.425724637681159,276,0.478873088043321,1
PZA00112.5,5,13664679,0.101506137271524,0.117753623188406,276,0.842627145446133,1
PZA00985.1,5,13981667,0.00993754581558162,0.360507246376812,276,0.895375669791761,0.988330448343991
PZA01327.1,5,15056528,0.840455188243828,0.469202898550725,276,0.0622460034463497,1
PZA01523.1,5,16208240,0.814987466640673,0.152173913043478,276,0.0963197606447654,1
PZA03371.2,5,17231557,0.182864750216578,0.0760869565217391,276,0.674809933081509,1
PZA03371.1,5,17231824,0.464107662126399,0.0362318840579711,276,0.628084917388133,1
PZA03371.3,5,17232075,1,0,276,NA,1
PZA00247.5,5,18038315,0.927858890607671,0.172101449275362,276,-0.0371805220598029,1
PZA00517.6,5,18240488,0.502915593995838,0.0615942028985507,276,-0.442909756189083,1
PZA00517.4,5,18240536,0.921842048930936,0.144927536231884,276,0.0382592389928469,1
PZB00223.1,5,19973068,0.408305907574556,0.338768115942029,276,-0.266395383080723,1
PZB00223.2,5,19973210,0.532694980067471,0.155797101449275,276,-0.241793670388559,1
PZB00223.3,5,19973330,0.970931320714448,0.0489130434782609,276,-0.0283898014303754,1
PZA03226.2,5,20089671,0.620086926365212,0.375,276,-0.160235398434425,1
PZA03226.3,5,20089946,0.776259913267988,0.338768115942029,276,-0.0969733109195103,1
PZA03340.1,5,20200927,0.398716399104349,0.436594202898551,276,0.278786625771739,1
PZA03340.3,5,20200987,0.33507583151098,0.0869565217391305,276,0.46175807311178,1
PZA03340.2,5,20201009,0.287314665123625,0.320652173913043,276,-0.359932589178151,1
PZA02792.26,5,21770965,0.00772208815280602,0.492753623188406,276,0.962395774052596,0.975598422275903
PZA02792.25,5,21771015,0.00259647369634812,0.498188405797101,276,-1.08776443946125,0.734857357561887
PZA02792.18,5,21771204,0.18811819934573,0.110507246376812,276,0.667707436187317,1
PZA02792.16,5,21771297,0.0156840847896905,0.485507246376812,276,0.859744179405141,1
PZA02792.9,5,21771433,0.000975678300351277,0.489130434782609,276,1.19071635980833,0.734296449644183
PZA03298.1,5,21811793,0.128048313396185,0.342391304347826,276,0.484351272999547,1
PZA03298.3,5,21811854,0.442028823791956,0.103260869565217,276,0.428253569884228,1
PZB01983.2,5,23437363,0.269274359047195,0.0797101449275363,276,-0.667751079566628,1
PZB01983.1,5,23437641,0.21836254704423,0.11231884057971,276,-0.61351043235598,1
PZA00329.3,5,24480823,0.0438637588175616,0.452898550724638,276,0.628448842988273,1
PZA00934.2,5,30064518,0.593707204649719,0.434782608695652,276,0.160024947448389,1
PZA02113.1,5,30239292,0.917422551768248,0.445652173913043,276,-0.0316309834532247,1
PZB00579.2,5,32365820,0.276845487828854,0.0072463768115942,276,1.79760656864172,1
PZB00579.1,5,32366013,0.653370574715137,0.0489130434782609,276,0.305055925765423,1
PZB00869.4,5,32366193,0.473089405588876,0.385869565217391,276,0.240905754393682,1
PZB00869.1,5,32366223,0.398127701806169,0.38768115942029,276,-0.279825807349983,1
PZB00869.2,5,32366232,0.101327357421227,0.300724637681159,276,-0.535341016038943,1
PZA01563.1,5,32599139,0.72597842621308,0.166666666666667,276,0.168652268804953,1
PZA00499.10,5,34586816,0.838475631242655,0.0670289855072463,276,-0.129227759947524,1
PZA00499.3,5,34586850,0.0250880360892146,0.423913043478261,276,-0.67111635013309,1
PZA00449.2,5,37511797,0.877508982987172,0.166666666666667,276,0.0608473970730143,1
PZA03261.1,5,41024015,0.440292217953046,0.0706521739130435,276,-0.427384876786073,1
PZA03217.1,5,41024709,0.89397842939388,0.431159420289855,276,0.0422289592427412,1
PZA03217.2,5,41024758,0.913591157607049,0.427536231884058,276,-0.0339125557443785,1
PZA00629.21,5,42492559,0.858393455222346,0.11231884057971,276,0.10180946149942,1
PZA00407.8,5,48828125,0.731206089062487,0.0199275362318841,276,-0.356433834734277,1
PZA02207.1,5,49203492,0.176026564865116,0.394927536231884,276,-0.406558688203569,1
PZA00401.6,5,55324262,0.474373451738234,0.0416666666666666,276,0.555339788388878,1
PZA00401.11,5,55324334,0.363441671426721,0.260869565217391,276,-0.303003787446766,1
PZA00805.1,5,57507670,0.411847631096254,0.128623188405797,276,-0.387361026097479,1
PHM2769.43,5,57831576,0.506588450931739,0.369565217391304,276,-0.197496958448015,1
PZA00522.2,5,57933325,0.946178767918562,0.442028985507246,276,0.0241478542145064,1
PZA00522.7,5,57933514,0.899750346782858,0.427536231884058,276,-0.0434658084430763,1
PZA00522.12,5,57933548,0.82525557703735,0.420289855072464,276,-0.0767380011456518,1
PZA00222.7,5,58576757,0.469891282121193,0.47463768115942,276,0.221251756596859,1
PZA00222.5,5,58576811,0.471359122699637,0.447463768115942,276,-0.230550790596673,1
PZB01004.2,5,58616019,0.836202937519788,0.0217391304347826,276,-0.269455472559862,1
PZB01004.1,5,58616136,0.197208589756684,0.175724637681159,276,-0.517256735156796,1
PHM1870.20,5,59299993,0.802265660085285,0.405797101449275,276,-0.0843139390852654,1
PZA03451.7,5,59300236,0.834731650250311,0.46195652173913,276,-0.0681125707329611,1
PZA03451.5,5,59300361,0.812282307647633,0.41304347826087,276,-0.0806671536961991,1
PZA03451.6,5,59300415,0.801201739585494,0.445652173913043,276,0.0828687021870174,1
PZB01271.1,5,60104545,0.565047993283129,0.0670289855072464,276,-0.338680449365191,1
PZA03426.1,5,60371555,0.203213312523298,0.173913043478261,276,-0.473863311978021,1
PZB01115.4,5,60964265,0.923020600815269,0.338768115942029,276,0.0319165945846847,1
PZB01115.3,5,60964334,0.295732443876878,0.248188405797101,276,0.371307362017377,1
PZA00710.11,5,61491984,0.590988515259731,0.268115942028985,276,0.193058033847248,1
PZA00710.1,5,61492543,0.247240940997217,0.280797101449275,276,-0.395238865470392,1
PZA00345.27,5,61898123,1,0,276,NA,1
PZA00345.15,5,61898524,0.423940794656801,0.0398550724637681,276,0.579205340931956,1
PZA00472.2,5,62415995,0.451767185603109,0.139492753623188,276,0.326334400332722,1
PZB01336.6,5,62622237,0.825634280305892,0.161231884057971,276,-0.0819644333142605,1
PZB01336.3,5,62622538,0.145720790747204,0.340579710144928,276,0.491181172706549,1
PZA03411.3,5,63013302,0.516586787622264,0.0416666666666667,276,0.440700674578099,1
PZA03411.2,5,63013636,1,0,276,NA,1
PZA01050.1,5,63415425,0.818734420145835,0.451086956521739,276,0.0724368308910579,1
PZB00232.1,5,63417714,0.487918347772111,0.38768115942029,276,-0.221317173350845,1
PZB00232.2,5,63418190,0.521466135360099,0.329710144927536,276,0.235242092951354,1
PZB02023.1,5,63418474,0.619170553437663,0.394927536231884,276,-0.158651129910208,1
PZA03042.1,5,64413079,0.683080467476951,0.248188405797101,276,-0.138442976517034,1
PZA03042.5,5,64413280,0.590104967349102,0.0688405797101449,276,0.332308193889625,1
PHM4165.14,5,65741535,0.869541876717233,0.458333333333333,276,-0.0480643422944564,1
PZA00626.4,5,66131678,0.830316429809494,0.25,276,0.0754094978027426,1
PZA00626.3,5,66131744,0.526781089957321,0.26268115942029,276,0.222491388115652,1
PZA00569.11,5,66901923,0.318974698316015,0.0615942028985507,276,0.628293888186843,1
PZA00569.17,5,66902020,0.477942981598681,0.052536231884058,276,-0.46253595531838,1
PZA03356.2,5,66971839,1,0,276,NA,1
PZA03356.1,5,66971925,0.337822872187575,0.15036231884058,276,0.426961585617761,1
PZA03356.3,5,66972253,1,0,276,NA,1
PZA03399.2,5,67946242,0.201957995228946,0.117753623188406,276,-0.572506304019643,1
PZA03399.1,5,67946563,0.243042762311616,0.168478260869565,276,0.446407381591835,1
PZB01112.1,5,68419652,0.975420951721794,0.344202898550725,276,0.0111490558813814,1
PZB01112.2,5,68419832,0.315385359741158,0.13768115942029,276,0.403001308251688,1
PZB01112.5,5,68419948,0.109233264570051,0.0326086956521739,276,-1.20866129231147,1
PZB01112.3,5,68420111,0.862337331753927,0.0815217391304348,276,-0.0858555719052312,1
PZA03201.2,5,68603801,0.0219325389585806,0.389492753623188,276,0.70969629379837,1
PZA01349.2,5,69319346,0.617707685877407,0.204710144927536,276,-0.174885295441901,1
PZA03677.3,5,71093439,0.843910173415499,0.0742753623188406,276,-0.101701767038668,1
PZA03677.4,5,71093557,0.762852276956325,0.0507246376811594,276,-0.212860681762447,1
PZA03677.1,5,71093631,0.781242477697065,0.376811594202899,276,-0.105428107319005,1
PZA03677.2,5,71093680,0.168432965641582,0.425724637681159,276,0.456914696878348,1
PHM5798.39,5,71095193,0.432366771962092,0.423913043478261,276,-0.26799792382199,1
PZA01303.1,5,72408251,0.166046509264036,0.22463768115942,276,-0.486392228214091,1
PZA00261.6,5,75234294,0.571666492354574,0.355072463768116,276,-0.188340473370746,1
PZA00261.5,5,75234342,0.668842601105866,0.346014492753623,276,0.136043673878645,1
PZA03622.1,5,76512885,1,0,276,NA,1
PZA03594.1,5,76513050,0.222758460107576,0.463768115942029,276,0.351468496244575,1
PZA02818.10,5,77679469,0.650889313679033,0.460144927536232,276,0.137096299565683,1
PZA02818.6,5,77679565,0.817699585884465,0.405797101449275,276,0.0714033492678832,1
PZB00147.1,5,80010733,0.0808752297154478,0.425724637681159,276,0.514187217222786,1
PZA01779.1,5,81227637,0.562778206144877,0.266304347826087,276,0.198160099773492,1
PZB02425.3,5,83233487,0.125905725696473,0.23731884057971,276,-0.51800062768892,1
PZB02425.2,5,83233631,0.962422052162222,0.206521739130435,276,-0.0170065035951126,1
PZA01693.1,5,83544273,0.970593291473642,0.300724637681159,276,-0.0123840388685712,1
PZA00570.11,5,87053064,0.0300957895512414,0.429347826086957,276,-0.661251080069169,1
PZA00570.19,5,87053407,0.340886160391378,0.0597826086956522,276,0.706623865623013,1
PZA03049.23,5,88604674,0.0490527475850469,0.358695652173913,276,-0.633364938006659,1
PZA03049.15,5,88604788,0.122665100540633,0.369565217391304,276,0.509795013242698,1
PZA03049.14,5,88604820,0.240251932188191,0.326086956521739,276,0.405116533363387,1
PZA03049.24,5,88604977,0.356656827747336,0.105072463768116,276,0.474310455841612,1
PZA00643.13,5,91096945,0.179492650654884,0.480072463768116,276,-0.450935392997099,1
PZA00643.11,5,91097032,1,0,276,NA,1
PZA03284.3,5,91651999,0.145157807881913,0.222826086956522,276,-0.580054001395183,1
PZA03284.4,5,91652139,0.159629365193613,0.052536231884058,276,0.940942739951364,1
PZB02059.1,5,92520604,0.921273370581376,0.494565217391304,276,-0.0301993480401022,1
PZB02059.3,5,92520689,0.762990933855056,0.11231884057971,276,0.134431681882406,1
PZA00547.8,5,92862112,0.888037350219015,0.170289855072464,276,0.0542040388625171,1
PZA00547.6,5,92862322,0.404678813259651,0.443840579710145,276,-0.257026805713019,1
PZA00249.2,5,100227859,0.0858517008596414,0.313405797101449,276,-0.560273037953241,1
PZB01632.2,5,123268218,0.968514077208928,0.268115942028985,276,-0.0126713633610156,1
PZA00031.5,5,123268237,0.772928349506952,0.125,276,0.129251764280221,1
PZB01632.1,5,123268841,0.353153119183909,0.114130434782609,276,0.424516897415886,1
PZB01632.3,5,123269020,0.217942192797374,0.0253623188405797,276,1.11963825106224,1
PZA00524.2,5,132594432,0.205560145313324,0.480072463768116,276,-0.409389880573514,1
PZB00969.1,5,132772317,0.0834933793409736,0.38768115942029,276,-0.583216768236502,1
PZB02491.1,5,132786876,0.089919301261642,0.389492753623188,276,0.574247347735163,1
PZA00067.8,5,145121054,0.223056944845343,0.313405797101449,276,-0.401462763091224,1
PZA00067.10,5,145121179,0.570189949890219,0.166666666666667,276,-0.235079508214517,1
PZA00067.9,5,145121333,0.0293103382173172,0.146739130434783,276,0.988497176248056,1
PZA02822.2,5,148711030,1,0,276,NA,1
PZB01017.1,5,158032440,0.327542140056072,0.456521739130435,276,-0.296130944400736,1
PZB01017.2,5,158032493,0.788323271214225,0.175724637681159,276,0.107225597468614,1
PZB01017.4,5,158032589,0.954465775595132,0.360507246376812,276,0.0172160206918142,1
PZB01017.3,5,158032721,0.511289663055627,0.364130434782609,276,0.209066920284439,1
PZB01017.5,5,158032820,0.75225002682603,0.13768115942029,276,0.154251698880781,1
PZA01608.1,5,158599491,0.719811450747149,0.226449275362319,276,-0.133728929205442,1
PZA00573.11,5,160173844,0.49120548116674,0.0344202898550725,276,-0.587349960397262,1
PZA00573.3,5,160173922,0.399406647346141,0.139492753623188,276,-0.341505298831894,1
PZA01796.1,5,160321846,0.268648061645048,0.449275362318841,276,-0.34632626892249,1
PZA02965.13,5,163580663,0.719053001750328,0.130434782608696,276,0.161715641810062,1
PZA00595.3,5,165094873,0.209580652247847,0.0597826086956522,276,-0.809385191312576,1
PZA00595.4,5,165095136,0.783352934418423,0.0634057971014493,276,-0.154513431328879,1
PZA02981.2,5,166468431,0.549183760288206,0.365942028985507,276,-0.186816989348084,1
ae1.7,5,167873309,0.594861642205926,0.467391304347826,276,-0.159007321552095,1
PZB00619.1,5,167873609,0.893652452874609,0.164855072463768,276,-0.0551787768550955,1
PZB01331.2,5,167874494,0.695993868391483,0.139492753623188,276,0.178594206674589,1
ae1.8,5,167884630,0.409204409004666,0.153985507246377,276,0.336344472303167,1
ae1.1,5,167889542,0.466363358872371,0.210144927536232,276,0.267042109302759,1
PZA02807.5,5,167939710,0.658917246955623,0.0434782608695652,276,-0.334622794060953,1
PZA00674.3,5,168637658,0.607087897945356,0.269927536231884,276,0.174521303509455,1
PZA00674.4,5,168637782,0.873531385479671,0.407608695652174,276,-0.048130302469741,1
PZB02151.1,5,168867197,0.66044742336632,0.423913043478261,276,-0.141770111493291,1
PZB02151.2,5,168867279,0.787763253255922,0.101449275362319,276,0.133516004869332,1
PZA02641.2,5,168924730,0.981046135556139,0.257246376811594,276,-0.00876207017509989,1
PZA00470.1,5,169327292,0.280760723252652,0.293478260869565,276,-0.368827821807255,1
PZA00255.15,5,169719615,0.657128415324281,0.0597826086956522,276,0.251303313025385,1
PZA00255.14,5,169719641,0.43537316014742,0.248188405797101,276,0.269644634245145,1
PZB00204.1,5,169853770,0.308912169904951,0.429347826086957,276,-0.313066681400548,1
PZB00204.2,5,169853895,0.553390894886084,0.436594202898551,276,-0.182774465470219,1
PZA02040.2,5,171389177,0.295215405519034,0.271739130434783,276,0.33748607604096,1
PZA00300.11,5,171688991,0.102533295619304,0.442028985507246,276,0.525560594149341,1
PZA03704.1,5,171869817,0.832071570830269,0.235507246376812,276,0.076154292405552,1
PZA03094.17,5,173094159,0.646013721657026,0.0452898550724637,276,-0.362980806681541,1
PZA03094.9,5,173094268,0.48708841967492,0.432971014492754,276,0.211845769657472,1
PZA03094.6,5,173094351,0.337377263575268,0.364130434782609,276,-0.292200250697585,1
PZA03718.1,5,175459060,0.715786652030289,0.257246376811594,276,-0.130499794047687,1
PZA03717.1,5,175459765,0.299272524762059,0.46195652173913,276,0.372866380089528,1
PZA03716.1,5,175460472,0.298333628347896,0.0561594202898551,276,0.738908305219013,1
PZA03716.2,5,175460577,0.350629639526282,0.0398550724637681,276,0.654705552998427,1
PZA03714.4,5,175462637,0.748156157161354,0.0416666666666667,276,0.243211701906921,1
PZA03714.3,5,175462855,0.380377749841213,0.492753623188406,276,-0.30777720728648,1
PZA03714.2,5,175462981,0.192943448852344,0.423913043478261,276,-0.410566010268566,1
PZA03714.1,5,175463023,0.17938169683504,0.389492753623188,276,-0.444154481919714,1
PZD00056.3,5,176459414,0.208154931882708,0.186594202898551,276,0.479570945459293,1
PZD00056.4,5,176459531,0.12528898614926,0.311594202898551,276,-0.493865485138467,1
PZD00056.1,5,176459677,0.0701425907432029,0.159420289855073,276,-0.760869845238783,1
PZD00056.2,5,176459761,0.387397366169733,0.179347826086957,276,-0.320806890303582,1
PZD00056.5,5,176459946,0.670976293172567,0.0416666666666667,276,0.303859281838562,1
PZB00213.4,5,176901695,0.558208855524633,0.0778985507246377,276,0.297383899461842,1
PZA02633.4,5,179953106,0.242912388239553,0.376811594202899,276,-0.345538882037185,1
PZA02408.2,5,180413515,0.614596818993282,0.360507246376812,276,-0.161619503950803,1
PZA02209.2,5,180428220,0.680823434937252,0.414855072463768,276,-0.118618668943862,1
PZA03324.1,5,181256363,0.228904492250606,0.251811594202899,276,0.414775223096777,1
PZA02834.38,5,181672656,0.174955022227001,0.423913043478261,276,0.429918932059966,1
PZA01575.1,5,182337306,0.411027634263396,0.105072463768116,276,-0.426572576673731,1
PZA00603.1,5,183706112,0.99472869603891,0.41304347826087,276,0.00204770317408132,1
PZB00136.2,5,184587393,0.771230355199021,0.0996376811594203,276,0.139866597459688,1
PZB02033.2,5,184588852,0.610130719414914,0.222826086956522,276,-0.199762444477021,1
PZB02033.1,5,184588958,0.467899368525671,0.391304347826087,276,-0.228839188405936,1
PZA03161.1,5,185596985,0.212867280885508,0.157608695652174,276,0.494395880326615,1
PZA02788.12,5,187896409,0.431014055342912,0.259057971014493,276,-0.269129230643439,1
PZA03172.2,5,188293932,0.633892321534407,0.0652173913043478,276,-0.281867434535879,1
PZA03172.3,5,188294198,0.858818741072394,0.0543478260869565,276,-0.132938613522361,1
PZB02005.2,5,188557212,0.575157879437131,0.0471014492753623,276,0.419499189735202,1
PZB02005.1,5,188557321,0.452454322008498,0.340579710144928,276,-0.225635114232772,1
PZA02383.1,5,189143556,0.567003298108398,0.34963768115942,276,0.169215663273951,1
PZA03320.1,5,190229644,0.867065187878387,0.360507246376812,276,-0.0566596705152409,1
PZA03320.6,5,190229745,0.316310966053472,0.269927536231884,276,0.365898691881895,1
PZA03320.4,5,190229809,0.177864329648104,0.0978260869565217,276,-0.682580433059332,1
PZA03320.3,5,190229872,0.933754613811629,0.322463768115942,276,0.0299298694898844,1
PZA03320.2,5,190229927,0.950488326970583,0.327898550724638,276,0.0221569684297878,1
PZA00352.22,5,191075724,1,0,276,NA,1
PZA02411.3,5,192326110,0.585929436505356,0.148550724637681,276,-0.212392092384079,1
PZA00715.3,5,192778685,0.38178603405073,0.192028985507246,276,0.323968815180462,1
PZA00715.1,5,192778844,0.158620615866198,0.221014492753623,276,-0.479739737023786,1
PZA03050.11,5,193208168,0.506565886892092,0.481884057971015,276,-0.200080505881606,1
PHM532.23,5,193208321,0.445831940967155,0.289855072463768,276,0.256172291879657,1
PZA03312.2,5,193296367,0.640082760807133,0.217391304347826,276,-0.175682504247328,1
PZA03312.3,5,193296378,0.172589311253894,0.396739130434783,276,0.443838673056255,1
PZA03312.1,5,193296408,0.543149536822035,0.465579710144927,276,-0.190787454843152,1
PZA03618.3,5,193521420,0.870546147290588,0.170289855072464,276,0.0632321363700674,1
PZA03618.4,5,193521685,0.76420769220273,0.458333333333333,276,0.0943523312281829,1
PZA03618.2,5,193521810,0.974726112012962,0.155797101449275,276,-0.0131578014552273,1
PZA03618.1,5,193521948,0.50049915553039,0.423913043478261,276,0.217468514224714,1
PZD00017.2,5,195724183,0.80817046174547,0.184782608695652,276,0.0947558235155874,1
PZA00652.14,5,198380640,0.557942567293264,0.121376811594203,276,-0.262982413703577,1
PZA00652.17,5,198380653,0.244923967696419,0.340579710144927,276,0.388747911135729,1
PZA03024.7,5,198534067,0.90426772519185,0.0489130434782609,276,-0.0810948483087205,1
PZA03024.16,5,198534153,0.316846790905964,0.416666666666667,276,-0.299912906797264,1
PZB02283.1,5,199528414,0.992420849124279,0.208333333333333,276,0.00345691292780081,1
PZB02424.2,5,199531191,0.663209936062208,0.184782608695652,276,0.16434454889423,1
PZB02424.1,5,199531408,0.130997652044847,0.46195652173913,276,0.454628444879219,1
PZA01142.4,5,199697937,0.983227099480964,0.166666666666667,276,-0.00879240099418732,1
PZB01376.1,5,199784965,0.0779568089730291,0.322463768115942,276,0.565348741000077,1
PZA03680.1,5,200752538,0.703090149903292,0.317028985507246,276,-0.121883117555487,1
PZA03683.1,5,200755109,0.601686659307836,0.411231884057971,276,-0.168236224494535,1
PZA02820.17,5,200813183,0.138365742486491,0.284420289855072,276,-0.526283122666961,1
PZA02820.16,5,200813185,0.0362409035065625,0.28804347826087,276,-0.761722462083712,1
PZA02820.7,5,200813276,0.96232270959493,0.179347826086957,276,0.0186721219261622,1
PZA02820.6,5,200813312,0.918243955334563,0.144927536231884,276,-0.0441543713068024,1
PZA01265.1,5,201139510,0.985604508238554,0.248188405797101,276,0.00612676798359768,1
PZB00765.1,5,202174585,0.280774427483573,0.393115942028986,276,0.353392661923134,1
PZA02060.1,5,202342720,0.34958963772739,0.443840579710145,276,-0.309747336039769,1
PZA02667.1,5,202777978,0.907573191152507,0.0489130434782609,276,0.0957573870419957,1
PZA00395.2,5,202847197,0.84148525488804,0.318840579710145,276,-0.0686853113871124,1
PZA00395.1,5,202847226,0.66066641721671,0.311594202898551,276,0.149142455753988,1
PZA03353.1,5,203211587,0.606985071685758,0.0434782608695652,276,0.341923917123751,1
PZA00980.1,5,203778506,0.00308193595556671,0.293478260869565,276,0.930297939154833,0.734857357561887
PZB00023.1,5,204103838,0.94737068163079,0.217391304347826,276,-0.0245222769810349,1
PZA02068.1,5,204198466,0.176892435960616,0.335144927536232,276,0.431683645035388,1
PZB02189.5,5,204516414,0.453897887439165,0.282608695652174,276,0.261277941921485,1
PZB02189.4,5,204516488,0.577421152178787,0.00724637681159424,276,-0.955951145131266,1
PZB02189.3,5,204516565,1,0,276,NA,1
PZB02189.1,5,204516691,0.293352072266869,0.286231884057971,276,-0.367728101629815,1
PZB02189.6,5,204517020,0.21882362488039,0.335144927536232,276,0.423917386782639,1
PZB01987.1,5,205076873,0.219082978041693,0.115942028985507,276,0.56920731933928,1
PZB00686.1,5,205811176,0.696854737946852,0.204710144927536,276,-0.148491821053136,1
PZB00686.2,5,205811393,0.177036983854503,0.130434782608696,276,0.581637506150754,1
PZB02420.1,5,205811670,0.00821815949115867,0.0416666666666666,276,1.88444996857047,0.975598422275903
PZA00545.4,5,206664777,0.660712787395917,0.271739130434783,276,-0.142938518959641,1
PZA00545.21,5,206665028,0.416253864538037,0.0815217391304348,276,-0.48531756405571,1
PZA03167.2,5,207603095,0.59450843769175,0.451086956521739,276,0.165728496590011,1
PZA03167.3,5,207603154,0.961179868725922,0.333333333333333,276,0.0162539966888258,1
PZA03167.5,5,207603495,0.0766478214965245,0.438405797101449,276,-0.55605708907027,1
PZA00167.7,5,207870558,0.596285180950535,0.369565217391304,276,-0.165176140600559,1
PZA01259.1,5,207926607,0.67163876987,0.335144927536232,276,-0.141582420072811,1
PZD00041.2,5,208729875,0.157482029011826,0.0326086956521739,276,-1.31614465358719,1
PZD00041.1,5,208730143,0.643639236199088,0.0597826086956522,276,-0.359474571113012,1
PZA01680.3,5,208901002,0.735813365279752,0.072463768115942,276,-0.190940975308612,1
PZB01302.1,5,209098791,0.109300749347678,0.0289855072463768,276,-1.30087088761742,1
PZA00448.5,5,209498142,0.423142885698595,0.177536231884058,276,-0.345854584415299,1
PZA00448.6,5,209498196,0.681405026391965,0.318840579710145,276,-0.143014061188225,1
PZA00500.5,5,210743837,0.483399691916628,0.277173913043478,276,-0.246745701225343,1
PZA00500.3,5,210743871,1,0,276,NA,1
PZA03335.1,5,210890745,0.335146678427261,0.173913043478261,276,0.3817275893821,1
PZA03339.3,5,210890786,0.936809891625482,0.0996376811594203,276,0.0392674251160132,1
PZA03335.2,5,210890886,0.219100655671752,0.228260869565217,276,0.443636270777789,1
PZA03222.4,5,211815236,0.24579666521367,0.0380434782608696,276,-0.810932695399812,1
PZA03222.1,5,211815347,0.906779724534748,0.393115942028985,276,-0.0359562248450693,1
PZA02390.1,5,211884165,0.241251946656833,0.27536231884058,276,0.362513582302389,1
PZA00433.3,5,213271422,0.846720865308069,0.264492753623188,276,0.0670327450314181,1
PZA00433.5,5,213271532,0.0361427231766425,0.420289855072464,276,0.670663063568107,1
PZA02817.3,5,214237451,0.543020136725586,0.465579710144927,276,-0.196104794844706,1
PZA02817.15,5,214237678,0.311623871060923,0.447463768115942,276,0.326305891712412,1
PZA00069.4,5,214424975,0.241322158146973,0.15036231884058,276,-0.48395442117913,1
PZA00069.2,5,214425081,0.897567512606655,0.460144927536232,276,0.0380493164277356,1
PZA00408.7,5,214442805,0.196986962236594,0.153985507246377,276,-0.547312986552813,1
PZA03307.1,5,214935596,0.13157797305142,0.0797101449275362,276,0.866829084570794,1
PZA02480.1,5,214953055,0.340674588127848,0.23731884057971,276,-0.383785108486032,1
PZA02769.1,5,215505432,0.0598052942324271,0.454710144927536,276,0.573761348819974,1
PZA01060.1,5,216431558,0.145221747927746,0.384057971014493,276,0.455744089625572,1
PZA00606.3,6,2379148,0.690576630173214,0.378623188405797,276,0.118860850812472,1
PZA03003.11,6,6321806,0.430308827405744,0.280797101449275,276,0.264239655565666,1
PZA03003.10,6,6321890,0.507030867323058,0.119565217391304,276,0.29299156608606,1
PZA03290.1,6,9243581,0.472453488014444,0.170289855072464,276,-0.281420380417658,1
PZA03290.2,6,9243719,0.979201261547207,0.0978260869565217,276,-0.0138085322481182,1
PZA03290.3,6,9243743,0.575220113968048,0.0978260869565217,276,-0.296644823641923,1
PHM15961.13,6,9561803,0.853667068833297,0.338768115942029,276,-0.0548803280373158,1
PZA00503.5,6,12075777,0.432552032850839,0.16304347826087,276,0.292542238082402,1
PZA00158.2,6,14057156,0.616079408999349,0.445652173913043,276,0.156865987122499,1
PZA00233.8,6,19092580,0.0256167707216182,0.230072463768116,276,0.794940866437635,1
PZA03047.20,6,20837292,0.322828186371947,0.0978260869565217,276,0.457474619497664,1
PZA03047.12,6,20837504,0.801019006321268,0.384057971014493,276,0.077815369404743,1
PZA00440.15,6,22403926,0.856463315153865,0.271739130434783,276,0.0650090978277849,1
PZA00440.1,6,22404308,0.140947149557634,0.409420289855073,276,-0.462840431202304,1
PZA00501.12,6,23874393,0.744898197510141,0.0670289855072464,276,0.180145220424833,1
PZA03204.2,6,24265182,0.596831799215723,0.317028985507246,276,-0.180044859910052,1
PZA03204.1,6,24265211,0.798170997757711,0.483695652173913,276,0.0763692287769717,1
PZA03195.2,6,24328659,0.613288904311361,0.251811594202899,276,0.173956690469522,1
PZA02948.24,6,25035106,0.729559776307351,0.318840579710145,276,0.116090023466726,1
PZA03588.2,6,25189392,0.77280497598565,0.184782608695652,276,-0.116112099179335,1
PZA03063.17,6,25335322,0.737011384812823,0.0471014492753623,276,-0.227445659803099,1
PZA03063.18,6,25335362,0.929907040526817,0.0960144927536232,276,0.0441383842786944,1
PZA01509.1,6,31892075,0.0579102964247262,0.427536231884058,276,-0.579344411405257,1
PZA00540.3,6,32496071,0.910835576235914,0.467391304347826,276,-0.0345839041606091,1
PZA00462.2,6,36605422,0.410656440610616,0.344202898550725,276,-0.257722163173855,1
PZA00489.1,6,51443123,1,0,276,NA,1
PZA02836.17,6,57633518,0.444332698405589,0.407608695652174,276,0.235464913356347,1
PZA03120.1,6,57774238,0.496239248545307,0.322463768115942,276,0.221310062980184,1
PZA03120.3,6,57774504,0.148785728775119,0.170289855072464,276,-0.539820533967179,1
PZA00582.1,6,62407399,0.0108642855621389,0.206521739130435,276,-0.945423414598011,0.988330448343991
PZA00582.4,6,62407447,0.39310464629269,0.168478260869565,276,0.325819119432748,1
PZA03090.31,6,69840279,0.666162106614439,0.157608695652174,276,0.173324769240316,1
PZB00236.2,6,75187712,0.663108618875609,0.0507246376811594,276,0.29024884815807,1
PZA03668.2,6,78304583,0.231746606020819,0.0144927536231884,276,1.33437099055825,1
PZA03668.4,6,78304837,0.0841954555343095,0.0271739130434783,276,-1.76517210731559,1
PZA03668.1,6,78304925,0.0556809277617789,0.382246376811594,276,0.621786947594422,1
PZA03668.3,6,78305004,0.801277427640904,0.0108695652173913,276,0.337866977906722,1
PZA03667.1,6,78308523,0.0833232890358158,0.414855072463768,276,0.561082656853364,1
PZA03667.2,6,78308633,0.658794679466846,0.0289855072463768,276,0.374808380049859,1
PZA00355.2,6,78756245,0.0459963461856497,0.456521739130435,276,-0.645877786215265,1
PZB01092.2,6,80278320,0.580443525690731,0.255434782608696,276,-0.176271313493992,1
PZB01092.10,6,80278345,0.20404709405493,0.0253623188405797,276,-1.25915937611938,1
PZB01092.5,6,80278446,0.660038848550879,0.0996376811594203,276,0.220581114670638,1
PZB01092.3,6,80278699,0.169917846016566,0.16304347826087,276,0.579348332272517,1
PZB01092.4,6,80278795,0.0488211031868092,0.159420289855072,276,0.805246261693723,1
PZA00543.2,6,80533898,0.486459017534,0.0923913043478261,276,-0.376269352620815,1
PZA00543.4,6,80534176,0.854618861417934,0.115942028985507,276,0.0912904908311436,1
PZB00645.1,6,80874917,0.891544646943775,0.201086956521739,276,0.0513232943551261,1
PZB00711.3,6,80876967,0.808796550178092,0.0778985507246377,276,0.135717767836519,1
PZB00711.1,6,80877074,0.156616172265316,0.166666666666667,276,0.613134994463087,1
PZB00711.2,6,80877173,0.735373401249554,0.0923913043478261,276,-0.1949897354306,1
PZB01446.1,6,81339917,0.502439377264165,0.108695652173913,276,0.347334001218238,1
PZB01446.3,6,81339988,0.896071606568655,0.0326086956521739,276,-0.118858357646499,1
PZB01446.2,6,81340153,1,0,276,NA,1
PZA03069.4,6,81808364,0.0164087313086591,0.47463768115942,276,0.773055683230294,1
PZA03069.6,6,81808425,0.503265807550641,0.0072463768115942,276,1.18168228358549,1
PZA03069.8,6,81808446,0.680343980131495,0.326086956521739,276,-0.138245514644128,1
PZA02606.1,6,82066399,0.103430557565917,0.371376811594203,276,-0.523355661465688,1
PZA03296.3,6,83064553,0.0216290897755408,0.052536231884058,276,1.45097908169828,1
PZA03296.1,6,83064586,0.405261905052547,0.273550724637681,276,0.282822555419363,1
PZA03296.8,6,83064592,0.282431237991462,0.0851449275362319,276,0.612787673245678,1
PZA03296.7,6,83064683,0.591595039759042,0.456521739130435,276,0.168541684674862,1
PZA03296.2,6,83064740,0.763791486241855,0.168478260869565,276,0.123523136462566,1
PZA03296.5,6,83064850,0.523862108405771,0.0760869565217391,276,0.368224510810117,1
PZD00072.2,6,83625470,0.315811531921412,0.471014492753623,276,-0.301212265446667,1
PZA03413.1,6,83998944,1,0,276,NA,1
PZA00387.1,6,84289867,0.924394562430787,0.432971014492754,276,-0.0287567197660001,1
PZB01009.4,6,84664768,0.407916079460184,0.204710144927536,276,-0.327149245045784,1
PZB01009.1,6,84664843,0.588107879745405,0.403985507246377,276,-0.167628227215517,1
PZB01009.5,6,84664867,0.192091754200179,0.0307971014492754,276,0.995815446089261,1
PZB01009.2,6,84665035,0.640061521135219,0.153985507246377,276,0.196248242226801,1
PZA00022.2,6,84752003,0.0547110708771671,0.422101449275362,276,-0.597927234285202,1
PZA00006.13,6,85125129,0.263890610306806,0.208333333333333,276,-0.410635373552481,1
PZA00006.9,6,85125362,0.651412265129912,0.117753623188406,276,0.211200779239193,1
PZA03522.1,6,87790780,0.508630508948431,0.407608695652174,276,0.207510703512419,1
PZA03522.2,6,87791252,0.733413246695291,0.125,276,0.164562300648329,1
PZA03523.2,6,87791607,0.650224570930872,0.317028985507246,276,-0.159132714951889,1
PZA03523.1,6,87791839,0.333681155897392,0.251811594202899,276,0.317731557859763,1
PZA03732.1,6,89098725,0.846312586362815,0.429347826086957,276,0.0647088427973992,1
PZA03732.2,6,89098939,0.918192123476837,0.273550724637681,276,-0.0401114233494875,1
PZA03732.3,6,89099054,0.841722680049808,0.105072463768116,276,0.0997831979972628,1
PZA03213.1,6,89828654,0.453936075642904,0.269927536231884,276,0.247952621900605,1
PZA03213.2,6,89828710,0.117435502900433,0.172101449275362,276,-0.925223837240221,1
PZA00214.1,6,91704093,0.834021761139796,0.445652173913043,276,-0.0638355428619484,1
PHM8909.12,6,91883155,0.580040819691199,0.34963768115942,276,-0.188186702087332,1
PZA00578.2,6,92705427,0.277092378757139,0.128623188405797,276,-0.49684400135666,1
PZA00578.1,6,92705503,0.228159590020584,0.0996376811594203,276,0.631354259705798,1
PZB01881.12,6,93263489,0.982885503183639,0.0507246376811594,276,0.0180179694309324,1
PZB01881.10,6,93263605,0.0833480046055181,0.0434782608695652,276,1.19386056412675,1
PZB01881.11,6,93263819,0.0426690484621889,0.0543478260869565,276,1.25809493029826,1
PZB01881.8,6,93264181,1,0,276,NA,1
PZB01881.9,6,93264332,1,0,276,NA,1
PZB01877.1,6,93266925,0.450749675199808,0.230072463768116,276,0.275307615258373,1
PZA02970.6,6,98507637,0.372837838400085,0.0670289855072463,276,0.550812772064694,1
PZA02970.9,6,98507715,0.694842200713253,0.105072463768116,276,-0.178506635085165,1
PZA00942.2,6,102566000,0.627824885184872,0.28804347826087,276,-0.175371420970358,1
PZB01658.2,6,102953670,0.543722656355532,0.277173913043478,276,-0.197063332635108,1
PZA03461.1,6,107548070,0.746542854252256,0.210144927536232,276,0.13153545733763,1
PZA00187.2,6,107666299,0.857703625748294,0.465579710144928,276,-0.0535583577631538,1
PZA00187.8,6,107666382,0.0431926082403928,0.0344202898550725,276,1.6487385646703,1
PZB00857.1,6,113382498,0.588076925741261,0.302536231884058,276,0.180192824139844,1
PZB00857.2,6,113382607,0.734627791570582,0.266304347826087,276,0.127472969904685,1
PZB00565.2,6,113384656,0.484795609471058,0.231884057971015,276,-0.262897970961964,1
PZB00555.3,6,113384662,0.430149357715978,0.0289855072463768,276,0.727239424823342,1
PZB00555.2,6,113384758,0.696979023311405,0.15036231884058,276,-0.160627966705236,1
PZB00565.5,6,113385082,0.889177095119395,0.0869565217391305,276,-0.0869207239020575,1
PZB00563.4,6,113385214,0.0354168909812801,0.0579710144927536,276,-1.26196494777305,1
PZB00563.1,6,113385259,0.583813936175815,0.445652173913043,276,-0.174738571595097,1
PZB00562.1,6,113385418,0.246838857789427,0.193840579710145,276,-0.461600505863488,1
PZA00182.4,6,113705211,0.137731045396762,0.376811594202899,276,-0.485839176853599,1
PZA00182.3,6,113705266,0.152614603816799,0.351449275362319,276,-0.474562152740418,1
PZA01029.1,6,114031392,0.427205861762395,0.322463768115942,276,0.256446003974023,1
PZA03041.8,6,115280978,0.0942800637772487,0.389492753623188,276,-0.535414121822648,1
PZA03219.2,6,118089114,0.58779689628823,0.197463768115942,276,-0.221866083392327,1
PZA03219.3,6,118089131,0.787217381751117,0.242753623188406,276,-0.0979711638652616,1
PZA01736.1,6,118221553,0.798525450295934,0.157608695652174,276,-0.123374805643476,1
PZA00382.17,6,118741714,0.366582423355447,0.213768115942029,276,-0.404570918144887,1
PZA00382.22,6,118741880,0.0634153974676343,0.217391304347826,276,-0.83136869573541,1
PZA01055.1,6,120059553,0.0791136549724824,0.228260869565217,276,0.744537762043185,1
lac1.3,6,120230802,0.947097279591802,0.434782608695652,276,0.0209363198889791,1
PZA00571.2,6,120679865,0.495025968962311,0.389492753623188,276,-0.22358862782748,1
PZA00571.1,6,120679943,0.585268770704825,0.320652173913043,276,-0.206787886310298,1
PZA00003.5,6,121839487,0.868067647539194,0.217391304347826,276,-0.0602334358267393,1
PZA00003.11,6,121839592,0.637116613662916,0.239130434782609,276,0.174777597939168,1
PZA00041.3,6,122849505,0.834053114408061,0.335144927536232,276,-0.0670536750039621,1
PZA01729.1,6,123998706,0.166787257586721,0.15036231884058,276,0.65783609264167,1
PZA00536.2,6,124027590,0.589892197199649,0.378623188405797,276,0.162199945092458,1
PZA00473.5,6,124407006,0.615743637546013,0.456521739130435,276,-0.151838867038676,1
PZA00473.9,6,124407201,0.0330800681600797,0.0634057971014492,276,-1.24963675361904,1
PZA01591.1,6,125113941,0.815943661718311,0.253623188405797,276,-0.0817746611916927,1
PZA01618.2,6,129927781,0.875869963725115,0.472826086956522,276,0.0480069644325762,1
PZB00416.6,6,131405776,0.323999257408327,0.0434782608695652,276,-0.850062947369689,1
PZA00510.3,6,131576037,0.337544605403706,0.199275362318841,276,0.367119398058328,1
PZA00510.2,6,131576099,0.124118056430058,0.177536231884058,276,0.595182761283386,1
PZD00011.4,6,132084516,0.0810937867506262,0.0996376811594203,276,0.850075077433084,1
PZD00011.5,6,132084649,0.885113520734488,0.442028985507246,276,-0.0475216488981558,1
PZD00011.1,6,132084997,0.983996060487407,0.326086956521739,276,0.00648962936982422,1
PZA01884.1,6,132316837,0.357004495515264,0.458333333333333,276,-0.281419952732197,1
PZA00250.1,6,133090099,0.861851305934787,0.33695652173913,276,0.0629072714849805,1
PZA00357.19,6,134646802,0.458269812366329,0.266304347826087,276,0.26496818132075,1
PZA02262.3,6,135105656,0.375701836845509,0.313405797101449,276,0.32312246881645,1
PZA03750.2,6,137325576,0.0957298676446323,0.358695652173913,276,-0.523272899480325,1
PZA03555.1,6,137325669,0.389755134123837,0.222826086956522,276,-0.324483099904523,1
PZA03550.2,6,137326008,0.911995484839122,0.0344202898550725,276,-0.116638680132589,1
PZA03550.1,6,137326250,0.664021174439531,0.0561594202898551,276,-0.294556632309479,1
PZA01072.1,6,137479485,0.376765289201675,0.260869565217391,276,0.311913063690934,1
PZA02187.2,6,139105889,0.554622373752985,0.0597826086956522,276,0.347497558201274,1
PZA02187.1,6,139106115,0.129105300890451,0.456521739130435,276,0.452714098345521,1
PZA03068.13,6,140541669,0.715541796489462,0.0144927536231884,276,-0.436733017604396,1
PZA03068.11,6,140541768,0.376555828345241,0.0271739130434783,276,-0.875197652677741,1
PZA03546.1,6,140894135,0.393245940865345,0.260869565217391,276,0.275828964549377,1
PZA00439.6,6,141805491,0.546815678954453,0.155797101449275,276,-0.25159145921157,1
PZA02673.1,6,142648706,0.1712718247295,0.418478260869565,276,-0.426630124765786,1
PZB00942.1,6,144744222,0.523942308109793,0.335144927536232,276,-0.218013137617746,1
PZB01308.1,6,144744486,0.795940440783808,0.215579710144927,276,-0.104296390511291,1
PZB01308.3,6,144744591,0.638353680892232,0.144927536231884,276,0.191388638411526,1
PZA03102.9,6,145827559,0.546898121955452,0.327898550724638,276,-0.203886650184202,1
PZA03102.2,6,145827685,0.218241911968453,0.0851449275362319,276,-0.581855480218723,1
PZB02514.1,6,146163830,0.195647478813726,0.347826086956522,276,-0.422516254149064,1
PZB02514.2,6,146163940,0.230909823201449,0.315217391304348,276,-0.382611748716243,1
PZB02514.3,6,146164106,0.558498637827169,0.208333333333333,276,0.225246961334006,1
PZB01549.1,6,146285427,0.132697699623219,0.0471014492753623,276,1.17733559517802,1
PZA02811.4,6,146286168,0.0247338628403745,0.143115942028985,276,0.983141325940001,1
PZA02811.5,6,146286305,0.497646854128426,0.416666666666667,276,0.223406474523164,1
PZA02247.1,6,146544292,0.706180857398478,0.463768115942029,276,0.113434945585783,1
PZA03745.1,6,147142571,0.400528868181226,0.423913043478261,276,-0.248944083370469,1
PZA00721.4,6,147302259,0.675856092311481,0.144927536231884,276,0.176481766633882,1
PZA00721.5,6,147302331,0.730720559822118,0.141304347826087,276,0.148084835192312,1
PZA01144.1,6,147820659,0.997078697283575,0.253623188405797,276,-0.0014386647196023,1
PZA01342.2,6,148798630,0.855255574294229,0.193840579710145,276,0.0719855162525258,1
PZA02436.1,6,149251173,0.774675810426299,0.315217391304348,276,-0.104239509448579,1
PZA00443.4,6,149644390,0.797880469633262,0.0326086956521739,276,-0.251010416233579,1
PZA02472.2,6,149648334,0.212725717400915,0.0923913043478261,276,0.950087460016906,1
PZA00241.6,6,150470602,0.962869617879704,0.141304347826087,276,0.0204451938394534,1
PZA02830.8,6,151958886,0.611575505544914,0.260869565217391,276,-0.188090004798104,1
PZA02958.17,6,151993489,0.0795958057535193,0.369565217391304,276,-0.556055601593274,1
PZA03318.1,6,153498534,0.474841481478877,0.206521739130435,276,0.304163891342994,1
PZA01672.1,6,154495634,0.525040013848993,0.394927536231884,276,-0.199039824447143,1
PZA03646.1,6,155618820,0.467722728916303,0.432971014492754,276,-0.221793861941113,1
PZA03646.2,6,155619139,0.681054724855879,0.119565217391304,276,0.180735952966745,1
PZA03027.12,6,156645239,0.268824421842465,0.416666666666667,276,-0.397385933830768,1
PZA03027.23,6,156645387,0.381830483348062,0.123188405797101,276,0.393118085821337,1
PZA03027.25,6,156645441,0.171367239336187,0.193840579710145,276,0.528146860901118,1
PZA00223.2,6,156740198,0.990547474188958,0.456521739130435,276,-0.00371526870761318,1
PZA00223.4,6,156740239,0.866554897496674,0.449275362318841,276,-0.0534552650241134,1
PZA00042.5,6,157129197,0.108574614327868,0.242753623188406,276,-0.583049174676489,1
PZA00042.2,6,157129313,0.329491907453529,0.25,276,0.347276297662149,1
PHM4748.16,6,158540019,0.339756204182926,0.204710144927536,276,0.341977314328107,1
PZA03348.3,6,159808180,0.392549202235973,0.0996376811594203,276,-0.40957710894031,1
PZA03348.1,6,159808188,0.212728072376842,0.157608695652174,276,0.515735320803438,1
PZA00124.2,6,159890587,0.0407324148427581,0.402173913043478,276,0.638421289155646,1
PZA00124.3,6,159890611,0.20499818474915,0.471014492753623,276,-0.387481968222148,1
PZB01569.10,6,160748446,0.0882523040216771,0.429347826086957,276,0.520456159813151,1
PZB01569.8,6,160748709,0.782454517508461,0.409420289855073,276,0.0863060357584029,1
PZB01569.7,6,160749024,0.246225807218701,0.166666666666667,276,0.504685909861819,1
PZB01569.11,6,160749026,0.81823506570362,0.125,276,-0.104369381394308,1
PZB01569.9,6,160749106,0.846320563643702,0.186594202898551,276,-0.0729615401903515,1
PZA00266.5,6,161570166,0.316733597470834,0.206521739130435,276,0.360338752873764,1
PZA01468.1,6,161663671,0.912870064100949,0.38768115942029,276,-0.0337029090530954,1
PZB01388.1,6,161663864,0.399381962267742,0.460144927536232,276,-0.254222303448798,1
PZA03151.1,6,162212191,0.294909180564171,0.480072463768116,276,-0.314590683559061,1
PZA03151.2,6,162212222,0.660504685359802,0.134057971014493,276,0.182426893944558,1
PHM7922.8,6,163120296,0.614143873572657,0.23731884057971,276,0.174309109151749,1
PZA00821.1,6,163933232,0.562150362534433,0.146739130434783,276,0.248780225509345,1
PZB01222.1,6,164419435,0.129369642010911,0.480072463768116,276,0.477793296743567,1
PZA00198.39,6,164470369,0.2624329587434,0.175724637681159,276,-0.468165517444586,1
PZA03449.4,6,164631981,0.959539706108181,0.0760869565217391,276,0.0250363839725428,1
PZA03449.3,6,164632333,0.40475197235824,0.27536231884058,276,0.275915003089274,1
PZA02141.1,6,164999362,0.598122249254407,0.161231884057971,276,-0.237889457908746,1
PZA03089.12,6,165724924,0.332414484862615,0.391304347826087,276,0.298518951427945,1
PZA00910.1,6,166688213,0.121616012709649,0.391304347826087,276,-0.50817224469972,1
PHM4468.13,6,167527305,0.939147683461508,0.380434782608696,276,0.0230344172105006,1
PZA02815.25,6,167883450,0.7422820424631,0.215579710144927,276,-0.157379275510004,1
PZA01426.1,7,729478,0.0318921608243827,0.264492753623188,276,1.05566328361376,1
PZB00140.1,7,2081333,0.795718833835122,0.367753623188406,276,-0.0848201925680043,1
PZD00057.2,7,2091465,0.541209976782296,0.496376811594203,276,-0.176776270396587,1
PZD00057.1,7,2091822,0.149963501381719,0.291666666666667,276,0.484884593074275,1
PZD00057.4,7,2092048,0.478716445771756,0.184782608695652,276,0.264945823794978,1
PZD00057.3,7,2092320,0.554764789215993,0.27536231884058,276,-0.202821081876013,1
PZA02035.5,7,2585198,0.3887788510385,0.0688405797101449,276,0.436122973461892,1
PZA00188.1,7,2998280,0.127856124678726,0.184782608695652,276,-0.560818818350383,1
PZB01960.1,7,3671338,0.768197186470328,0.0851449275362319,276,-0.160250023487552,1
PZB01482.2,7,3671378,0.664671066154193,0.0978260869565217,276,0.233385541468722,1
PZB01482.3,7,3671468,0.945548046764654,0.0760869565217391,276,0.0344436258232668,1
PZB01482.1,7,3671683,0.769830672701252,0.217391304347826,276,-0.108485488350654,1
PZB01083.4,7,4242242,0.584761247557827,0.271739130434783,276,0.187166556749382,1
PZB01083.3,7,4242439,0.294669368645303,0.297101449275362,276,0.354490777361491,1
PZB01083.2,7,4242495,0.941758703950966,0.105072463768116,276,0.0362361154128421,1
PZA02983.38,7,4244157,0.247982493863289,0.139492753623188,276,-0.475329820422696,1
PHM9241.13,7,5101361,0.925316865761893,0.46195652173913,276,0.0286323606219532,1
PZA01909.1,7,6437899,0.641737479856701,0.278985507246377,276,0.158575267222397,1
PZA03757.1,7,7166948,0.896324451794155,0.0996376811594203,276,0.0625713265654628,1
PZB02215.7,7,9142730,0.47884396465774,0.0978260869565217,276,-0.371075460213677,1
PZB02215.10,7,9142868,0.855731201390526,0.0271739130434783,276,-0.172052870125562,1
PZB02215.6,7,9142934,1,0,276,NA,1
PZB02215.5,7,9143417,0.200472439645804,0.380434782608696,276,-0.403731196792957,1
PZB02215.3,7,9143567,0.369889201671992,0.0615942028985508,276,-0.6516403780189,1
PZB02215.9,7,9143576,0.772037044187473,0.0543478260869565,276,0.220340967423523,1
PZB02215.4,7,9143735,0.520825451667652,0.273550724637681,276,0.211885577800035,1
PZB02542.1,7,11031881,0.867557784672873,0.0434782608695652,276,0.107054739377201,1
PZB02542.2,7,11032128,0.62401383968381,0.072463768115942,276,-0.264706918766707,1
PZB02542.3,7,11032355,0.825867913055089,0.016304347826087,276,-0.233293301772492,1
PZB01617.2,7,14349278,0.551493047952758,0.340579710144928,276,-0.191927625363347,1
PZB01612.2,7,14349513,0.683434422336015,0.286231884057971,276,0.147563610343172,1
PZB01612.3,7,14349767,0.383877957037626,0.26268115942029,276,0.297678715715462,1
PZB01612.1,7,14349857,0.691625618901196,0.467391304347826,276,0.118576101766253,1
PZA03067.17,7,14354166,0.203849284685008,0.213768115942029,276,-0.473570949055855,1
PZA03067.20,7,14354237,0.527412662505049,0.280797101449275,276,-0.214732396796515,1
PZB01228.2,7,15335337,0.802057048151322,0.15036231884058,276,-0.0958247109665988,1
PZB01228.4,7,15335577,0.0905890526174795,0.208333333333333,276,-0.598828958892108,1
PZB00659.3,7,17347904,0.537675312309195,0.0652173913043478,276,0.469632326036624,1
PZA00256.16,7,17397465,0.249706621659677,0.0869565217391304,276,0.589528112564779,1
PZA00256.21,7,17397515,0.502164067566967,0.0634057971014493,276,-0.389000046287888,1
PZA03623.2,7,20237216,0.852826241143477,0.123188405797101,276,0.0908908392198997,1
PZA03623.1,7,20237594,0.751007100700273,0.222826086956522,276,-0.125013142454347,1
PZA03624.1,7,20238391,0.138651413965442,0.371376811594203,276,0.485125442023587,1
PZA03624.2,7,20238502,0.587290892131566,0.47463768115942,276,-0.178444700364051,1
PZA03624.3,7,20238609,0.54769018241856,0.00543478260869568,276,-1.15618386476231,1
PZA03625.1,7,20238808,0.520040281607953,0.25,276,-0.246813189139698,1
PZA03626.2,7,20239901,0.869522745468313,0.110507246376812,276,0.0787315714789436,1
PZA03626.1,7,20239975,0.858035452462086,0.351449275362319,276,-0.0633524363722882,1
PHM4080.15,7,20240404,0.863259822194281,0.347826086956522,276,0.0622858139783959,1
PZA00534.2,7,21624035,0.883985492347008,0.373188405797101,276,0.0455377502815915,1
PZA00534.8,7,21624080,1,0,276,NA,1
PZA03344.1,7,22002530,0.953935601574236,0.38768115942029,276,0.0179156343589146,1
PZA03344.4,7,22002548,0.456785782756983,0.269927536231884,276,-0.272752732315574,1
PZA03344.2,7,22002659,0.322258657701006,0.427536231884058,276,0.29672936942401,1
PZA03344.3,7,22002684,0.282374451138425,0.244565217391304,276,-0.378621631500859,1
PHM15501.9,7,32876504,0.780855430709801,0.277173913043478,276,-0.097385733924793,1
PZA00132.3,7,33979012,0.431984777102317,0.302536231884058,276,0.259836517650389,1
PZA00132.17,7,33979080,0.418869094703169,0.190217391304348,276,0.315964370182941,1
PZA03687.1,7,40409236,0.270677582745089,0.268115942028985,276,0.38279619274776,1
PZA03565.2,7,43623648,0.157640211901027,0.0688405797101449,276,-0.851303339613073,1
PZA00084.2,7,43948264,0.079345417068697,0.315217391304348,276,0.613156811096258,1
PZA00084.3,7,43948320,0.0324284287432812,0.304347826086957,276,0.753738957542429,1
PZA03341.2,7,44684805,0.700155668443271,0.0579710144927536,276,0.240056175511841,1
PZA03341.3,7,44684895,0.228370286184742,0.367753623188406,276,0.400349760791845,1
PZA03723.1,7,47324932,0.491790528095415,0.490942028985507,276,0.212910784359639,1
PZA03723.4,7,47325011,0.79552841089104,0.0326086956521739,276,0.228448516363247,1
PZA03723.2,7,47325096,0.27318844978525,0.0452898550724638,276,0.820081299666405,1
PZA03723.5,7,47325183,0.847758276475564,0.0471014492753623,276,0.153337096019307,1
PZA03723.3,7,47325292,0.83163749515033,0.0344202898550725,276,0.184561649115938,1
PZA03722.1,7,47326042,0.454383886763675,0.15036231884058,276,-0.327640308197169,1
PZA01936.4,7,47568917,0.869200698756734,0.210144927536232,276,-0.069496598294166,1
PZA02612.1,7,48612205,0.484277654776506,0.248188405797101,276,-0.284114363611881,1
PZA03363.1,7,49538583,0.895699190385874,0.494565217391304,276,-0.0391698958526128,1
PZA00113.1,7,51242563,0.966690121844496,0.215579710144927,276,0.015168714357547,1
PZA01445.1,7,53160767,0.571328024049221,0.157608695652174,276,0.262388777708341,1
PZA03676.1,7,61311203,0.100213050181029,0.0815217391304348,276,-0.828280439273013,1
PZA03676.4,7,61311292,0.705381260583076,0.0235507246376812,276,-0.355494275966276,1
PZA03676.2,7,61311400,0.633794112847049,0.108695652173913,276,0.234961239932491,1
PZA03676.3,7,61311523,0.137448856365892,0.0163043478260869,276,1.5825976093702,1
PZA03675.1,7,61312330,0.130584651826348,0.134057971014493,276,-0.675339775249367,1
PZA03675.2,7,61312392,0.40477705996166,0.0217391304347826,276,-0.786021767337612,1
PZB00635.1,7,63353441,0.894572520317167,0.0978260869565217,276,-0.0657515257981447,1
PZB00746.1,7,63353683,1,0,276,NA,1
PZA01607.1,7,68051112,0.69407629502156,0.36231884057971,276,-0.126120426975722,1
PHM904.21,7,69232215,0.0324477704752015,0.322463768115942,276,-0.727371723678787,1
PZA03386.1,7,70374926,0.373260568084454,0.184782608695652,276,-0.314256888111654,1
PZA00418.2,7,71717601,0.616291972065727,0.432971014492754,276,0.152065421255961,1
PHM12830.14,7,71717792,0.772162885395441,0.452898550724638,276,-0.0985876896209119,1
PZA03645.1,7,73892322,0.290630738769126,0.442028985507246,276,-0.313974981928004,1
PZA03645.2,7,73892439,0.351836610952975,0.40036231884058,276,-0.315313574923612,1
PZA01210.2,7,75098939,0.437270073001046,0.0163043478260869,276,0.804657245655193,1
PZA01210.1,7,75099046,0.792237782028817,0.380434782608696,276,-0.0812586223532481,1
PHM5324.11,7,86401923,0.765905220011486,0.22463768115942,276,-0.106575418408564,1
PZA01113.1,7,93101779,0.0694277271839866,0.425724637681159,276,0.543308452570931,1
PZA01933.3,7,98070498,0.504803677452665,0.353260869565217,276,0.199570199849687,1
PZB00109.1,7,100492899,0.0107598747203765,0.46195652173913,276,0.793393607524145,0.988330448343991
PZB00109.2,7,100492949,0.0918139188840769,0.489130434782609,276,-0.537568892310843,1
PZA03143.2,7,103263777,0.651723302683338,0.34963768115942,276,-0.156201131212571,1
PZA03143.4,7,103263781,0.0236136125127612,0.0742753623188406,276,-1.38390240072621,1
PZA03143.1,7,103264135,0.658644118791738,0.385869565217391,276,0.147140974487073,1
PZA03149.2,7,103353750,0.359080701798103,0.36231884057971,276,-0.287777531786253,1
PZA03149.1,7,103354135,0.040373967046988,0.438405797101449,276,-0.651049721375725,1
PZA03149.4,7,103354216,0.155898049878017,0.414855072463768,276,-0.45801717196152,1
PZB00175.2,7,104898467,0.0755583302610218,0.105072463768116,276,-0.924257341278103,1
PZB00174.1,7,104898621,0.0833115823085704,0.329710144927536,276,0.603542339808231,1
PZB00174.3,7,104898624,0.145744674616135,0.105072463768116,276,0.701602588778078,1
Ra1.1,7,104898767,0.319914723403581,0.019927536231884,276,-1.0003129333653,1
PZB01186.3,7,119650174,0.307878671693812,0.445652173913043,276,-0.311072515634097,1
PZB01186.2,7,119650229,0.650318031905766,0.286231884057971,276,-0.148701692386194,1
PZB01186.1,7,119650294,0.175615730149598,0.48731884057971,276,0.393557848762429,1
PZB01186.4,7,119650433,0.731040177974796,0.0108695652173914,276,-0.520689346619022,1
PZB02139.1,7,122111720,0.500641152862616,0.315217391304348,276,-0.210463099517364,1
PZA00370.1,7,122373056,0.996957038898662,0.293478260869565,276,0.00122916527550165,1
PZA00370.5,7,122373149,0.848660346250072,0.269927536231884,276,0.0647194868689849,1
PZA00616.7,7,122626062,0.181580394341713,0.338768115942029,276,-0.411321158088296,1
PZA00616.11,7,122626218,1,0,276,NA,1
PZA01946.7,7,123601837,0.978190544505517,0.335144927536232,276,-0.00823671533158077,1
PZA02352.1,7,124598905,0.612536541233794,0.298913043478261,276,0.180203892403805,1
PZA00211.7,7,125465928,0.254136134613283,0.0579710144927537,276,-0.697216405618018,1
PZB00169.2,7,127435208,0.163880373559298,0.0579710144927536,276,0.85533751755976,1
PZA02643.1,7,128365318,0.91898806681277,0.291666666666667,276,-0.0406346861841396,1
PZA01714.1,7,128402775,0.978457415970879,0.378623188405797,276,0.00857661324077963,1
PZA03583.2,7,128404361,0.302703599991702,0.186594202898551,276,-0.396886690105637,1
PZA03583.1,7,128404558,0.606970437763524,0.431159420289855,276,0.148409544773939,1
PZA03582.1,7,128406150,1,0,276,NA,1
PZA01542.1,7,129793873,0.7983647721806,0.389492753623188,276,0.0813438991823443,1
PZD00054.1,7,130488434,0.764234503618529,0.347826086956522,276,-0.092703827830384,1
PZA00040.19,7,130808986,0.289167952443539,0.273550724637681,276,0.333036010097682,1
PZB00752.1,7,131103240,0.871080245135453,0.302536231884058,276,-0.054225160458955,1
PZB00752.2,7,131103432,0.671049966014146,0.173913043478261,276,0.179568067057423,1
PZA03739.1,7,133371379,0.653399918210221,0.13768115942029,276,0.199704445378906,1
PZA03738.2,7,133372193,0.559087524278723,0.248188405797101,276,-0.212438520492512,1
PZA00655.1,7,133818011,0.514376988895611,0.159420289855072,276,-0.264703173000994,1
PZA00111.4,7,133825665,0.939659996085511,0.389492753623188,276,-0.0242708903166227,1
PZA00111.2,7,133825965,0.198279253500941,0.199275362318841,276,-0.494064100548029,1
PZA00740.3,7,134062060,0.242474648243977,0.197463768115942,276,-0.397354727115935,1
PZA02449.13,7,134847920,0.424428849068625,0.182971014492754,276,-0.31559239634741,1
PZA03727.1,7,137207288,0.608512091936787,0.306159420289855,276,0.164737464573918,1
PZA03728.1,7,137207838,0.572021594571921,0.170289855072464,276,0.237321594108058,1
PZA03728.2,7,137207966,0.525757475572041,0.311594202898551,276,-0.206601158360105,1
PZA03728.3,7,137208116,0.871723223510309,0.168478260869565,276,-0.0636162666230851,1
PZA03400.1,7,137628251,0.15371526763355,0.0108695652173913,276,-1.61295945901604,1
PZA03258.2,7,137628516,0.270849433108944,0.0144927536231884,276,1.02871796543338,1
PZA02854.13,7,137834376,0.217444899762932,0.376811594202899,276,-0.398372579440049,1
PZA02854.7,7,137834462,0.72604292395376,0.217391304347826,276,0.131686348987269,1
PZA00405.7,7,138551298,0.499698701874425,0.226449275362319,276,0.239192412790599,1
PZA00405.6,7,138551416,0.810266771841665,0.327898550724638,276,0.0786834851315485,1
PZA00405.2,7,138551678,0.410232146579605,0.449275362318841,276,-0.252364435549978,1
PZA03574.5,7,141322594,0.776677613659342,0.411231884057971,276,-0.093298952033559,1
PZA03574.4,7,141322797,1,0,276,NA,1
PZA03574.1,7,141322979,0.788628035420757,0.389492753623188,276,0.0893176745374076,1
PZA03574.3,7,141323077,0.62001316871569,0.144927536231884,276,0.220447982794742,1
PZA03574.2,7,141323421,0.56710661223227,0.0869565217391305,276,0.272711254162112,1
PZA00504.1,7,142135761,0.980243228933678,0.117753623188406,276,-0.0117056549749943,1
PZA03397.1,7,143547413,0.195931121470193,0.0126811594202898,276,-1.51215236707911,1
PZA03397.2,7,143547864,1,0,276,NA,1
PZA00096.6,7,144013417,0.453672905247981,0.431159420289855,276,0.227865263471662,1
PZA00096.26,7,144013500,1,0,276,NA,1
PZA03162.1,7,144482928,0.63073280355118,0.103260869565217,276,-0.275280586155283,1
PZA03162.2,7,144482998,0.608817187786987,0.114130434782609,276,-0.282509224355097,1
PZA02940.3,7,144884172,1,0,276,NA,1
PZB00062.9,7,145056664,0.837910823364028,0.052536231884058,276,-0.170383173335363,1
PZB00062.10,7,145056863,1,0,276,NA,1
PZA00614.1,7,145912449,0.956969216961073,0.103260869565217,276,-0.0310055771886386,1
PZA00614.12,7,145912535,0.997839749272638,0.0942028985507246,276,-0.00161476589765785,1
PZA00350.2,7,147187128,0.339448388079141,0.0434782608695652,276,-0.707508432056507,1
PZA00670.9,7,149715917,1,0,276,NA,1
PZA00670.2,7,149715975,0.107946512941786,0.264492753623188,276,-0.565220783649098,1
PZA03199.3,7,151510061,0.312172414318137,0.492753623188406,276,-0.327856382876353,1
PZA03176.3,7,151510428,0.212792427489209,0.184782608695652,276,0.428660494090237,1
PZA03176.2,7,151510558,0.915713109551127,0.33695652173913,276,0.0332736264103159,1
PZA03176.4,7,151510758,0.0369157797120096,0.429347826086957,276,0.682096266428447,1
PZA02959.7,7,151622827,0.175776130773921,0.36231884057971,276,0.440108412192155,1
PZA02959.11,7,151622947,0.0394722637121083,0.451086956521739,276,0.651208506135801,1
PZA02959.14,7,151623063,0.565629049250357,0.403985507246377,276,-0.199396602087128,1
PZA03329.1,7,152631991,0.449000127472296,0.177536231884058,276,-0.292079784215471,1
PZA00326.16,7,153447034,0.744654748951514,0.152173913043478,276,-0.132017052738733,1
PZA02386.2,7,154594107,0.990519045134329,0.110507246376812,276,-0.00597153873176737,1
PZA03544.5,7,157154259,0.813813575430574,0.0289855072463768,276,0.198652643645391,1
PZA03544.3,7,157154622,0.775444593332772,0.315217391304348,276,-0.090241186171248,1
PZA03544.4,7,157154717,0.905991376929874,0.193840579710145,276,0.0440250480166346,1
PZA03544.2,7,157154780,0.497216081793404,0.443840579710145,276,-0.208516641305354,1
PZD00044.7,7,158728047,1,0,276,NA,1
PZA00795.1,7,159417489,0.833280957318821,0.179347826086957,276,0.0874042024304134,1
PZB00777.4,7,159849317,1,0,276,NA,1
PZB00777.1,7,159849353,0.79435737335243,0.25,276,-0.117125604765104,1
PZB00777.2,7,159849580,0.734315920378187,0.184782608695652,276,-0.125213765114353,1
PZA00474.14,7,160099493,0.667471195968474,0.25,276,-0.151070163973516,1
PZB01238.7,7,161167458,0.642477356366872,0.052536231884058,276,-0.305869882604748,1
PZB01238.3,7,161167688,0.168457513471852,0.0688405797101449,276,-0.873871205069616,1
PZB00597.1,7,161517855,0.519310762415316,0.143115942028986,276,-0.286346026514268,1
PZB00595.1,7,161517989,0.557339710822186,0.164855072463768,276,0.25368001171394,1
PZB00597.2,7,161518222,0.18771618626295,0.134057971014493,276,-0.623125753351925,1
PZB00595.2,7,161518290,1,0,276,NA,1
PZA00227.7,7,161520382,0.474074921159681,0.405797101449275,276,0.246330752805368,1
PZA02373.1,7,161618509,0.113380487472499,0.41304347826087,276,-0.458164804563193,1
PHM7898.10,7,161993743,0.906482234670034,0.47463768115942,276,-0.035590128664567,1
PZA02223.2,7,162118899,0.166460346625427,0.317028985507246,276,-0.457973103485146,1
PHM10225.15,7,162173638,0.797598221768697,0.213768115942029,276,0.0954060760385321,1
PZA00496.1,7,162222117,0.642282167326905,0.108695652173913,276,0.2332937474474,1
PZA00496.2,7,162222300,0.781186981639196,0.184782608695652,276,-0.109624509094905,1
PZA01533.2,7,162381818,0.575080310375677,0.369565217391304,276,-0.176124863832797,1
PZA00505.4,7,162531108,0.937023715412546,0.233695652173913,276,0.0316036701445264,1
PZA00505.5,7,162531135,0.560857998930186,0.371376811594203,276,0.196236454735126,1
PZA00505.6,7,162531284,0.956820057152766,0.126811594202899,276,-0.0347098271784905,1
PZA03179.1,7,162574346,0.47465055857287,0.440217391304348,276,-0.235822847925498,1
PZA03179.4,7,162574534,0.524975558936263,0.134057971014493,276,-0.300822168997806,1
PZA03180.5,7,162574792,0.216640833480274,0.052536231884058,276,-0.866117228615665,1
PZA03180.1,7,162574831,0.992964613583408,0.289855072463768,276,0.00289891152943755,1
PZA03180.2,7,162574834,0.966805781203574,0.0217391304347826,276,0.0407889767226592,1
PZA03368.3,7,162877895,0.439999620250585,0.371376811594203,276,-0.252725154541356,1
PZA03368.4,7,162878070,0.0467169286236176,0.0253623188405797,276,2.58628586959296,1
PZA03368.1,7,162878175,0.87966708582513,0.182971014492754,276,-0.065391221850132,1
PZA01802.3,7,162945589,0.394019148066785,0.393115942028986,276,-0.274550001624231,1
PZA01028.2,7,164853203,0.294544672682573,0.240942028985507,276,0.4619443606167,1
PZA00386.4,7,164941742,0.4689875343919,0.146739130434783,276,0.353765861641243,1
PZA00386.3,7,164941846,0.250473533635502,0.108695652173913,276,0.538552053117293,1
PZA00386.2,7,164941881,0.673490466455209,0.273550724637681,276,0.147460439900393,1
PZB02448.2,7,165247457,0.624564051408951,0.119565217391304,276,0.235122096226708,1
PZB02448.1,7,165247569,0.983016991012945,0.33695652173913,276,-0.00804969303409075,1
PZB02448.3,7,165247738,1,0,276,NA,1
PZB00123.1,7,165248088,0.710711374791619,0.33695652173913,276,0.138824598296101,1
PZB00123.2,7,165248667,1,0,276,NA,1
PZA00178.4,7,165275572,0.671030121115193,0.244565217391304,276,0.171061373779893,1
PZA00178.3,7,165275756,0.332503415699865,0.33695652173913,276,-0.317895060551205,1
PZA00695.1,7,165518207,0.7247805005632,0.346014492753623,276,-0.123108527911923,1
PZA00695.2,7,165518317,0.808363621937268,0.469202898550725,276,-0.0813956143627173,1
PZB00603.2,7,165995047,0.986751347864484,0.088768115942029,276,-0.0094412262470891,1
PZB00605.4,7,165995303,0.901618622553692,0.114130434782609,276,-0.0589245045405995,1
PZB00605.3,7,165995314,0.284365173852723,0.28804347826087,276,0.361245828817264,1
PZA01278.2,7,166025654,0.90233539389296,0.217391304347826,276,-0.0492401608550441,1
PZA03295.2,7,167014837,0.372664612978865,0.052536231884058,276,0.589202583714597,1
PZA00423.16,7,167060647,0.883319649098561,0.134057971014493,276,-0.0660729869953913,1
PZA00423.17,7,167060733,0.0576873150998035,0.0742753623188406,276,-0.994307878315504,1
PZA00043.7,7,167218288,0.360673874317092,0.166666666666667,276,0.389419546204199,1
PZA00043.1,7,167218363,0.300865179670501,0.442028985507246,276,-0.319685879568363,1
PZA00424.1,7,169017514,0.866027448278724,0.315217391304348,276,0.0583628739505975,1
PZB01638.1,7,169020648,0.172607430665627,0.418478260869565,276,-0.43473302275438,1
PZB01638.3,7,169020741,0.093210411818925,0.443840579710145,276,0.534217241336141,1
PZA02850.18,7,169067788,0.697582242797611,0.233695652173913,276,-0.132955449369046,1
PZA02850.4,7,169067986,0.657841826308347,0.168478260869565,276,0.178776568606922,1
PZB02070.1,7,169215983,0.345853834077881,0.496376811594203,276,-0.270839137886375,1
PHM5232.9,7,169409684,0.554245602547742,0.483695652173913,276,-0.189519471603313,1
PZA02274.1,7,169955290,0.663079007937191,0.117753623188406,276,0.227741915720399,1
PZA03117.3,7,170346140,0.186730160429522,0.483695652173913,276,0.409177278950112,1
PZA03117.2,7,170346253,0.00325377185835389,0.494565217391304,276,-0.863060423066832,0.734857357561887
PZA02388.1,8,169137,0.494999694928847,0.496376811594203,276,0.199756969331117,1
PZA02174.2,8,4101256,0.71153673828171,0.438405797101449,276,-0.119570136064922,1
PZA03316.4,8,4766593,0.406978293074479,0.0452898550724637,276,0.751222091834325,1
PZA03316.1,8,4766694,0.623491723937854,0.177536231884058,276,-0.183108707448577,1
PZA03316.3,8,4766801,0.181769894902649,0.235507246376812,276,0.494686191210264,1
PZA00368.17,8,5632196,0.981290514916888,0.318840579710145,276,-0.00747419544501415,1
PZA00368.1,8,5632308,0.672187834773733,0.34963768115942,276,0.123235213158091,1
PZA00058.1,8,5966657,0.727535434952858,0.469202898550725,276,-0.0990513516339531,1
PZA00058.5,8,5966698,0.222707209057229,0.134057971014493,276,-0.532675546988052,1
PZA00632.1,8,6017018,0.654517749938943,0.190217391304348,276,-0.168666900142947,1
PZA00416.4,8,8098163,0.511518960474149,0.33695652173913,276,-0.222757861152352,1
PZA00416.2,8,8098271,0.207378380544035,0.469202898550725,276,0.381981740757482,1
PZA01601.1,8,8404207,0.676273469788643,0.315217391304348,276,-0.141816783730393,1
PZA03178.3,8,11602192,0.557209330735678,0.132246376811594,276,-0.250780823866468,1
PZA03178.1,8,11602213,0.836968813494113,0.48731884057971,276,-0.0592461067887677,1
PZA01691.1,8,11620274,0.994638926127666,0.436594202898551,276,0.00200916404605644,1
PHM9695.8,8,12401723,0.731728293555955,0.452898550724638,276,-0.0998023982527341,1
PZA01079.1,8,14123731,0.450433878736659,0.128623188405797,276,0.359782742608448,1
PZA02955.3,8,14721554,0.558299310649274,0.382246376811594,276,0.190003017844148,1
PZB01977.2,8,17433938,0.629548619813953,0.434782608695652,276,-0.152580228302283,1
PZB01977.7,8,17434179,0.113016211557125,0.193840579710145,276,-0.622327953226083,1
PZB01977.11,8,17434259,0.890029378502697,0.416666666666667,276,-0.0445147678696178,1
PZB01977.4,8,17434337,0.803124608175475,0.291666666666667,276,0.0848575331296297,1
PZB01977.6,8,17434439,0.455959370012939,0.117753623188406,276,-0.350745472904413,1
PZB01977.5,8,17434510,0.14289172858729,0.0199275362318841,276,-1.43406494343755,1
PZB01977.10,8,17434577,0.378967125476055,0.0434782608695652,276,0.605409115498841,1
PZB01977.1,8,17434712,0.594659954148037,0.34963768115942,276,0.190319366191897,1
PZB01977.9,8,17434775,0.820321382103712,0.398550724637681,276,-0.0751456859074551,1
PZB01977.3,8,17434841,0.00978890948627631,0.469202898550725,276,-0.806361487741769,0.988330448343991
PZD00024.2,8,22274672,1,0,276,NA,1
PZD00025.2,8,22276752,0.168527681986063,0.416666666666667,276,0.434537068058376,1
PZD00025.1,8,22277128,0.66149626346787,0.181159420289855,276,-0.171444467965504,1
PZA01186.1,8,22423380,0.212189028574753,0.5,276,0.368041588079186,1
PZB01475.1,8,22632055,0.463276380845691,0.458333333333333,276,0.219852609786889,1
PZB01475.2,8,22632465,0.557741478457941,0.246376811594203,276,-0.20275799805951,1
PZD00034.3,8,23005432,0.864430002183029,0.311594202898551,276,-0.0553218761930756,1
PZD00034.4,8,23005482,0.688463938794824,0.0235507246376812,276,-0.355084842728824,1
PZA00758.1,8,23796463,0.0435432335080237,0.208333333333333,276,-0.713692764633232,1
PHM2350.17,8,23985819,0.298109075633761,0.483695652173913,276,-0.30482193384242,1
PZA00481.7,8,24557261,0.760416185150946,0.239130434782609,276,-0.102342259358693,1
PZA01196.2,8,24748473,0.716778049805294,0.365942028985507,276,0.116738556914675,1
PZB01094.4,8,32078447,0.0270510017453141,0.00905797101449279,276,-3.76308686887033,1
PZB01094.1,8,32078607,0.337345329245159,0.239130434782609,276,0.327338101032447,1
PZB01094.3,8,32078673,0.137671641245659,0.0181159420289855,276,1.69117055976378,1
PZA02927.1,8,34077450,0.576843820638778,0.0597826086956522,276,-0.358471269773345,1
PZA03114.2,8,34684129,0.823600986963422,0.382246376811594,276,0.0663167059585283,1
PZA03381.2,8,43848287,0.177652309069131,0.192028985507246,276,0.578613455134389,1
PZA03381.1,8,43848372,0.0601267911494744,0.195652173913043,276,-0.778650207377255,1
PZB02114.1,8,44552495,0.0358435179931463,0.226449275362319,276,0.837849183688973,1
PZB02114.2,8,44552625,0.598536807767801,0.036231884057971,276,-0.431830607582476,1
PZB02114.3,8,44552704,0.654612037007319,0.22463768115942,276,-0.183665126477325,1
PZB00145.1,8,44553828,0.276508085468912,0.195652173913043,276,-0.46579476734422,1
PZA00498.5,8,48775713,0.637137070351797,0.416666666666667,276,-0.167184000091326,1
PZA00498.3,8,48775756,0.886455646676751,0.429347826086957,276,0.0481595790984706,1
PZA01209.1,8,52678845,0.12089402842611,0.369565217391304,276,-0.519908949476203,1
PZA02203.1,8,55008669,0.724152652151973,0.23731884057971,276,-0.133064804514933,1
PZA03126.1,8,59949306,0.0259364930531895,0.202898550724638,276,1.1957438673787,1
PZA00417.3,8,60100774,0.274540451218723,0.193840579710145,276,0.470935499932811,1
PZA00417.2,8,60100989,0.419352284580376,0.230072463768116,276,0.329275333162195,1
PZA00793.2,8,64421988,0.321771582478379,0.431159420289855,276,-0.302156250699308,1
PZA00379.2,8,65657055,0.287683866069357,0.293478260869565,276,-0.338354642933707,1
PZA00717.14,8,68476007,1,0,276,NA,1
PZA00717.15,8,68476189,0.486134747666576,0.347826086956522,276,0.225950622182878,1
PZA01257.1,8,68789720,0.544229663594252,0.335144927536232,276,-0.20320179167141,1
PZA00196.2,8,70063587,0.518782291529991,0.0815217391304348,276,0.341470050441314,1
PHM11114.7,8,70899841,0.548300078826094,0.47463768115942,276,-0.182717213734271,1
PZA01470.1,8,72801790,0.358963091214142,0.306159420289855,276,-0.317552236160971,1
PZA02887.9,8,76261326,0.773541513772897,0.36231884057971,276,0.0896258806856642,1
PZA03035.5,8,76419367,0.740852912340758,0.0923913043478261,276,-0.166191874319718,1
PZA03408.1,8,76905518,0.921848411276962,0.0452898550724637,276,0.06470411576848,1
PZA00452.1,8,78017679,0.702333995375696,0.465579710144927,276,0.112911355667451,1
PZA02522.1,8,82710229,0.649372917742525,0.16304347826087,276,-0.205927740213422,1
PZA01297.1,8,82856261,0.424802431577772,0.177536231884058,276,-0.35074680931791,1
PZA00600.11,8,83913342,1,0,276,NA,1
PZA03736.1,8,93829348,0.849433034707402,0.302536231884058,276,0.0614744373487688,1
PZA03135.3,8,100564174,0.400403216762253,0.0362318840579711,276,-0.718845113015888,1
PZA03135.1,8,100564485,0.443229724424312,0.423913043478261,276,0.250904076565793,1
PZA02019.1,8,100932328,0.586685167831677,0.277173913043478,276,0.190893447077398,1
PZA03579.2,8,105795595,0.584022448898139,0.414855072463768,276,-0.171999548688648,1
PZA03579.1,8,105795685,0.79202010486788,0.242753623188406,276,-0.0997465598547971,1
PHM4134.8,8,105795742,0.510739408544913,0.302536231884058,276,0.228778420290252,1
PZA00739.1,8,105796017,0.627969372399054,0.266304347826087,276,0.186794393812063,1
PZA02566.1,8,112318768,0.481233846616173,0.382246376811594,276,0.213745809600436,1
PZB01883.2,8,114949534,0.44890185320909,0.278985507246377,276,0.244283142881154,1
PZB01883.1,8,114949662,0.0161489592327471,0.153985507246377,276,1.02248458736285,1
PZB01883.4,8,114949770,0.0502597886766362,0.16304347826087,276,-0.858990847880299,1
PZB01883.3,8,114949852,0.0634558193441737,0.175724637681159,276,-0.768608975703824,1
PZA03012.12,8,115257156,0.354967642513734,0.481884057971014,276,-0.30215955360689,1
PZA03012.10,8,115257234,0.285676641551759,0.0398550724637681,276,-0.93397938280742,1
PZA03012.7,8,115257396,0.407603215977817,0.498188405797101,276,0.259593539707102,1
PZA00045.2,8,116787118,0.83163019340481,0.298913043478261,276,0.0749746240894869,1
PZA00045.1,8,116787172,0.83733281106531,0.269927536231884,276,-0.0707454988236567,1
PZA00567.10,8,116875758,0.713147247137839,0.22463768115942,276,0.126610990395198,1
PZA03638.1,8,118438296,0.900459423888012,0.201086956521739,276,0.0513941492212986,1
PZA03639.1,8,118438383,0.333555722275675,0.201086956521739,276,0.405528096161714,1
PZA03638.3,8,118438467,0.986031916663749,0.108695652173913,276,0.0083992433805542,1
PZA03638.2,8,118438533,0.855099275212516,0.382246376811594,276,-0.0604748808380933,1
PZA03637.2,8,118439748,0.866972062066951,0.376811594202899,276,0.0552652191753142,1
PZA03637.1,8,118439775,0.882724318100327,0.204710144927536,276,0.0601471077613196,1
PZA03637.3,8,118439827,0.800658081445406,0.206521739130435,276,-0.101466271117145,1
PZB01385.3,8,122233767,0.56081992289936,0.393115942028986,276,0.178190262823605,1
PZB01385.2,8,122233827,0.604820765274321,0.248188405797101,276,0.195207584943585,1
PZB02161.1,8,123268336,0.257529885171729,0.159420289855073,276,0.477826918261546,1
PZB02159.2,8,123269296,0.924280195245064,0.434782608695652,276,0.0321511975996667,1
PZB02159.1,8,123269491,0.801681465030656,0.382246376811594,276,0.0899425096665685,1
PZB01201.1,8,123272319,0.719778224772868,0.255434782608696,276,-0.11976266960323,1
PZB02155.2,8,123272809,0.647537575175144,0.0887681159420289,276,0.249384579569542,1
PZB02155.1,8,123272935,0.521022219056114,0.492753623188406,276,-0.207639629262207,1
PZA01038.1,8,123599285,0.233059764582677,0.371376811594203,276,-0.375597120789498,1
PZB00591.1,8,123929371,0.955476495870039,0.221014492753623,276,0.0200551000697839,1
PZB00592.2,8,123929533,0.890423479338448,0.219202898550725,276,-0.0491171648447073,1
PZB00592.1,8,123929882,0.473387806522038,0.382246376811594,276,0.219498137924712,1
PZA00531.1,8,123932505,0.287117323684,0.159420289855073,276,-0.426792318950204,1
PZA00531.2,8,123932687,0.615600620870799,0.161231884057971,276,-0.199109978390346,1
PHM10525.11,8,124752481,0.301006347018628,0.375,276,0.338547867711072,1
PHM10525.9,8,124752624,0.131482216504067,0.358695652173913,276,-0.487234265211382,1
PZA00419.1,8,125230104,0.353705390089945,0.22463768115942,276,0.329892219161773,1
PZA00272.3,8,125785322,0.532814314264077,0.0543478260869565,276,0.384484335182941,1
PZA00272.2,8,125785447,1,0,276,NA,1
PZA00118.1,8,126154819,0.658765739568303,0.445652173913043,276,0.135266959016729,1
PZA00118.4,8,126155021,0.786830933454513,0.465579710144927,276,-0.0838660953843009,1
PZA00118.5,8,126155082,0.0420228462776793,0.16304347826087,276,-0.95453951618626,1
PZA03241.3,8,128276819,0.298278780233947,0.153985507246377,276,-0.455352601674058,1
PZB02534.3,8,128276900,0.292953282361881,0.134057971014493,276,0.452650871258973,1
PZB02534.4,8,128277017,0.425820486838011,0.286231884057971,276,-0.256075669611644,1
PZA03241.5,8,128277088,0.701281876895136,0.00724637681159424,276,-0.627050255665807,1
PZB02534.1,8,128277137,0.426055920934202,0.295289855072464,276,-0.25635021925136,1
PZB02534.2,8,128277210,0.26352273373374,0.135869565217391,276,-0.473838641773804,1
PZA03612.4,8,128613644,0.989813078904852,0.0452898550724638,276,0.00840249739758547,1
PZA03612.3,8,128613858,0.0605665169642264,0.222826086956522,276,-0.705647990408986,1
PZA03612.2,8,128613967,0.128920752262045,0.226449275362319,276,0.561823247989836,1
PZA03611.1,8,128632225,0.116589949635043,0.230072463768116,276,0.579675159619173,1
PZA03610.1,8,128633607,0.0793146932730898,0.221014492753623,276,0.67039291496722,1
PZA01049.1,8,129044327,0.50877021431549,0.490942028985507,276,0.204298142442313,1
PHM5468.25,8,129163361,0.338750209408642,0.246376811594203,276,-0.368168323630545,1
PZA03052.15,8,129384587,0.759695245174485,0.0942028985507246,276,-0.138958760201724,1
PZA03395.5,8,130388141,0.122621848232389,0.0815217391304348,276,0.767234839939647,1
PZA03395.4,8,130388227,0.140351679842805,0.072463768115942,276,-0.787750462342487,1
PZA03395.3,8,130388436,0.970600794035392,0.175724637681159,276,0.01487517646292,1
PHM14152.18,8,131568112,0.84397571035572,0.41304347826087,276,0.0592847776146475,1
PZA00049.12,8,132749967,0.872225598208323,0.213768115942029,276,-0.055902534413983,1
PHM4203.11,8,133529939,0.798892164952461,0.384057971014493,276,0.0766861538311621,1
PZA03005.9,8,133748608,0.994199708967646,0.48731884057971,276,0.00219368568258149,1
PZA03005.19,8,133748695,0.21125137100934,0.130434782608696,276,-0.516432623694388,1
PHM448.23,8,133775120,0.577043787894513,0.431159420289855,276,-0.175482247936276,1
PZA00766.1,8,133775220,0.469981905434245,0.471014492753623,276,0.227943727825026,1
PZB01389.2,8,134723762,0.938084182514481,0.0416666666666666,276,0.0782039993769672,1
PZB01389.1,8,134723842,0.604106800898847,0.451086956521739,276,0.164713940779342,1
PZA03591.1,8,134813437,0.000458923967747614,0.177536231884058,276,-1.50232843702062,0.734296449644183
PZA03591.3,8,134813550,0.626326214948871,0.146739130434783,276,0.194190991812672,1
PZA03591.2,8,134813696,0.306402206656553,0.407608695652174,276,0.315995588349937,1
PZA03590.1,8,134815566,0.593236577571396,0.0217391304347826,276,0.530148698758595,1
PZA00090.1,8,137480768,0.408315293766053,0.125,276,0.460884060141888,1
PZB00665.1,8,137572174,0.0106845854006104,0.293478260869565,276,-0.938356061223942,0.988330448343991
PZB00665.2,8,137572228,0.093579026571763,0.438405797101449,276,-0.508839544977367,1
PZA02011.1,8,140212456,0.811654720690964,0.483695652173913,276,-0.0713684144361793,1
PZA03061.5,8,141037093,0.753800700429208,0.173913043478261,276,-0.159906713484505,1
PZA03608.2,8,141276260,0.813660102813657,0.365942028985507,276,-0.0768631709836147,1
PZA03608.1,8,141276353,0.310538588880059,0.248188405797101,276,0.364914081031994,1
PZA00168.14,8,141887023,0.951764295427287,0.119565217391304,276,-0.0283449033765594,1
PZA00429.2,8,144443053,0.267183642879988,0.326086956521739,276,-0.40036065898343,1
PZA00429.1,8,144443084,0.45472171757909,0.346014492753623,276,-0.256379526003124,1
PZA00097.13,8,144652871,0.210005572267196,0.0760869565217391,276,-0.81331151740526,1
PZB01454.3,8,145713740,0.295756338875656,0.463768115942029,276,-0.339873105251755,1
PZA03650.1,8,146342067,0.382478630631343,0.329710144927536,276,0.306282381791086,1
PZA03651.2,8,146342751,0.909105362439616,0.465579710144927,276,0.0374979583456909,1
PZA03651.1,8,146342784,0.64213854980098,0.331521739130435,276,-0.166306540394019,1
PZA03652.2,8,146342956,0.942582706686874,0.143115942028986,276,-0.0329949573899949,1
PZA03652.1,8,146343044,0.81322321862658,0.463768115942029,276,-0.077981059246637,1
PZA03652.3,8,146343197,0.00403898321324025,0.0217391304347826,276,-3.74564375061421,0.734857357561887
PZA00686.4,8,146670206,0.686718505073188,0.0615942028985508,276,0.243893021951779,1
PZA00686.7,8,146670272,0.788393835628654,0.0634057971014493,276,0.15083653539246,1
PZA00120.4,8,147049220,0.217060010020261,0.121376811594203,276,0.584000866233066,1
PHM4757.14,8,151452567,0.221396474169558,0.315217391304348,276,0.395795075529211,1
PZA03153.2,8,151468480,0.170307305281208,0.251811594202899,276,0.505257371052542,1
PZA03153.4,8,151468520,0.561686136862363,0.309782608695652,276,-0.192453710259465,1
PZA03153.1,8,151468637,0.725535070754983,0.277173913043478,276,-0.201182423695892,1
PZA03153.3,8,151468701,0.314568229092019,0.36231884057971,276,-0.326135115510596,1
PZA03182.5,8,152155087,0.77265671173561,0.411231884057971,276,0.090320718587505,1
PZA03182.3,8,152155155,0.714924813668723,0.105072463768116,276,-0.169081333528452,1
PZA03182.2,8,152155215,0.377196187204992,0.0344202898550725,276,-0.83550008090905,1
PZA00314.6,8,153355348,1,0,276,NA,1
PZA00422.2,8,153373467,0.785167482348923,0.179347826086957,276,-0.104882796564563,1
PZA00422.5,8,153373529,0.912729246070456,0.134057971014493,276,-0.0464923966045503,1
PZA00334.2,8,154182352,0.897270255473985,0.213768115942029,276,-0.0478615938116249,1
PZA03225.2,8,154325717,0.633081142520394,0.304347826086957,276,0.150850340953853,1
PHM12749.13,8,155071379,0.706655607605679,0.36231884057971,276,0.119727214873991,1
PZA00018.5,8,155326020,0.410216641762607,0.123188405797101,276,0.376398609457305,1
PZA00177.4,8,155435599,0.59057795277251,0.201086956521739,276,-0.211449478739213,1
PHM15278.6,8,155484031,0.188205236092873,0.38768115942029,276,-0.40643649913508,1
PZA03695.2,8,155569735,0.954672414087717,0.0579710144927537,276,0.0356392310307694,1
PZA03695.1,8,155569805,0.704633263699934,0.21195652173913,276,-0.146138201288987,1
PZA03696.3,8,155570552,0.188344266049433,0.0434782608695652,276,0.834006669911029,1
PZA03696.1,8,155570656,0.73342567538622,0.221014492753623,276,-0.129936348322144,1
PZA03696.2,8,155570773,0.070893089981289,0.0253623188405797,276,1.51872726285385,1
PZA03697.1,8,155570887,0.31968594124974,0.28804347826087,276,0.342835600972846,1
PZA03698.1,8,155571435,0.833375344818554,0.449275362318841,276,-0.0663190934484894,1
PZA03698.3,8,155571493,0.423292219937147,0.177536231884058,276,0.320752655296441,1
PZA03698.2,8,155571651,0.154750250064829,0.240942028985507,276,0.518503007868195,1
PZA01741.1,8,156061850,0.42809704359586,0.255434782608696,276,0.295455269638573,1
PZB02040.1,8,156646395,0.726230939265465,0.0108695652173914,276,-0.52290279944522,1
PZB00160.1,8,157472833,0.649142174595776,0.0615942028985507,276,-0.276356266417452,1
PZA00838.2,8,158949206,0.95087702095065,0.385869565217391,276,-0.0188570901657696,1
PZA03656.1,8,158961898,1,0,276,NA,1
PHM3465.6,8,159478545,0.108097472450197,0.125,276,-1.08612093914522,1
PZA00706.16,8,159897914,0.322085660172933,0.192028985507246,276,-0.415345944745292,1
PZA00706.11,8,159898064,0.816638992282488,0.40036231884058,276,-0.0737748301387193,1
PZB00811.1,8,160536300,0.390305597752225,0.184782608695652,276,-0.522710202108756,1
PZB00811.2,8,160536472,0.4319667759389,0.304347826086957,276,-0.267579778527957,1
PZA03388.2,8,160537081,0.944907616316896,0.36231884057971,276,0.0219355460556796,1
PZA03388.1,8,160537277,0.454338413217884,0.443840579710145,276,-0.245257043476358,1
PZA00675.1,8,161460108,0.971240021088344,0.22463768115942,276,-0.013947333885107,1
PZA03592.1,8,161817307,0.412970304376278,0.157608695652174,276,0.347608243263042,1
PZA03592.3,8,161817408,0.726689617382288,0.454710144927536,276,-0.119444291432207,1
PZA03593.1,8,161819705,0.65408582383516,0.26268115942029,276,0.152786459606926,1
PZA03593.2,8,161819940,0.650603505205703,0.0344202898550725,276,0.328840375132558,1
PZA00229.7,8,161988861,0.95783477307817,0.148550724637681,276,-0.0207044617544004,1
PZB01107.7,8,162011903,0.796401943314355,0.0326086956521739,276,0.275649819281725,1
PZB01107.8,8,162011965,0.523952136785176,0.0851449275362319,276,0.320053061652215,1
PZB01107.6,8,162012097,0.690533793643535,0.0615942028985508,276,0.281138645745969,1
PZB01107.2,8,162012202,0.967653764451787,0.190217391304348,276,0.0151023162948229,1
PZB01107.5,8,162012322,0.276493560154825,0.492753623188406,276,0.329500042585783,1
PZA00336.10,8,162446230,0.139172858875837,0.407608695652174,276,-0.452669161530033,1
PZA02746.2,8,163067200,0.273656914689085,0.471014492753623,276,0.35047882077031,1
PZB00700.1,8,163492031,0.132814471846087,0.0634057971014493,276,-0.920932946178463,1
PZA00460.8,8,163565334,0.561013971848804,0.478260869565217,276,0.185827182071003,1
PZA00460.3,8,163565396,0.585248260804537,0.382246376811594,276,-0.174034255945749,1
PZA00516.2,8,163572237,0.481251891137139,0.422101449275362,276,0.221133259685111,1
PZA00516.3,8,163572301,0.976749656218,0.40036231884058,276,0.00895269506716057,1
PZB00007.3,8,163643858,0.30852567053376,0.175724637681159,276,0.404494382853836,1
PZA00362.2,8,163939051,0.571816699685487,0.298913043478261,276,-0.193180841434804,1
PZA00362.1,8,163939189,0.256392550128945,0.235507246376812,276,0.474949371464532,1
PZA01316.1,8,164369718,0.90761292723198,0.217391304347826,276,0.045449957069942,1
PZA00001.8,8,164795650,0.0383565106353493,0.376811594202899,276,0.776741204482291,1
PHM4786.9,8,164795880,0.0691652643660959,0.38768115942029,276,0.625302704435185,1
PZA00904.1,8,165809816,0.68589041070439,0.41304347826087,276,0.130091697819951,1
PZA00641.8,8,166182700,0.715804908898532,0.0344202898550725,276,0.291415209928537,1
PZA00641.7,8,166182794,0.804816920232809,0.0326086956521739,276,-0.19608480497829,1
PZA01964.29,8,166984405,0.634101555542967,0.335144927536232,276,-0.163030776576256,1
PZA03446.1,8,168485696,0.12704874296295,0.152173913043478,276,-0.638699506814163,1
PHM14046.9,8,169471006,0.198959880627817,0.257246376811594,276,-0.459802001541016,1
PZB01057.4,8,169540271,0.966526118031402,0.144927536231884,276,-0.0178085768306007,1
PZB01057.3,8,169540274,0.581420158410439,0.134057971014493,276,-0.239414364985031,1
PZB01057.1,8,169540340,0.995194286696795,0.378623188405797,276,0.00267971707047909,1
PZB01057.2,8,169540394,0.602167877335866,0.168478260869565,276,0.187432367165112,1
PZA03202.2,8,169912459,0.711956593982781,0.300724637681159,276,0.12047245632327,1
PZA03202.1,8,169912848,0.1686878345524,0.472826086956522,276,-0.406784747577883,1
PZA00189.21,8,170014413,0.174570523507016,0.190217391304348,276,0.503603102810948,1
PZA00760.1,8,171099906,0.813891156863854,0.228260869565217,276,0.0858337382377017,1
PZA03538.1,8,171578191,0.27936056223832,0.344202898550725,276,0.359280163002517,1
PZA03537.1,8,171581059,0.235240907266021,0.072463768115942,276,0.703630665752098,1
PHM2749.10,8,171703522,0.787935077247056,0.393115942028986,276,-0.0869613911090001,1
PZA01290.1,8,171827952,0.0328048778000767,0.452898550724638,276,0.680827697929148,1
PZA02281.3,8,172057935,0.921977103567675,0.230072463768116,276,-0.0363740543827826,1
PZB01872.1,8,172323589,0.047351677038743,0.409420289855073,276,-0.616592959632801,1
PZB01872.2,8,172323795,0.672519024624692,0.0307971014492754,276,0.358650145362287,1
PZA03062.7,9,3873116,0.481117995272774,0.264492753623188,276,0.242723196867926,1
PZA03062.15,9,3873152,0.529416928961956,0.0380434782608696,276,0.490600363018063,1
PHM3925.79,9,3955377,0.424070809380968,0.0960144927536232,276,-0.594882704970893,1
PZD00036.2,9,6992336,0.43148285635269,0.347826086956522,276,0.270749445827575,1
PZA01799.1,9,9885916,0.681977863595497,0.403985507246377,276,0.131404748244349,1
PZB00781.1,9,11101740,0.734206507833276,0.467391304347826,276,-0.107378522302634,1
sh1.4,9,11336778,0.0562514140653783,0.429347826086957,276,0.614736084341116,1
sh1.3,9,11337226,0.247267216151989,0.369565217391304,276,0.381267528892348,1
sh1.2,9,11339352,0.700095518742992,0.322463768115942,276,-0.124595800423797,1
sh1.11,9,11339891,0.582562110503326,0.402173913043478,276,0.169475192469327,1
sh1.12,9,11340882,0.383619150620462,0.485507246376812,276,0.286281023765702,1
sh1.1,9,11341274,0.0229895466255215,0.244565217391304,276,-1.15058143573238,1
PHM1218.6,9,11342096,0.435251638202656,0.26268115942029,276,0.279331997038375,1
PZA01195.3,9,11345280,0.296274950699597,0.130434782608696,276,-0.605393205780189,1
PZA00466.1,9,11972467,0.967093246701974,0.186594202898551,276,-0.0172584511137464,1
PHM5181.10,9,15582065,0.347738181966379,0.364130434782609,276,0.319937761358789,1
PZA02916.5,9,15582100,0.0488227675415187,0.414855072463768,276,0.692035796326861,1
PZA02916.4,9,15582109,0.0429070503048949,0.480072463768116,276,0.710666700938504,1
PZA02702.1,9,16228586,0.809599337256185,0.126811594202899,276,-0.100484289863637,1
PZA03431.1,9,16578365,0.0180852923867764,0.0181159420289855,276,-2.69016812176615,1
zmm3.1,9,16966211,1,0,276,NA,1
zmm3.2,9,16966263,1,0,276,NA,1
zmm3.4,9,16966348,1,0,276,NA,1
PZD00047.2,9,16966384,0.416168017792043,0.00543478260869565,276,1.55855641050528,1
PZD00047.1,9,16966493,0.186166605569188,0.126811594202899,276,0.626288458790914,1
PZA03416.9,9,16979695,0.16149258009525,0.052536231884058,276,-0.99637845423576,1
PZA03416.7,9,16980092,0.0504016251232701,0.114130434782609,276,0.980188855400534,1
PZA03416.8,9,16980100,0.165593253347942,0.0344202898550725,276,1.60431948549281,1
PZA03416.6,9,16980188,0.855871477320355,0.0652173913043478,276,0.0868966964735555,1
PZA02996.9,9,17214904,0.219798082297785,0.0235507246376812,276,-1.17232170088301,1
PHM9374.5,9,17653676,0.522587131547869,0.322463768115942,276,-0.211192374021853,1
PZA02844.1,9,17653885,0.188108482292442,0.016304347826087,276,-1.57419744404995,1
PZA00860.1,9,18684111,0.436328247650065,0.327898550724638,276,0.25706434839045,1
PZA03058.12,9,19292942,0.872676190356627,0.335144927536232,276,0.0547319326964109,1
PZA03058.16,9,19292964,0.491903815652661,0.465579710144927,276,-0.223127225893816,1
PZA03058.17,9,19292988,0.984562748148841,0.114130434782609,276,-0.00890189967576571,1
PZA03058.22,9,19293027,0.92854865619246,0.219202898550725,276,0.0411738000488067,1
PZA03058.21,9,19293212,0.81431903350947,0.103260869565217,276,-0.113967011880538,1
PZB00736.2,9,20516063,0.29487261660741,0.28804347826087,276,0.333355400539797,1
PZB00736.4,9,20516152,0.221722748245283,0.0108695652173913,276,-1.3813847611957,1
PZA00583.4,9,20525979,0.442747204815591,0.496376811594203,276,0.242308429867249,1
PZA00583.17,9,20526173,0.890803821736458,0.106884057971014,276,0.0654818971652136,1
PZA00438.4,9,21519206,1,0,276,NA,1
PZB01042.7,9,22040626,0.586545454980199,0.143115942028986,276,0.229630763590913,1
PZB01042.5,9,22040925,0.283936014489662,0.172101449275362,276,-0.43638716531683,1
PZB01042.3,9,22040955,0.158946345855504,0.101449275362319,276,-0.692261952884521,1
PZB01042.2,9,22040988,0.629800244898196,0.231884057971015,276,-0.205328155999095,1
PZB01042.1,9,22041092,0.125435843036374,0.159420289855073,276,0.84312593383631,1
PZB01042.6,9,22041257,0.416306773386883,0.0561594202898551,276,0.520353286531919,1
PZB01042.8,9,22041375,0.0275279185891035,0.269927536231884,276,-0.753929824597773,1
wx1.1,9,23215033,0.0700828576850429,0.143115942028985,276,0.794206119832269,1
PZB00547.3,9,23215090,0.0964390815311501,0.101449275362319,276,0.787014356290345,1
PZB00547.1,9,23215171,0.077361472854586,0.268115942028986,276,-0.619172137283138,1
PZB00544.1,9,23215722,0.503513502886343,0.402173913043478,276,-0.214653902613252,1
PZB00544.2,9,23215793,0.961914948038332,0.260869565217391,276,-0.0163670875017465,1
PZB00540.1,9,23217179,0.165832026745793,0.329710144927536,276,-0.456659256625952,1
PZA01999.3,9,23217376,0.52317882100107,0.125,276,0.280646576408885,1
PZB01110.6,9,24028336,0.473500312900457,0.268115942028986,276,-0.248039878390546,1
PZB01110.1,9,24028795,0.915016742271057,0.255434782608696,276,0.037711645365929,1
PZB01963.2,9,24376691,0.887065496580599,0.148550724637681,276,-0.0687087400249649,1
PZB01963.4,9,24376774,1,0,276,NA,1
PZB01963.6,9,24376844,0.689453460976525,0.22463768115942,276,-0.163682003575867,1
PZB01963.5,9,24376908,1,0,276,NA,1
PZB01963.3,9,24376967,0.854136611620159,0.253623188405797,276,-0.0677928336474678,1
PZB01963.1,9,24377057,0.840218147307063,0.257246376811594,276,0.0731547696194432,1
PZA02648.2,9,25654718,0.640952772609794,0.246376811594203,276,0.175474886446764,1
PZA03113.5,9,26513930,0.0714761217534046,0.228260869565217,276,-0.690213937700726,1
PZA03113.3,9,26514219,0.54104285442321,0.469202898550725,276,-0.205121972295126,1
PZA03113.4,9,26514227,0.671380707355484,0.416666666666667,276,-0.140315120797771,1
PZB00379.2,9,26661426,0.163964442404805,0.375,276,0.43254361546373,1
PZB00379.1,9,26661626,0.0259591292271343,0.465579710144928,276,0.714124045715379,1
PZA00693.3,9,28318787,0.573110590226096,0.260869565217391,276,-0.207895306611289,1
PZB00959.1,9,28529745,0.935959178116392,0.389492753623188,276,0.0281126928136599,1
PZB02423.1,9,28529871,0.370448349319783,0.072463768115942,276,-0.468687719154321,1
PZB00235.2,9,34649110,0.647685759391851,0.0652173913043478,276,-0.277422530391581,1
PZB00235.1,9,34649218,0.56662168803352,0.300724637681159,276,0.188594277995275,1
PZA02878.13,9,37421825,0.977047702458232,0.23731884057971,276,-0.0114956347367023,1
PZA02861.13,9,42849025,0.715565683925368,0.33695652173913,276,-0.147696927503168,1
PZA02861.12,9,42849080,0.286031953156335,0.289855072463768,276,0.423265749574299,1
PZA03469.1,9,42852770,0.238158166208681,0.396739130434783,276,0.465800856808111,1
PZA03097.4,9,44359301,0.215345834827963,0.190217391304348,276,-0.55490949330628,1
PZA03097.7,9,44359430,0.749995217092767,0.202898550724638,276,-0.11918164761355,1
PZB00014.1,9,46590628,0.040077921429638,0.327898550724638,276,-0.871741790901573,1
PZA03085.30,9,51080355,0.265824451502456,0.260869565217391,276,-0.415260487601658,1
PZB02422.1,9,59789379,0.706930390634916,0.130434782608696,276,0.173531060651762,1
PZA00588.1,9,59789907,0.916212452361869,0.380434782608696,276,0.0346897290672885,1
PZA00588.2,9,59789931,0.937866438540319,0.365942028985507,276,-0.0264715094101684,1
PZB01114.6,9,60776013,0.973187499194573,0.492753623188406,276,-0.0118192668256545,1
PZB01114.2,9,60776186,0.567004564205209,0.0869565217391304,276,0.304330521216062,1
PZB01114.1,9,60776323,0.807368166109392,0.498188405797101,276,-0.0841155302723573,1
PZA00287.1,9,72258299,0.762807694603158,0.179347826086957,276,-0.125892064014863,1
PZA03057.3,9,73251868,0.140684548771552,0.146739130434783,276,0.656733948709531,1
PZA00925.2,9,73487579,0.508446627446955,0.425724637681159,276,-0.235165812271073,1
PZA01791.2,9,77467426,0.232524847883614,0.420289855072464,276,-0.386567879201172,1
PZA03759.2,9,80446876,0.103998327350916,0.271739130434783,276,-0.567896264193821,1
PZA03759.1,9,80446937,0.186957520476229,0.141304347826087,276,0.557723230063723,1
PZA03758.1,9,80499825,0.39390175529401,0.179347826086957,276,0.358468483902482,1
PZB00761.1,9,83959651,0.549883426382912,0.375,276,0.197409933936084,1
PZB00761.2,9,83960023,0.595868202715954,0.110507246376812,276,-0.290933308964776,1
PZA00070.5,9,85334547,0.0239554653223488,0.367753623188406,276,0.730880525229114,1
PZA01861.1,9,85740054,0.904052734927275,0.34963768115942,276,-0.0406592947164059,1
PZA02545.1,9,88057165,0.698643948231629,0.0778985507246377,276,0.351194823274078,1
PZA00653.5,9,89363110,0.534900274110791,0.467391304347826,276,-0.197298235322378,1
PZA03595.2,9,90435061,0.351390190929111,0.338768115942029,276,-0.345395906265008,1
PZA03595.1,9,90435214,0.28549466008648,0.409420289855072,276,-0.372734958986205,1
PZA03595.3,9,90435381,0.204449910006432,0.0108695652173914,276,-2.10327896220063,1
PZA03596.2,9,90436004,0.253545110153995,0.403985507246377,276,-0.396842708660509,1
PZA03596.3,9,90436140,0.830978184699474,0.0489130434782609,276,0.139021459769321,1
PZA03596.1,9,90436248,0.562888174614856,0.496376811594203,276,0.195940548824599,1
PZA02897.12,9,94285743,0.998011440198006,0.268115942028986,276,-0.000828268978438018,1
PZA00947.1,9,96885738,0.679760372267022,0.215579710144928,276,0.140102183238457,1
PZB01899.3,9,98502706,0.305920629747802,0.481884057971014,276,0.323956198306522,1
PZB01899.2,9,98503011,0.846770501956162,0.496376811594203,276,0.0584871894855366,1
PZA03253.1,9,103719503,0.230615263068151,0.226449275362319,276,0.433627155641511,1
PZA03253.2,9,103719660,0.46949669542144,0.235507246376812,276,0.277643063904945,1
PZA00514.6,9,104237516,0.920862255091292,0.0181159420289855,276,0.110625057523304,1
PZA00514.1,9,104237592,1,0,276,NA,1
PZB00967.2,9,104333938,0.378731620896133,0.206521739130435,276,0.339637392434588,1
PZB02480.2,9,104373145,0.674264833900006,0.235507246376812,276,0.16184878927581,1
PZB02480.1,9,104373476,0.752812074898102,0.329710144927536,276,-0.10658743850979,1
PZA00225.7,9,104537824,0.969963126907016,0.360507246376812,276,-0.013404990459801,1
PZA00225.8,9,104537850,0.366430402827055,0.367753623188406,276,0.318607154769619,1
PZB01358.1,9,106774837,0.753283691095926,0.311594202898551,276,0.115322606523781,1
PZB01358.4,9,106774862,0.80395973604879,0.0452898550724637,276,0.160789107707588,1
PZB01358.3,9,106774925,0.0632095679048619,0.175724637681159,276,0.779371039225487,1
PZB01358.2,9,106775093,0.67864556184682,0.326086956521739,276,-0.151733179561176,1
PZB01652.1,9,106850853,0.368178090333663,0.458333333333333,276,0.303420374787528,1
PZA00015.5,9,109909820,0.490628834536981,0.153985507246377,276,-0.291606930256816,1
PZA03470.1,9,110522534,0.628629201729307,0.153985507246377,276,-0.216675126252222,1
PZB01913.2,9,110628874,0.413127608585598,0.0597826086956522,276,0.450253357684318,1
PZB01913.1,9,110629231,0.685393540270588,0.427536231884058,276,0.127493858153544,1
PZB01869.2,9,111935442,0.218385739957995,0.0670289855072464,276,0.772021857647801,1
PZB01869.4,9,111935545,0.397226691368884,0.289855072463768,276,0.303308926610138,1
PZB01869.1,9,111935626,0.124747119850264,0.260869565217391,276,-0.573694062994687,1
PZB01867.5,9,111935765,0.408857915787844,0.257246376811594,276,-0.29616428408445,1
PZB01867.2,9,111935837,0.209569164233889,0.485507246376812,276,0.411162698909741,1
PZA03235.2,9,114897449,0.473756121007717,0.253623188405797,276,0.263145669918844,1
PZA03235.3,9,114897648,0.851351250258447,0.0471014492753623,276,0.154166086746681,1
PZA03235.1,9,114897665,0.381696552882959,0.340579710144927,276,-0.31036840840974,1
PZA02613.1,9,116763482,0.56698631628637,0.0942028985507246,276,-0.288854471701411,1
PZB01292.2,9,117894780,1,0,276,NA,1
PZB01292.1,9,117894891,0.12460509693202,0.172101449275362,276,0.62773129026549,1
PZB01292.3,9,117895037,0.359355134374625,0.0615942028985508,276,-0.55576200215709,1
PZA01819.1,9,118511506,0.515408987869825,0.199275362318841,276,0.239795700214139,1
PZB01432.1,9,124067174,0.83021683268449,0.322463768115942,276,-0.0710879712952153,1
PZB01432.3,9,124067329,0.331000497564755,0.210144927536232,276,-0.364584272790561,1
PZB01432.4,9,124067391,0.396351983844622,0.168478260869565,276,-0.363400058393368,1
PZB01432.2,9,124067508,0.467564785263985,0.396739130434783,276,0.255169850699757,1
PZA00840.1,9,124112589,0.263109390794915,0.269927536231884,276,0.383321059946273,1
PZA00060.2,9,124619424,0.877874724448444,0.402173913043478,276,0.0506954680189911,1
PZA00116.2,9,125052222,0.804742955495859,0.143115942028985,276,0.100885991325036,1
PZA00116.3,9,125052246,0.587549286296115,0.143115942028985,276,-0.225429955921473,1
PZA00213.7,9,126584310,0.00840034407130348,0.445652173913043,276,0.823794443204615,0.975598422275903
PZA00213.19,9,126584378,0.21224125501999,0.126811594202899,276,0.651143361639279,1
PZB02504.1,9,128442190,0.0963472622959269,0.409420289855073,276,0.511780791828157,1
PZB02504.3,9,128442195,0.651938147458493,0.431159420289855,276,0.137938660921827,1
PHM3330.25,9,128515170,0.332035536130096,0.317028985507246,276,0.337475180372719,1
PZA00568.19,9,129048317,0.905810112911922,0.0597826086956522,276,-0.0683355783179268,1
PZA02111.1,9,130251867,0.079049547376598,0.170289855072464,276,-0.802357436514214,1
PZB00080.2,9,130608245,0.69178244453577,0.0326086956521739,276,0.534645076702889,1
PZB00080.1,9,130608305,0.35280674687827,0.0380434782608696,276,-0.572943982294624,1
PZB02099.2,9,130611573,0.856693573210127,0.0688405797101449,276,-0.156705811638794,1
PZA03669.1,9,130876521,0.967190425262778,0.0869565217391304,276,-0.0285012624141334,1
PZA03670.1,9,130886940,0.244062742870293,0.311594202898551,276,0.398557177208912,1
PZA03671.1,9,130889568,0.480360593525307,0.436594202898551,276,-0.214028276693005,1
PZA02235.14,9,132119630,0.578907882573789,0.338768115942029,276,0.177877423525344,1
PZB00126.1,9,133389152,0.946090714311353,0.442028985507246,276,-0.0203272188759243,1
PZB00643.1,9,133448740,0.179610138461965,0.34963768115942,276,0.450711494731109,1
PZB00750.3,9,133448843,0.0885950733904775,0.199275362318841,276,0.702118452375543,1
PZB00750.2,9,133449028,0.354222521397081,0.134057971014493,276,-0.421864435628354,1
PZA01096.1,9,133450713,0.424576369236567,0.235507246376812,276,0.310705994485695,1
PZB01436.2,9,135383612,1,0,276,NA,1
PZB01436.3,9,135383693,0.292626375505384,0.103260869565217,276,-0.500533279675412,1
PZB01436.1,9,135383906,0.805778921455637,0.246376811594203,276,-0.0801659612703234,1
PZB00118.2,9,135842386,0.868568436492819,0.340579710144928,276,0.0550090784900015,1
PZA02252.2,9,136597740,0.530494058043885,0.134057971014493,276,0.266278028548046,1
PZA00502.5,9,139381999,1,0,276,NA,1
PZA00502.1,9,139382140,0.192608040050019,0.431159420289855,276,-0.361106305462337,1
PZA01369.1,9,140926271,0.981702408711279,0.257246376811594,276,-0.00847571123123214,1
PHM816.29,9,142043997,0.501006245036517,0.490942028985507,276,-0.205057956924185,1
PZB00221.3,9,142271047,0.0618424708717172,0.306159420289855,276,-0.613451009054514,1
PZB00221.6,9,142271097,0.406285157123384,0.0126811594202898,276,-1.1546273404787,1
PZD00055.1,9,142271281,0.819789814629633,0.434782608695652,276,0.0683991291490307,1
PZD00055.2,9,142271439,0.909564308495561,0.0597826086956522,276,0.0675020833741122,1
PZB00221.2,9,142271476,0.0332172047700557,0.476449275362319,276,0.645364173088242,1
PZB00221.5,9,142271582,0.049450992509693,0.264492753623188,276,-0.661159823832112,1
PZB00221.7,9,142271657,0.782002583291384,0.25,276,0.0974769016870223,1
PZA00323.3,9,142499873,0.89009347898658,0.235507246376812,276,-0.0503836057900058,1
PZA00323.4,9,142500070,0.773830406452387,0.405797101449275,276,-0.103759637938731,1
PZA01715.2,9,142948449,0.761594017385338,0.481884057971014,276,-0.0878032338103438,1
PZA01715.1,9,142948545,0.162199937371532,0.320652173913043,276,0.466463572067465,1
PZA02381.1,9,144723067,0.00778748312745759,0.0851449275362319,276,1.76957855235899,0.975598422275903
PZA00912.2,9,145148200,0.395601436087107,0.269927536231884,276,0.326497311554005,1
PZA02997.16,9,146470580,0.271236010873287,0.221014492753623,276,0.375441272408661,1
PZA02997.19,9,146470644,1,0,276,NA,1
PZA00832.1,9,147131097,0.0807206857397709,0.226449275362319,276,0.624221493148841,1
PZA00579.2,9,147384886,0.16400090575218,0.284420289855072,276,0.453227049191164,1
PZA00579.6,9,147384958,0.862670236309874,0.0615942028985508,276,-0.0935911818455857,1
PZA03156.3,9,147821234,0.2007550493323,0.0326086956521739,276,1.09713436925046,1
PZA02847.21,9,147826958,0.133450489423957,0.255434782608696,276,0.536727045214298,1
PZA00428.2,9,148430337,0.97948285091281,0.376811594202899,276,-0.00807886331157848,1
PHM13681.12,9,148713045,0.389637579951176,0.318840579710145,276,-0.270013088366891,1
PZA03405.1,9,148715252,0.186049265177004,0.0181159420289855,276,-1.54184400678923,1
PZA00123.1,9,149398788,0.201377358318115,0.052536231884058,276,-0.840275972979109,1
PZD00050.3,9,149507714,0.257947508510214,0.13768115942029,276,0.483508729309566,1
PZD00050.2,9,149507835,0.763987678263057,0.0778985507246377,276,0.169047043894537,1
PZA03573.2,9,150137968,0.777033731662568,0.181159420289855,276,-0.105149413885091,1
PZA03573.3,9,150138109,0.582526520747715,0.134057971014493,276,0.233626252487658,1
PZA03573.1,9,150138200,0.434117807563705,0.181159420289855,276,-0.345720776202473,1
PZA03573.4,9,150138319,0.644737988690636,0.00905797101449275,276,0.590146914040508,1
PZA03572.2,9,150138962,0.632320625192244,0.239130434782609,276,-0.165378739017298,1
PZA00184.4,9,151289826,0.565273784556172,0.0670289855072463,276,0.300193182526785,1
PZA00184.1,9,151289948,0.592966098868207,0.179347826086957,276,-0.195038168228084,1
PZA03332.1,10,838970,0.879570712098294,0.0615942028985508,276,0.0816803211425778,1
PZA02554.1,10,1939921,0.938887017027312,0.208333333333333,276,-0.0310006306275348,1
PZA02221.20,10,1948030,0.219622931830171,0.402173913043478,276,0.386392086442725,1
PZA03216.2,10,2118915,0.769197428860634,0.48731884057971,276,0.0884116213153399,1
PZA01313.2,10,3598262,0.0508537109101661,0.460144927536232,276,0.55918992189027,1
PZA02095.10,10,5119007,0.548394121357712,0.126811594202899,276,0.253998881560062,1
PZA03078.29,10,6121273,0.405475557740879,0.405797101449275,276,0.262824551763874,1
PZA03078.33,10,6121326,0.499250358314195,0.0742753623188406,276,0.383274495470667,1
PHM2828.83,10,6121374,0.312534972197872,0.46195652173913,276,0.3058586047198,1
PHM3765.7,10,7904882,0.493266507812349,0.355072463768116,276,0.342245397521393,1
PZA03563.1,10,8398476,0.879438627692716,0.409420289855073,276,-0.0457132660470059,1
PZA03563.2,10,8398599,1,0,276,NA,1
PZA03571.2,10,8398973,0.966714811903114,0.182971014492754,276,-0.0183404318722507,1
PZA01883.2,10,8950935,0.428376538807113,0.161231884057971,276,0.345483213637927,1
PZB01301.7,10,9748233,0.57966216695224,0.364130434782609,276,-0.177637832445118,1
PZB01301.6,10,9748367,0.917589434655791,0.36231884057971,276,0.0314411427183541,1
PZB01301.5,10,9748559,0.917578133069157,0.347826086956522,276,0.034650371214425,1
PZA00257.11,10,10432605,0.218331781841192,0.365942028985507,276,0.372742727598379,1
PZA00257.22,10,10432680,0.208933223248053,0.0543478260869565,276,0.810705133911725,1
PZA00463.3,10,13546326,0.635809636776587,0.264492753623188,276,0.1958734468819,1
PZA02961.1,10,16264730,0.563041811533601,0.141304347826087,276,-0.241233311492424,1
PZA02961.6,10,16264897,0.0842581176897164,0.48731884057971,276,0.541391255019865,1
PZA00656.4,10,17645859,1,0,276,NA,1
PZA00656.14,10,17645881,1,0,276,NA,1
PHM3922.32,10,17722937,0.64022882293135,0.40036231884058,276,0.162068096107616,1
PZA00079.1,10,18903460,0.486380409771898,0.164855072463768,276,-0.286558457756484,1
PZA00310.5,10,20451157,0.655725592443642,0.179347826086957,276,0.168123749945255,1
PZA02853.10,10,25965887,0.510366163493077,0.088768115942029,276,-0.355536343571497,1
PZA02853.7,10,25965933,0.616675574185394,0.302536231884058,276,-0.162273559383504,1
PZA00552.3,10,26982134,0.897831427794395,0.0326086956521739,276,-0.100480244523412,1
PZA00552.4,10,26982383,0.788904268106834,0.072463768115942,276,-0.166030545416723,1
PZA03262.2,10,28596609,0.279177756572331,0.143115942028985,276,-0.453761155075545,1
PZA03262.1,10,28596640,0.444265909796178,0.168478260869565,276,0.310547409531478,1
PZA03137.3,10,28596680,0.156630186005668,0.152173913043478,276,-0.608446813393415,1
PZD00032.2,10,30830302,0.332745972575723,0.0960144927536232,276,0.508031812634773,1
PZD00032.1,10,30830484,0.849494398648068,0.472826086956522,276,-0.0621071408463965,1
PZD00032.4,10,30830707,1,0,276,NA,1
PZD00032.5,10,30830820,1,0,276,NA,1
PZD00032.3,10,30830960,0.154510436990225,0.0271739130434783,276,1.14575545575303,1
PZD00033.2,10,30832690,0.892555135401641,0.0851449275362319,276,-0.0677922637912596,1
PZA02945.10,10,33619582,0.586816759579714,0.396739130434783,276,0.172494410136408,1
PZA02945.37,10,33619945,0.795196559706539,0.492753623188406,276,-0.0807074566978956,1
PZB01178.1,10,42369806,0.843509012349277,0.333333333333333,276,-0.0659287853205601,1
PZB00849.1,10,43580032,0.74290954589925,0.286231884057971,276,0.110617443198239,1
PZB00849.2,10,43580042,0.891124060701686,0.0507246376811594,276,-0.0844521820767348,1
PZA01597.1,10,61603191,0.34570706131083,0.443840579710145,276,-0.300037537094119,1
PZA00562.4,10,61763079,0.468931710100061,0.25,276,0.241362014054614,1
PZA00562.3,10,61763171,0.898194362213049,0.431159420289855,276,0.0686144839423539,1
PZA00409.17,10,62062819,0.486507348651076,0.346014492753623,276,-0.229199759141659,1
PZA00409.15,10,62062890,0.507797717817856,0.177536231884058,276,-0.255559597550057,1
PZA00409.3,10,62062924,0.785824537365597,0.27536231884058,276,-0.0928613199454302,1
PZA00174.1,10,66408538,0.93456877657434,0.172101449275362,276,0.0329239550342217,1
PZA00174.2,10,66408674,0.764556337258904,0.179347826086957,276,0.117788178233566,1
PZA00665.6,10,68803444,0.323190330189291,0.119565217391304,276,-0.437526100324985,1
PZA01677.1,10,70797556,0.221760432764139,0.201086956521739,276,0.451140353597509,1
PZA02941.2,10,71120160,1,0,276,NA,1
PZA02941.3,10,71120220,0.126159360314476,0.11231884057971,276,0.72067440055416,1
PZA02941.6,10,71120324,0.477143540068011,0.213768115942029,276,0.272437787132274,1
PZA00475.20,10,75521031,1,0,276,NA,1
PZA00475.25,10,75521139,1,0,276,NA,1
PZA01877.2,10,77492186,0.920440590807883,0.168478260869565,276,0.0441250250203442,1
PZB02029.1,10,78146208,0.717996899149458,0.451086956521739,276,0.104056622173038,1
PZA03157.2,10,81756950,0.582173215040926,0.157608695652174,276,0.215022816143902,1
PZB00409.1,10,84002430,0.893139931248961,0.157608695652174,276,0.0533253202023316,1
PZA00587.3,10,84518272,0.350203812921217,0.101449275362319,276,-0.437279973403082,1
PZA03170.2,10,85296853,0.460430970972623,0.201086956521739,276,-0.292384334935465,1
PZA03170.1,10,85296889,0.56311695775886,0.193840579710145,276,-0.223855664401587,1
PZB02529.2,10,86319860,0.922121605290184,0.0163043478260869,276,-0.106683402751941,1
PZB02529.1,10,86320007,0.980302354642263,0.454710144927536,276,0.00768403288702091,1
PZA00337.4,10,86327620,0.930768584836767,0.46195652173913,276,-0.0279593777300327,1
PZA00337.3,10,86327722,0.949755353455051,0.41304347826087,276,-0.0211253148638151,1
PZA00814.1,10,87194491,0.487899334430089,0.268115942028985,276,-0.239843459584256,1
PZA03351.1,10,89122261,0.0356274425754734,0.197463768115942,276,0.744845381221985,1
PZA00048.2,10,98582073,0.0988684568536823,0.456521739130435,276,-0.559787223161213,1
PZA00048.1,10,98582149,0.131256390929155,0.454710144927536,276,-0.500701513214937,1
PZA00400.3,10,98866690,0.884230556529823,0.36231884057971,276,0.0448104331015156,1
PZB01206.2,10,99238136,0.393516920602324,0.244565217391304,276,0.37147764950169,1
PZB01206.1,10,99238326,0.326652421404672,0.367753623188406,276,-0.35868578258619,1
PZA02398.2,10,99471436,0.992932742247744,0.335144927536232,276,-0.00295697060369249,1
PHM537.22,10,99471668,0.501561863937153,0.221014492753623,276,-0.255936565347403,1
PZA03585.1,10,104900730,0.0180647065495488,0.135869565217391,276,1.00993704975199,1
PZA02993.5,10,106620017,0.0685937136324736,0.143115942028986,276,0.720560295702098,1
PZA02993.6,10,106620041,0.768695331018552,0.222826086956522,276,0.111115380602639,1
PZA02993.14,10,106620146,0.212664760752934,0.148550724637681,276,-0.493686690695651,1
PZA00444.5,10,106780310,0.442817520806803,0.0271739130434783,276,0.733934772591924,1
PZA00444.1,10,106780357,0.487922711063248,0.141304347826087,276,0.333200490329511,1
PHM18195.6,10,106780623,0.229676972000526,0.135869565217391,276,0.572406035273594,1
PZB00806.9,10,107950190,0.60314275066247,0.0670289855072464,276,0.286550353630505,1
PZB00806.8,10,107950287,1,0,276,NA,1
PZB00806.4,10,107950370,0.388513224663683,0.164855072463768,276,0.391638865506042,1
PZB00806.6,10,107950399,0.560203863316218,0.146739130434783,276,-0.28709277529656,1
PZA00135.6,10,109542101,1,0,276,NA,1
PZA01292.1,10,109633741,0.803006495802622,0.344202898550725,276,-0.0827928007719054,1
PZA01919.2,10,111260278,0.354120731213015,0.48731884057971,276,0.281657403215844,1
PZA02128.3,10,111608788,0.342850190007017,0.170289855072464,276,-0.401520648405924,1
PZA00215.3,10,111672770,0.37704983570876,0.36231884057971,276,-0.309638524745902,1
PHM13687.14,10,117796822,0.275371762836296,0.367753623188406,276,0.368020054404063,1
PZA00712.15,10,117797016,0.463212424261127,0.434782608695652,276,0.230905569148342,1
PZA00712.4,10,117797175,0.517050006447995,0.27536231884058,276,0.218159407910085,1
PZA02219.2,10,118308828,0.463695661474648,0.217391304347826,276,0.276813264627434,1
PZB00677.3,10,120604920,0.338944246542878,0.0815217391304348,276,-0.5006452685037,1
PZB00677.4,10,120605201,0.573116119795491,0.103260869565217,276,-0.262555137462697,1
PZA03713.1,10,121489957,0.584911643630903,0.242753623188406,276,-0.198019304402151,1
PZA03711.2,10,121491031,0.74976796340176,0.146739130434783,276,0.150577683232867,1
PZA03711.3,10,121491202,0.349902283646718,0.0561594202898551,276,0.681903072992577,1
PZA03711.1,10,121491271,0.206794860083632,0.123188405797101,276,-0.584354770422904,1
PZA03710.2,10,121491723,0.468043975873698,0.134057971014493,276,-0.325024492227339,1
PZA03710.4,10,121491895,0.929782029031894,0.134057971014493,276,0.0403299296009687,1
PZA03710.1,10,121491955,0.500504764800834,0.208333333333333,276,-0.272363947593249,1
PZA03710.5,10,121492057,0.439564710113399,0.0797101449275362,276,-0.429183746956055,1
PZA03710.3,10,121492142,0.142723703719148,0.0688405797101449,276,0.891578058920317,1
PZA03710.6,10,121492205,0.738161368409824,0.230072463768116,276,-0.129616423885202,1
PZA03709.1,10,121493027,0.0742677287858186,0.114130434782609,276,0.913015501299075,1
PZA03709.2,10,121493288,0.255639810475889,0.0561594202898551,276,-0.758677327563455,1
PZA00251.4,10,122517732,0.458417530218778,0.182971014492754,276,0.314765902326215,1
PZA00251.1,10,122517816,0.725428204788249,0.239130434782609,276,0.122326192128228,1
PZB02227.3,10,123741974,0.254082255046998,0.0905797101449275,276,0.558588107473904,1
PZB02227.1,10,123742114,0.916546751872502,0.231884057971015,276,0.0371625918553198,1
PZB02227.4,10,123742392,0.914851007899201,0.139492753623188,276,0.0457203516340643,1
PZB02227.2,10,123742823,0.354891673188875,0.311594202898551,276,-0.304396119740673,1
PZA02821.5,10,123998923,0.325627747503329,0.342391304347826,276,-0.328047568047788,1
PZA03196.3,10,124005323,0.100684224253445,0.0833333333333334,276,0.840243473355306,1
PZA03196.1,10,124005403,0.355229374296815,0.420289855072464,276,0.299492152642987,1
PZA00063.3,10,124523264,0.338112336516967,0.0597826086956522,276,0.718450357931385,1
PZB01412.2,10,126573429,0.873020145335132,0.0742753623188406,276,0.109378608842071,1
PZA03071.15,10,128463270,0.165410994556547,0.231884057971015,276,-0.502688757091633,1
PZA00647.9,10,129730703,0.561750128024679,0.365942028985507,276,-0.18775878367492,1
PZA00342.7,10,130170691,0.602824826988207,0.28804347826087,276,0.171464593056465,1
PZA00342.9,10,130170772,0.46246315135147,0.273550724637681,276,-0.277086785954607,1
PZA03115.1,10,130351968,0.037561730500361,0.496376811594203,276,-0.658074521258137,1
PZA03115.2,10,130352040,0.161997376474107,0.398550724637681,276,-0.478140337489456,1
PZA01241.2,10,130452676,0.00765425569657404,0.394927536231884,276,0.886851519443856,0.975598422275903
PZA02320.1,10,132256848,0.457497178238704,0.358695652173913,276,0.251378117443413,1
PZA03164.2,10,132380594,0.625134791935772,0.221014492753623,276,0.17089153334301,1
PZA03164.3,10,132381021,0.866300060531394,0.0670289855072463,276,-0.095173771599427,1
PZA03164.1,10,132381032,0.992396002085757,0.309782608695652,276,-0.00346153822235395,1
PZB01997.1,10,132732382,0.303274573501895,0.239130434782609,276,0.375116294949988,1
PZB01111.8,10,134034407,0.47549122783355,0.440217391304348,276,0.227492249134117,1
PZB01111.3,10,134034437,0.575340332329679,0.110507246376812,276,0.275925362903036,1
PZB01111.1,10,134034461,0.470584417447187,0.442028985507246,276,0.230773974286032,1
PZB01111.5,10,134034491,0.446194704972627,0.101449275362319,276,-0.353486888037196,1
PZB01111.7,10,134034686,0.691661006212806,0.0362318840579711,276,-0.304586980839961,1
PZB01111.6,10,134034875,0.688493750374569,0.195652173913043,276,0.139414712161427,1
PZA03398.2,10,134805750,0.977458726519819,0.0126811594202899,276,0.0388185137630683,1
PZA03398.1,10,134805853,0.562859798522306,0.123188405797101,276,0.246754712779686,1
PZA01456.2,10,135928293,0.46843751322674,0.496376811594203,276,-0.216221710811221,1
PHM18513.156,10,136530988,0.873137709116951,0.407608695652174,276,0.0513048344174281,1
PHM15868.56,10,137132183,0.303364129274221,0.369565217391304,276,0.326039122867834,1
PZA02663.1,10,137627429,0.689652025304171,0.394927536231884,276,0.121047664274931,1
PZA03570.2,10,138760374,0.668619564377083,0.0760869565217391,276,0.207071290527758,1
PZA03570.1,10,138760446,0.886267963016655,0.293478260869565,276,-0.0455601008253605,1
PZA03569.2,10,138760685,0.660124135454341,0.0688405797101449,276,0.237072459586151,1
PZA03229.1,10,139507065,0.624760485612234,0.436594202898551,276,0.149576104024078,1
PZA03229.4,10,139507136,0.0548738400006848,0.192028985507246,276,-0.697019981795093,1
PZA03229.2,10,139507440,0.639402236670186,0.123188405797101,276,0.206302489700742,1
PZA01995.2,10,139616614,0.837254107854148,0.273550724637681,276,0.070003142346251,1
PZA03267.3,10,139717238,0.939097831875726,0.342391304347826,276,-0.0233682794411565,1
PZA03267.2,10,139717663,0.498330259783159,0.222826086956522,276,0.222554427977749,1
PZA03267.4,10,139717741,0.742221010162399,0.414855072463768,276,-0.0987130343286662,1
PZA03132.3,10,139830278,0.499671684041619,0.172101449275362,276,0.271451505506662,1
PZB00239.1,10,140492616,1,0,276,NA,1
PZA03607.5,10,141828307,0.121117283845605,0.0543478260869565,276,0.962543819624637,1
PZA03607.3,10,141828459,0.362662442110683,0.266304347826087,276,-0.340239135533897,1
PZA03607.2,10,141828530,0.541400595960581,0.38768115942029,276,0.21752915302152,1
PZA03607.1,10,141828531,0.484853264465744,0.41304347826087,276,0.247365301827003,1
PZA03607.4,10,141828691,0.715419509565686,0.197463768115942,276,0.145019142009952,1
PZA03606.1,10,141829598,0.1581661532383,0.242753623188406,276,-0.622641796008149,1
PZB02554.3,10,141829707,0.279805412381729,0.0199275362318841,276,-0.978205587200389,1
PZB02554.2,10,141829795,0.273130540412438,0.297101449275362,276,0.381609240976935,1
PZB02554.1,10,141829860,0.430142967020165,0.396739130434783,276,0.296074990803106,1
PZA03605.1,10,141830532,0.898888400888519,0.393115942028985,276,-0.0482312753469007,1
PZA03605.2,10,141830830,0.771491875613602,0.0778985507246377,276,-0.178953111357949,1
PZA03604.2,10,141831736,0.490198013938742,0.398550724637681,276,0.258944718984242,1
PZA03604.1,10,141831767,0.594658989261511,0.378623188405797,276,0.203122043701185,1
PZA03604.3,10,141831821,0.447606201068876,0.0471014492753623,276,-0.628463330834339,1
PZA00727.11,10,142854665,0.0225083360240676,0.159420289855072,276,1.0004875923507,1
PZA00727.1,10,142854765,0.143540175770458,0.206521739130435,276,-0.557107027173138,1
PZA00130.9,10,143269455,0.408184277043826,0.402173913043478,276,-0.271401362429972,1
PZA00130.7,10,143269563,0.945261410157692,0.219202898550725,276,-0.0250603983922839,1
PZA02969.1,10,143676007,0.50874272283576,0.320652173913043,276,0.211470366284633,1
PZA02969.7,10,143676157,1,0,276,NA,1
PZA02969.8,10,143676207,0.607602187450806,0.431159420289855,276,-0.162007125416871,1
PZA02049.1,10,144025574,0.427122697745587,0.333333333333333,276,-0.272701213404247,1
PZA00007.2,10,144172190,0.357150510450386,0.195652173913043,276,0.334190966812808,1
PZA00007.1,10,144172316,0.129374661171639,0.481884057971015,276,0.47959043589582,1
PHM5435.25,10,144239494,0.185776577680499,0.391304347826087,276,-0.44224461186284,1
PZA00551.4,10,144239564,0.295691674228216,0.416666666666667,276,-0.326653308408621,1
PZB00769.2,10,144548839,0.559357899547862,0.0815217391304348,276,-0.306954932738969,1
PZB00769.1,10,144548910,0.356532658573476,0.26268115942029,276,0.314403780766277,1
PZA01073.1,10,144549995,0.48005781970617,0.295289855072464,276,-0.256443423806719,1
PZB01471.2,10,145850233,0.154319980984533,0.0851449275362319,276,0.771766418860549,1
PZB01471.3,10,145850362,0.400490324593986,0.393115942028985,276,0.265011300999226,1
PZB01471.1,10,145850422,0.356094197391756,0.307971014492754,276,0.30950389671133,1
PZA00062.4,10,146999711,0.191221498035746,0.101449275362319,276,-0.705554080576216,1
PZA00678.1,10,147762925,0.0983744168492338,0.344202898550725,276,0.536113246393028,1
PZA00678.2,10,147762964,0.141401376518199,0.244565217391304,276,0.584658217158283,1
PZA00179.9,10,147819958,0.955650685986665,0.117753623188406,276,-0.0252700804704824,1
PZA02833.6,10,148332885,0.177204722455358,0.445652173913043,276,0.431990148969424,1
PHM1506.23,10,148488692,0.41398809034836,0.34963768115942,276,0.276053875437564,1
PZA03402.1,10,148816538,0.0545058236956024,0.036231884057971,276,-1.41265468288382,1
PZA03429.1,10,148907116,0.952349216177482,0.0778985507246377,276,-0.045298971743911,1
