SNP,Chromosome,Position,DF,t Value,std Error,effect
PZB00859.1,1,157104,271,0.184562905941183,0.338405723935817,1
PZA01271.1,1,1947984,271,2.2122502861131,0.304358414681672,1
PZA03613.2,1,2914066,271,-0.924099671695199,0.329009607425017,1
PZA03613.1,1,2914171,271,-1.1373711625767,0.36667772006497,1
PZA03614.2,1,2915078,271,0.961585308209648,0.330439966622618,1
PZA03614.1,1,2915242,271,0.920694200257371,0.33231306617867,1
PZA00258.3,1,2973508,271,-0.0179171668714159,0.353193634567506,1
PZA02962.13,1,3205252,271,-0.649773434727326,0.450175802761423,1
PZA02962.14,1,3205262,271,2.22421570335895,0.542765582055621,1
PZA00599.25,1,3206090,271,-1.11248238150831,0.477088392612084,1
PZA02129.1,1,3706018,271,1.04234257851472,0.294893968313699,1
PZA00393.1,1,4175293,271,0.492650941299397,0.367861294840822,1
PZA02869.8,1,4429897,271,-1.01548354135342,0.384910560440179,1
PZA02869.4,1,4429927,271,-1.1205306020901,0.375994179009118,1
PZA02869.2,1,4430055,271,0.571992361709388,0.378789850027552,1
PZA02032.1,1,4490461,271,0.0725729148246715,0.446945239374979,1
zagl1.5,1,4835434,NA,NA,NA,1
zagl1.2,1,4835558,271,0.0897042610698641,0.771379858957731,1
zagl1.6,1,4835658,271,1.12007525118978,1.13093781332165,1
PZD00081.2,1,4836542,271,0.136180577420522,1.10621272621954,1
zagl1.1,1,4912526,NA,NA,NA,1
PZB00919.1,1,5353319,271,0.692967889566799,0.355619976000288,1
PZB00919.2,1,5353655,271,-1.72670055883962,0.707715042994264,1
PHM2244.142,1,5562502,271,-0.33534961875278,0.478664108232876,1
PZA03093.10,1,8075572,271,0.267362484412474,0.28588090929991,1
PZA00181.5,1,8366368,271,0.279596143126717,0.466087808614712,1
PZA00181.2,1,8366411,271,2.01622208400063,0.344203881365636,1
PZA00528.1,1,8367944,271,0.510004051897539,0.387145537784777,1
PZA00175.2,1,8510027,271,-2.14382167209171,0.309234174256038,1
PZA00447.6,1,9023947,271,2.15713710078148,0.324820734443306,1
PZA00447.8,1,9024005,271,-2.50965890683978,0.32497048870626,1
PZB01915.1,1,9029842,271,-1.25457897227371,0.359340189206925,1
PZA03128.1,1,9084948,271,0.257908512171322,0.326685975631122,1
PZA03128.3,1,9084979,271,0.379211435742648,0.392670354459206,1
PZA02284.1,1,9273299,271,0.394178987723945,0.312292998230902,1
PZA00731.6,1,9300391,271,-0.296829122064773,0.360099053034963,1
PZA00731.7,1,9300541,271,-1.71716300319206,0.327230517794153,1
PZA03518.1,1,10065344,271,0.316048900837874,0.633193104734315,1
PZA03519.2,1,10065856,271,0.522515241796191,0.351341525680164,1
PZA03519.1,1,10066126,271,-0.489209411747628,0.35814549202131,1
PZA03520.1,1,10067544,271,0.307698413991872,0.360213338206543,1
PZA03520.2,1,10067604,271,0.3947337899289,0.499603006539373,1
PZA03520.3,1,10067746,271,-0.332365718323811,0.74453241799593,1
PZA03520.4,1,10067852,271,0.645906745284626,0.577413276251286,1
PZA03521.1,1,10068726,271,1.28138651421671,0.402914008019747,1
PZA00106.9,1,10069039,271,0.599434711924094,0.474592906402266,1
PZA00106.10,1,10069145,271,0.164016951404346,0.400230026858592,1
PZA03551.1,1,12208400,271,-0.385197696046537,0.31091159634803,1
PZA03551.2,1,12208569,271,0.726163042489135,0.354762195816896,1
PZA03552.1,1,12209727,271,0.239065229024616,0.432930197987074,1
PZA03552.2,1,12209786,271,1.29237878273899,0.839936109580092,1
PZA03557.1,1,12906197,271,1.25515888199633,0.357727738999758,1
PZA03558.3,1,12907213,271,-0.263222435058988,0.353464838060822,1
PZA03663.1,1,14463283,271,-1.23233031777761,0.320428668152708,1
PZA03663.2,1,14463522,271,-0.220504386082672,0.366090419570951,1
PZA03662.2,1,14464249,271,0.737384049305664,0.542758519064668,1
PZA01497.1,1,14578834,271,-1.63065906395886,0.324873380391067,1
PZA01652.1,1,14898863,271,0.537154803506883,0.33669110158802,1
PZA02393.2,1,16530875,271,0.851106777034134,0.309261663083215,1
PZB00648.4,1,17595070,271,0.422754072291206,0.747689730731854,1
PZB00648.5,1,17595139,271,-0.368816310473101,0.323598536934621,1
PZB00648.3,1,17595165,271,0.576057476212297,0.971029006971151,1
PZB00718.1,1,17601375,271,-0.964190585840665,0.353363078674921,1
PZB00718.2,1,17601417,271,-1.9838008421985,0.3933862017911,1
PZB00718.6,1,17601517,271,-1.8596859458873,0.374233279479053,1
PZB00718.3,1,17601571,271,0.579988624639415,0.362732726553158,1
PZB00718.5,1,17601655,271,-1.41229903710658,0.770593287230162,1
PZA01030.1,1,17680592,271,0.716792577210266,0.560100441281309,1
PZD00035.4,1,17900705,NA,NA,NA,1
PZA00358.12,1,18908016,271,-0.431908820106596,0.326008068275692,1
PZA00425.9,1,21457466,271,-0.440602085869282,0.968770588872061,1
PZA00425.11,1,21457474,271,0.913609837618428,0.289663239380598,1
PZA00425.4,1,21457569,271,-0.382722510497398,0.302228490677895,1
PHM13619.5,1,22281738,271,0.571596148974043,0.313759192609086,1
PZA02487.1,1,22601426,271,1.36581268131581,0.353007891409517,1
PHM4531.46,1,22918337,271,-0.927614870711398,0.370973041177154,1
PZD00096.1,1,23266657,271,0.479082449193843,0.38876497354398,1
PZD00097.2,1,23266988,271,-0.202698225545621,0.805743098235358,1
PZD00097.1,1,23267335,271,-1.01867825358884,0.306611610448218,1
PZD00098.2,1,23267835,271,-0.101179834615366,0.480550093640136,1
PZD00098.1,1,23267898,271,-0.518021002190535,0.356828576982033,1
PZA02921.4,1,25035053,271,-2.11518232623578,0.3306995684427,1
PZA02921.9,1,25035236,271,-0.52249682336473,0.411089355110081,1
PZB01957.2,1,26283149,271,1.33938103353787,0.513464157700533,1
PZB01957.3,1,26283224,271,-0.357158908468262,0.465967423427323,1
PZB01957.1,1,26283293,271,0.725303612031901,0.737376993198708,1
PZA03004.10,1,26449707,271,0.301476150941092,0.363652349461839,1
PZA03004.2,1,26449858,271,1.27445875706494,0.664327471238853,1
PZB02515.2,1,28084996,271,1.09370589684397,0.411594920824416,1
PZB02515.3,1,28085057,271,-0.756818150072421,0.348476570956422,1
PZB02515.1,1,28085224,271,0.0862796955688103,0.316213488909054,1
PZB02058.2,1,28526476,271,1.2288430045634,0.304608082059532,1
PZB02058.3,1,28526850,271,0.513306915972521,0.30780262080503,1
PZA00654.12,1,32583282,271,-0.19418588388353,0.586511159906825,1
PZA00654.10,1,32583345,271,-0.149436172504069,0.603199983440852,1
PZA02490.1,1,32627736,271,-2.65023946727111,0.304882646316548,0.975598422275903
PZA02806.4,1,34326335,271,-0.372976376388054,0.370875302386415,1
PZA01455.1,1,34388212,271,0.0534483997382676,0.38240225853768,1
PZB01662.3,1,34478962,NA,NA,NA,1
PZB01662.2,1,34479054,271,0.74971981448768,0.504343455334406,1
PZB01662.1,1,34479214,271,-0.459343281427794,0.343856628292569,1
PZA02686.1,1,34724095,271,-0.830307717934351,0.546599646215418,1
PZA00017.1,1,35620725,271,-0.976940997707928,0.340756935530022,1
PZA00017.4,1,35620809,271,-0.361005971368574,0.405104192399389,1
PZA00192.7,1,35621803,271,0.243175942911187,0.391601929999953,1
PZA00192.6,1,35621919,271,-0.236208573335006,0.393253409187744,1
PZA03345.2,1,36548480,271,0.958010545741911,0.565517648670311,1
PZA03345.1,1,36548526,271,-0.575760128552745,0.311408607638792,1
PZA03345.3,1,36548537,271,-0.844181909775842,0.494497392143398,1
PZA03345.5,1,36548621,271,-1.2245438673223,0.468484822426906,1
PZA02271.1,1,38607726,271,1.00575615745403,0.673911210561548,1
PZB01440.2,1,40506950,NA,NA,NA,1
PZA00240.6,1,41231748,271,-0.361366703684585,0.32582604479933,1
PZA00240.4,1,41231931,271,-0.233087744271915,0.323566866753176,1
PHM3726.129,1,41390404,271,1.36667841958571,0.342899254304774,1
PZA00274.7,1,41505016,271,-0.883526550710388,0.356405448920023,1
PZA00274.14,1,41505211,271,0.308943199684956,0.311655280436933,1
PZA02376.1,1,44506999,271,0.463883012060956,0.417515786121536,1
PZA03243.7,1,44531771,271,-0.560728841952189,0.560325648994337,1
PZA03243.3,1,44531888,271,0.0846417052286212,0.353231214162324,1
PZA03243.6,1,44532145,271,-1.24950240284882,0.815988537695785,1
PZA03243.4,1,44532279,271,-1.06850211859318,0.37215971464142,1
PZA03243.2,1,44532330,271,-1.09458679571066,0.413011089951437,1
PZA03742.2,1,44535266,271,1.46442937570348,0.402047461151162,1
PZA03742.1,1,44535423,271,1.16855860531142,0.409102849295741,1
PZB00033.1,1,44691505,271,-1.14823227295595,0.557964523414621,1
PZB02517.1,1,45278871,271,-0.607914630679088,0.338800950650848,1
PZA00081.17,1,45675053,271,0.337646772357002,1.20315534373437,1
PZA00081.18,1,45675182,271,1.457021879293,0.512777162349462,1
PZA03183.3,1,46064887,271,0.0798310888214956,0.325360230133182,1
PZA03183.4,1,46064981,271,-0.388717817670394,0.364652978029406,1
PZA03183.2,1,46065083,271,-0.980866140975427,0.399712546316644,1
PZA03183.5,1,46065084,271,1.10564213805431,0.475596448136012,1
PZB00872.1,1,46255037,271,0.909573107582144,0.390430454054919,1
PZB00872.3,1,46255059,271,1.39227595429137,0.496508534639564,1
PZD00010.3,1,46810807,271,1.63190860129415,0.43602443795295,1
ts2.3,1,46810810,271,-0.502996761348163,0.791562525273929,1
ts2.4,1,46810918,271,-0.174185260816144,0.341679996228687,1
PZA03100.4,1,47280990,271,0.111950040879549,0.354933559223393,1
PZA03673.2,1,49531663,271,0.90408161845255,0.375560443073947,1
PZA03673.1,1,49531723,271,-0.550269935024276,0.353716672360977,1
PZA03672.1,1,49533656,271,-1.97317650961267,0.413451252408772,1
PZB02095.3,1,50136980,271,-1.12779548098486,0.658435661226071,1
PZB02095.2,1,50137048,271,-0.227260559451605,0.848037956315494,1
PHM4913.18,1,50197162,271,0.424942241307815,0.319327346002062,1
PZA00468.7,1,50197644,271,-0.0750049053426383,0.993434761955679,1
PZA03168.1,1,51514610,271,-1.92366096294285,0.30504208763021,1
PZA03168.5,1,51514741,271,-0.505173466152386,0.538064618883196,1
PZA03168.2,1,51514784,271,1.04007238283393,0.313540074438366,1
PZA00617.16,1,53357515,271,0.593867598684881,0.365993541556332,1
PZA00617.5,1,53357638,271,0.355442255378483,0.345896309471633,1
PZA03746.2,1,53430906,NA,NA,NA,1
PZA03746.5,1,53431019,271,-1.06984079191608,0.826925444856433,1
PZA03746.1,1,53431113,271,-0.161342999459812,0.317613492276365,1
PZA03746.4,1,53431210,271,-0.632918960298899,0.772159038092072,1
PZA02737.1,1,54049220,271,-2.03016626355747,0.312091633778145,1
PZA02550.1,1,55173916,271,0.572133842119969,0.531275125359989,1
PZA02114.1,1,56175806,271,1.47834516353167,0.677465711910573,1
PZB01062.2,1,56846640,271,1.33672240820676,0.354326244133795,1
PZB01062.3,1,56846728,271,-0.428591375837766,0.310399520920411,1
PZB01062.1,1,56846992,271,0.0629702365299748,0.428811738041679,1
PZB01273.3,1,56885616,NA,NA,NA,1
PZB01273.2,1,56885823,271,0.300867739255596,0.318316497050663,1
PZB01273.1,1,56885950,NA,NA,NA,1
PZB01273.4,1,56886064,NA,NA,NA,1
PZA00328.1,1,59647300,271,0.803541212727158,0.422022469068506,1
PZA03561.1,1,60212051,271,-0.528874277339496,0.30048755072206,1
PZA03561.4,1,60212209,271,0.590469777395301,0.910598205416001,1
PZA03561.2,1,60212360,271,-0.285723588790571,0.362006878110405,1
PZA00378.9,1,63030387,271,1.11446752111967,0.445852521371221,1
PZA00294.20,1,63913289,271,-0.636165955523459,0.401885397521748,1
PZA00294.22,1,63913517,271,-0.742358876097223,0.313199344942167,1
PZA00294.4,1,63913569,271,0.848833661624761,0.357274304806851,1
PZA03189.2,1,64260629,271,-1.0224427121171,0.32868354529736,1
PZA03189.3,1,64260661,271,-0.205284868843262,0.405298628794115,1
PZA03189.4,1,64261105,271,0.288104449842693,0.309285581261647,1
PZA03189.1,1,64261162,271,1.65866660805635,0.329536769077842,1
PZA00263.13,1,65108131,271,0.452839147140409,0.332337070430182,1
PHM5098.25,1,65825628,271,0.171033788118354,0.451704790382383,1
PZA02791.3,1,68322855,271,2.69614354086314,0.332602729917645,0.975598422275903
PZA02791.6,1,68322875,271,1.69721938082909,0.342791158426495,1
PZA00714.1,1,74579886,271,-0.447082034478619,0.311106002506026,1
PZA00714.6,1,74580051,271,2.25216649398086,0.465910852067169,1
PZA01267.3,1,76054042,271,1.35979730888097,0.316699940632944,1
PZA00752.1,1,80803012,271,-0.920792132129195,0.546279254961385,1
PZA01135.1,1,82563962,271,0.759532392179632,0.402834603579176,1
PZA00119.4,1,83595286,271,0.297742658880926,0.372359778861401,1
PZA00119.1,1,83595353,271,-0.828293271332123,0.306464420701011,1
PZA00593.1,1,87910951,NA,NA,NA,1
PZA00593.2,1,87911166,271,1.49582016812517,1.60876625847183,1
PZB01235.1,1,88380734,271,0.881071618305896,0.315161635661244,1
PZB01235.2,1,88380741,271,-0.7731375102934,0.564502915577022,1
PZB01235.3,1,88380847,271,1.05016426007957,0.777468232501963,1
PZB01235.4,1,88380865,271,-0.820507014160145,0.422035074864544,1
PZA00692.4,1,88863332,NA,NA,NA,1
PZA03240.1,1,90772226,271,-0.562070456322479,0.351916959546541,1
PZA03240.2,1,90772275,271,0.641331920300933,0.343428908602383,1
PZA03240.4,1,90772459,271,0.944667402482722,0.531622938622244,1
PZA03240.5,1,90772644,271,-1.21892781918955,0.647887989941985,1
PZA03465.1,1,91279352,271,1.48918367913029,0.552671365447858,1
PZA03407.2,1,91391968,271,-0.060120919798855,0.339647010431582,1
PZA03407.5,1,91392329,271,-0.457038081360833,0.637704065453986,1
PZA03407.3,1,91392495,271,-0.394837864171463,0.379165144644385,1
PZA03407.4,1,91392609,271,-0.0294684780412407,0.662512169407891,1
PZA00944.1,1,91429024,271,0.529393754070334,0.339660874106889,1
PZA00944.2,1,91429158,271,2.29285254695273,0.463097051998619,1
PZA00705.1,1,95897136,NA,NA,NA,1
PZA00705.5,1,95897171,NA,NA,NA,1
PHM9418.11,1,96545939,271,0.045103526621953,0.350646271519084,1
PZA02763.1,1,101421538,271,0.0228853419367592,0.29227712951323,1
PZA03014.21,1,102663629,271,-1.66849913919026,0.910550457021182,1
PZA03014.10,1,102663772,NA,NA,NA,1
PZA03014.9,1,102663802,271,0.859343261373352,0.746124577812809,1
PZA00301.3,1,104998371,NA,NA,NA,1
PZA00939.1,1,106026234,271,1.000735663388,0.309883569898551,1
PZA01254.2,1,106204446,271,-1.27845748258182,0.330723631111913,1
PZA02070.1,1,114236990,271,-0.121640372790818,0.525073018715451,1
PZA00205.7,1,118507445,271,1.79134257946226,0.371157041663262,1
PZA00010.5,1,119703101,271,0.72808546837772,0.326299685762726,1
PZA03086.6,1,123936196,271,-1.16958938985517,0.630874872249775,1
PZB01067.2,1,123936959,271,-0.791014153392232,0.411686428090972,1
PZB01067.1,1,123937824,271,-1.73562005479598,0.652459960578282,1
PZA03394.1,1,137862451,271,-0.591712576413121,0.403458640002397,1
PZA02577.1,1,148524993,271,-0.782952306958877,0.322507836564618,1
PZA03200.2,1,148694799,271,0.210502308887409,0.3131436398233,1
PZA03200.3,1,148694900,271,-1.06755915333293,0.497397996275846,1
PZA03200.1,1,148694930,271,0.61231636356315,0.304552199549735,1
PZA03028.5,1,150749370,271,-0.698612149192364,0.472915304666198,1
PZA02741.1,1,161072169,271,0.197417011822528,0.317211602359863,1
PZA00098.14,1,161472433,271,-1.75764488331026,0.677953714917527,1
PZA00098.12,1,161472477,NA,NA,NA,1
PZA00660.20,1,170342897,271,-1.60340242616275,0.646144867258824,1
PZA02963.4,1,173860693,271,0.81162414692407,0.842054625182236,1
PZA02963.5,1,173860756,271,1.41014340059351,0.515241510817259,1
PZB00963.3,1,173861482,271,0.0668074182256731,1.51154043268282,1
PZB00963.2,1,173861543,271,-0.158364648900455,0.633863720150932,1
PZB00963.1,1,173861608,271,-0.526647996322736,1.8788631942083,1
PZB00801.1,1,174183331,271,-0.635732860319628,0.335888703474534,1
PZA03581.1,1,175157930,271,-1.38031950623214,0.31250297739547,1
PZA03581.2,1,175158066,271,0.129703572240034,0.442502199251762,1
PZA03580.2,1,175158899,271,-1.74068832941565,0.308591530446969,1
PZA03580.4,1,175158988,271,-0.0583121277494101,0.44124631947098,1
PZA03580.5,1,175159119,271,0.545485180628186,1.31309912052214,1
an1.5,1,175504926,271,0.177449330741555,0.347246189170038,1
PZA03540.1,1,177870650,271,0.0539914261565838,0.948988730509304,1
PZA00455.4,1,179852076,271,0.558990125948274,0.420633538853807,1
PZA00484.5,1,180171012,271,-0.828899757909471,0.382421877972635,1
PZA00484.6,1,180171048,271,-0.562711168485314,0.604033773772173,1
PZA02191.1,1,182386577,271,0.0528892785633989,0.394185988949141,1
PZA03112.1,1,182391102,271,-0.375694804853112,0.434728840313979,1
PHM1968.22,1,183647544,271,0.421427321738866,0.362146490451226,1
PZA00068.1,1,183831590,271,1.60887504703226,0.362891425762466,1
PZA03531.1,1,184088942,271,-0.542297677813021,1.1003659631262,1
PZB00149.1,1,188047564,271,-2.91995865213644,0.346700881041875,0.734857357561887
PZB00149.2,1,188047739,271,-0.633006378629073,0.362264315874357,1
PZA00544.14,1,188047772,NA,NA,NA,1
PZB00454.2,1,188047850,271,-0.789669366484928,0.46399836601689,1
PZB00454.6,1,188048080,271,-0.621681699232446,1.34530953257187,1
PZA00650.8,1,189467910,271,1.3579932844548,0.667556089200378,1
PZD00053.5,1,193887303,271,1.70341723554814,0.409667903141411,1
PZD00053.4,1,193887369,271,-0.744212215822732,0.315557229208238,1
PZA00619.3,1,195425179,271,2.48354514905019,0.47683504313239,1
PZA03427.1,1,195589422,271,-0.043947819799494,0.353224666929918,1
PZA03427.2,1,195589541,271,-1.23030793285681,0.355554627410231,1
PZA02467.10,1,196927608,271,-0.652058522679302,0.357231950845656,1
PZA00435.4,1,199755501,271,1.47066394648606,0.322331895762306,1
PZA00435.5,1,199755531,271,-1.73321576633882,0.314038470266238,1
PZA03074.24,1,201295597,271,0.918277741963082,0.403034458833771,1
PZA03074.27,1,201295773,271,-0.327011113851964,0.413795416835292,1
PZA03685.1,1,201677505,271,0.23697229756364,0.746491735855468,1
PZA03686.1,1,201677675,271,0.103412082200557,0.37894117409614,1
PZA03686.2,1,201677764,NA,NA,NA,1
PZB00400.1,1,202132005,271,-0.875183177751866,0.317517680947416,1
PZB00393.2,1,202135195,271,-1.03983743571706,0.316159042934028,1
PZB01156.3,1,202381257,271,-2.14080842550097,0.413536574266592,1
PZB01077.7,1,202619562,271,0.643036321909922,0.474881243743416,1
PZB01077.1,1,202619843,271,1.7128642680362,0.322828894951872,1
PZB01077.3,1,202619995,271,-0.487616657762531,0.366442751670125,1
PZB01077.2,1,202620610,271,0.584295006637516,0.501912305589256,1
PZA01216.1,1,203035464,271,-0.0324386442773372,0.324580010862118,1
PZA00131.14,1,203385274,271,-0.616660500635027,0.408896782064805,1
PZA00131.15,1,203385307,271,1.22314911605351,0.86659830055681,1
PZB00991.1,1,203879850,271,-0.263092623172892,0.401066643202032,1
PZA01391.1,1,204199305,271,-2.15820421859707,0.518105670435623,1
PHM5480.17,1,204199508,271,0.547697423841186,0.350268057413898,1
PZB00728.1,1,206168095,271,1.55795224487973,0.319185448825111,1
PZB00728.2,1,206168158,271,-2.36748451380658,0.35368105949736,1
PZA03218.1,1,206590338,271,0.934641206572412,0.318878816848395,1
PZA03218.2,1,206590497,271,0.29264484957419,0.469344390369625,1
PZA01019.1,1,208143724,271,0.197058308406652,0.304368046466446,1
PZA03194.2,1,212244300,271,-0.766254122734977,0.31994888649925,1
PZA03194.1,1,212244425,271,2.04165310895396,0.350658936475334,1
PZA03193.3,1,212307127,271,0.319544836633451,0.475660274959134,1
PZA03193.1,1,212307274,271,-1.07046128010418,0.302317413553502,1
PZA03193.2,1,212307461,271,0.547279006167933,0.994242134387543,1
PZA02014.3,1,212557676,271,0.355873404824871,0.338617294553976,1
PZA03276.2,1,213323483,271,-1.06518558266325,0.380780334949907,1
PZA03276.4,1,213323513,271,1.81488797387748,0.514608301532747,1
PZA03276.3,1,213323599,271,-0.00360350797859112,0.328989113340012,1
PZA03276.1,1,213323899,271,-0.935949564373109,0.309610942177518,1
PZA03265.3,1,214745681,271,0.994540834294721,0.37624033540206,1
PZA03265.4,1,214745789,271,-0.442586473116612,0.452535337477241,1
PZA03265.2,1,214746095,271,-0.171210979948756,0.411679384780787,1
PZA00289.11,1,215472483,271,0.0133678251697727,0.381899666141679,1
PHM6043.19,1,216927159,271,1.42556518499224,0.501340963946722,1
PZB02171.1,1,216988578,271,-0.0884711554425742,0.328155572902991,1
PZB02171.2,1,216988754,NA,NA,NA,1
PZA03545.1,1,216989434,271,-1.21878354172202,1.06626899541681,1
PZA03741.1,1,216989646,271,0.884680169764628,0.313610646022884,1
PZA00369.11,1,219201415,271,1.51530035464161,0.885959313311664,1
PZA00369.1,1,219201506,271,0.11908533655937,0.404163180227753,1
PZA03632.3,1,219400051,271,-1.1228630043855,0.463519539480891,1
PZA03632.1,1,219400178,271,0.739637237795126,0.314881770901792,1
PZA03632.2,1,219400314,271,0.646523344122283,0.416182176226118,1
PZA03631.1,1,219400450,271,1.36104608444335,0.545767610735893,1
PZA03631.2,1,219400526,271,-1.39480544290976,1.08219364749991,1
PZA03630.1,1,219401036,271,1.09893634038649,0.338288458543927,1
PZA03630.2,1,219401367,271,-0.204935052944083,0.513991450878975,1
PZA03443.1,1,222014810,271,0.642487819533276,0.324778208678754,1
PHM15871.11,1,222427156,271,-2.15239428113233,0.48016633743619,1
PZA02117.1,1,223466480,271,0.701324952977655,0.31914739390627,1
PZA00403.5,1,223466873,271,-0.266709950873259,0.339108257967684,1
PZB01979.2,1,224421551,271,0.778999362128055,0.311742511534531,1
PZB01979.3,1,224421962,271,-2.35981189423206,0.361531629367611,1
PZA00658.21,1,224518409,271,0.506859156189966,0.388198907422814,1
PZA00658.19,1,224518576,271,-1.35122811913436,0.360263833194066,1
PHM2478.22,1,226781494,271,0.444359596888981,0.459657389294428,1
PZA00664.3,1,227542648,271,-0.833340631564394,0.291738233270552,1
umc128.2,1,227602208,271,1.44056306100652,0.299665413093908,1
PZA03001.18,1,231037244,271,1.27942498985642,0.556767982882402,1
PZA03001.15,1,231037305,271,1.03455153572121,0.373667886988982,1
PZA03001.9,1,231037458,271,-0.817308559293383,0.375518844156792,1
PZB01647.2,1,231039050,271,0.132282066277015,0.872566184909071,1
PZB01647.1,1,231039372,271,1.24608301793562,0.370770353303875,1
PZB00116.3,1,233400962,NA,NA,NA,1
PZB00011.1,1,233401031,271,1.22530616509193,0.332677005172326,1
PZB00116.1,1,233401072,271,1.94204362224633,0.331036266807727,1
PZB00011.6,1,233401162,271,-0.893010597048727,0.461304514242231,1
PZB00116.2,1,233401241,271,1.23993530035328,0.331683325697186,1
PZA00381.3,1,237639087,271,-0.91676572659781,0.358441483905065,1
id1.9,1,238901790,271,-1.02204337152918,0.806303708795876,1
id1.8,1,238901929,NA,NA,NA,1
id1.6,1,238902012,271,-0.536060318243911,0.422377671116598,1
id1.3,1,238902078,271,-1.03364704236966,0.411325131136043,1
id1.2,1,238902091,271,-0.614843885523105,0.418668936948259,1
PZB02144.4,1,238902135,271,-1.56255336609362,0.407957245404082,1
PZB02144.5,1,238902252,271,-0.670077781490852,0.454898812850097,1
an1.4,1,240498509,271,-0.444939880607352,0.548598653797024,1
PZB00148.3,1,240498948,271,-0.731623859388892,0.377401465673066,1
PZB00425.1,1,240499513,271,1.00889893505204,0.41541159227742,1
PZB00237.2,1,240501065,271,0.606007560574052,0.53508572667725,1
PZB00237.1,1,240501138,271,0.0372500083714436,0.402415525722526,1
PZA03301.2,1,240574247,271,1.81761866805552,0.341636169774523,1
PZA03301.5,1,240574310,271,-0.101045655384654,0.48204048023753,1
PZA03301.3,1,240574367,271,-0.359066062623513,0.420354144962952,1
PZA03666.3,1,241424828,271,1.98010951610436,0.30196153591434,1
PZA03665.2,1,241430615,271,-1.27132827397972,0.336460953395727,1
PZA03664.1,1,241432880,271,0.335121673180059,0.292315709556603,1
PZA03214.3,1,245136244,271,0.986642861917216,0.407135876178716,1
PZA03214.2,1,245136273,271,-0.572648262083709,0.356022643252477,1
PZA03214.1,1,245136387,271,0.462590122136646,0.306731458013214,1
PZA00137.2,1,247821390,271,1.11888461066491,0.32884900679223,1
PZA03064.6,1,248503298,271,-0.233474879003952,0.299837643934467,1
PZA03404.1,1,249259485,271,-0.219116086367226,0.299404271094376,1
PHM16605.19,1,251142538,271,0.11447635766932,0.400134099047934,1
PZA00411.1,1,251196990,271,0.756792130687106,0.813197858644199,1
PZA02269.4,1,252721946,271,-0.414755497506809,0.36015521816048,1
PZA02269.3,1,252722026,271,-0.185914649321302,0.326782331363959,1
PZA00318.2,1,255148812,271,0.431911311246441,0.392230155738284,1
PZA00318.5,1,255148947,271,0.132310646104534,0.416281222555977,1
PZA03387.1,1,255487200,271,0.705883898272688,0.302693284358482,1
PHM14475.7,1,256245118,271,0.258008324251572,0.281885211596194,1
PZA03434.1,1,257050459,NA,NA,NA,1
PZA01588.1,1,258495441,271,-1.08061979036549,0.319328748392007,1
PZA00339.3,1,260297200,271,-0.430146759210949,0.311038407537324,1
PZA00094.2,1,260688178,271,-2.13066166685178,0.351592306111896,1
PZB02476.1,1,261275414,271,0.545168894108996,0.466254705419049,1
PZB02476.2,1,261275857,271,-0.511949125998551,1.71417362474649,1
PZA01921.19,1,261313982,271,-0.664617860042631,0.358204579966193,1
PZA00709.19,1,261859081,271,-1.05520217070171,0.299311195919594,1
PZA02985.5,1,262339533,271,-1.21089553628293,0.335003514629106,1
PZA03457.1,1,262715518,271,0.264397011625848,0.410822475677745,1
PZA00013.8,1,263276112,271,0.368084378930733,0.337472507768053,1
PZA00013.9,1,263276335,271,-0.138274532011857,0.341622314828696,1
PZA03392.2,1,263337129,271,0.944794723678884,0.556182346721269,1
PZA03392.1,1,263337243,271,0.758433656949811,0.371149992986581,1
PZA00356.8,1,263637986,271,-0.192110076341395,0.732115659717367,1
tb1.1,1,264847299,NA,NA,NA,1
tb1.3,1,264847349,NA,NA,NA,1
tb1.20,1,264847406,271,-0.651685624482498,0.499258771305767,1
tb1.19,1,264847429,271,-0.523353056292214,0.482247285525401,1
tb1.18,1,264847469,271,0.570954991049994,0.479385840272863,1
tb1.17,1,264847517,271,-0.420191155165604,1.30193170072403,1
tb1.15,1,264847721,271,0.364868763929219,0.291253897246132,1
tb1.14,1,264847950,271,-0.529473020790441,0.460374723732029,1
tb1.13,1,264847982,271,0.66473954019584,0.425063863292045,1
tb1.12,1,264847985,271,-0.0781976420732872,0.543264681963524,1
tb1.11,1,264848126,271,1.83258304052072,0.832113184974497,1
tb1.8,1,264848659,271,-1.22690570144956,0.884773776890924,1
tb1.5,1,264849536,271,1.51366039281309,0.724627815712348,1
PZD00083.4,1,264855731,271,1.04169144275603,0.530280075740198,1
PZD00083.3,1,264856041,271,-1.21510858744107,0.501584564099899,1
PZD00083.2,1,264856106,271,1.16388656495544,0.550791672890107,1
d8.1,1,265199563,271,-0.945313403909371,0.37987542863447,1
d8.2,1,265199818,271,-0.855541366388821,0.465119043333623,1
d8.3,1,265199938,271,-0.329812125903354,0.536657266395739,1
PZB00226.1,1,265201499,271,-0.0269455240094125,0.450723758189988,1
PZB01725.2,1,266953775,271,-0.396845801322881,0.34385776638532,1
PZB01725.1,1,266954041,271,-0.4214045311339,0.310747445107578,1
PZB01728.5,1,266955761,271,-0.674541787313406,0.974817973630102,1
PZB01728.6,1,266955990,271,1.04460501151349,0.38139386686963,1
PZB01728.7,1,266956231,271,0.336683484669474,0.361385805811282,1
PZA02812.43,1,267615478,271,1.17404854884066,0.351111822973605,1
PZA02812.34,1,267615649,271,0.921775159665469,0.352973058543486,1
PZA00364.2,1,268082543,271,0.440176818239017,0.373266963982956,1
PZA00364.5,1,268082607,271,-1.1496683263414,0.40629013146327,1
PZB00083.1,1,268369569,271,-0.155451302241962,0.34949357629526,1
PZB00083.3,1,268369718,271,-0.292978137882962,0.436459997838057,1
PZB00895.4,1,268369850,271,-0.826605080802886,0.666744106405482,1
PZB00895.3,1,268369942,271,0.477149780634189,0.511662399721986,1
PZB00895.1,1,268370364,271,0.379468962561197,0.395266755560228,1
PZB00895.2,1,268370415,271,-0.105413256081298,0.330449911115671,1
PZB00008.1,1,268371949,271,0.908808569245954,0.495253611012246,1
PZB00063.1,1,268373103,NA,NA,NA,1
PZB00063.6,1,268373267,271,0.61209074125462,0.540308997244501,1
PZB00063.2,1,268373269,271,-1.40571269145315,0.45758695235408,1
PZB00176.5,1,268373293,271,-1.32431830214819,0.578587731843004,1
PZB00063.3,1,268373339,271,-0.0733640382468084,0.347110722079949,1
PZB00063.4,1,268373504,271,1.14935490663934,0.33642179278665,1
PZB00063.5,1,268373562,271,-0.917108568651766,0.347095698940684,1
PZA02278.1,1,270002291,271,0.785444977976122,0.452433075685447,1
PZB01427.4,1,270364551,271,0.211593975920972,0.436688327759272,1
PZB01427.5,1,270364633,271,1.69919787116907,0.570666864109635,1
PZA02698.3,1,272318990,271,0.499514942913555,0.441751474665818,1
PZA00698.4,1,273531917,271,-0.716751189282695,0.471684987626035,1
PZA02520.1,1,275190900,271,-1.56533826123162,0.381130760335681,1
PZB00068.1,1,275982031,271,-0.350898888667036,0.318675173048627,1
PZB00184.2,1,275983349,NA,NA,NA,1
PZB00184.1,1,275983520,NA,NA,NA,1
PZB00018.4,1,275983631,271,0.528305925373049,0.325026059923467,1
PZB00018.3,1,275983798,271,0.998499217124026,0.535847947797201,1
PZB00178.2,1,275983912,271,0.0292390402896007,0.340399023265404,1
PZD00039.4,1,276320129,271,-0.759040337091495,0.397781802912751,1
PZD00039.2,1,276320365,271,0.379512407295483,0.347542745693571,1
PZD00039.3,1,276321097,271,-0.196028782353851,0.376658620812355,1
PZA01978.23,1,276645374,271,-0.0203110759372716,0.322641294463383,1
PZA02204.1,1,278690966,271,0.594644031911987,0.308400813611914,1
PZA00610.15,1,280215046,271,-0.19843372331667,0.449911322100639,1
PZA00610.9,1,280215196,271,0.65606891258094,0.408248707237531,1
PZA03188.2,1,280719532,271,-1.36665883500578,0.327958706566799,1
PZA03188.1,1,280719719,271,0.156776365669048,0.321990254839578,1
PZA03188.3,1,280719787,271,1.06781247403695,0.352727373054028,1
PZA03188.4,1,280719882,271,-0.279822430113864,0.370862106688755,1
PZA02957.4,1,281818425,271,1.13258266599105,0.398282655987855,1
PZA03020.8,1,282044048,271,0.621691967584613,0.336472706033425,1
PZA00245.16,1,284407357,271,-0.611551417605077,0.342472708225792,1
PZA00245.14,1,284407382,271,-0.0708600875740631,0.793183601717216,1
PHM18705.23,1,284564734,271,-1.56140148366184,0.349247511045623,1
PZB01403.2,1,285273545,271,0.969721866929448,0.544509425907008,1
PZB01403.5,1,285273773,271,0.239156085580835,0.83437578533114,1
PZB01403.1,1,285273845,271,2.11161933741828,0.312323802169349,1
PZB01403.3,1,285273907,271,-1.25390863631784,0.581233766191949,1
PZB01403.4,1,285274032,271,-0.511984863091991,0.635593632936656,1
PZB01400.1,1,285364096,271,0.0055088901820382,0.402560220353462,1
PZB01400.5,1,285364179,271,-0.664068935490624,0.435959458060816,1
PZB01400.3,1,285364244,271,0.810896896489594,0.791042809301384,1
PZB01400.4,1,285364382,271,0.672264645734068,0.805935007569812,1
PZB01400.2,1,285364454,271,-0.942096590475803,0.723774884033255,1
PZB01394.1,1,285421542,271,-1.12804442275805,0.362383467597581,1
PZB01394.4,1,285421736,271,0.929560932850471,0.357722123763932,1
PZB01394.2,1,285421905,271,-0.41800055927738,0.314349530819617,1
PZA00894.7,1,285891340,271,-0.782826113026285,0.345905787558539,1
PZA03037.8,1,285977254,271,-0.264633115250823,0.46501908964851,1
PZA03037.3,1,285977341,271,0.55546367234542,0.472788166144983,1
PZA03037.2,1,285977386,271,0.770594141412998,0.323717145382205,1
PZB00119.1,1,286269951,271,1.73313057522013,0.321971574738688,1
PZB00119.3,1,286270485,271,0.685056204802082,0.379190249581064,1
PZB02440.1,1,286271514,271,1.48268380494154,0.453208918334244,1
PZB02513.3,1,286271692,271,-0.0295698561872579,0.384369908279863,1
PZB02513.1,1,286271849,271,0.529426839592629,0.367627504446277,1
PZB02513.4,1,286272166,271,-0.00362344982318617,0.616057588118746,1
PZA03305.3,1,286642520,271,-1.57409883396479,0.356884565888241,1
PZA03305.1,1,286642578,271,0.468548308086425,0.348971418815851,1
PZA03305.4,1,286642691,271,-0.907273689487555,1.34011834088362,1
PZA03305.7,1,286642715,271,-0.112990525763097,0.366417078298847,1
PZA03305.5,1,286642725,271,-1.05546065556665,0.365073573742817,1
PZA03305.2,1,286642765,271,-1.12454005535854,0.32626548219068,1
PZA03076.10,1,287175779,271,-1.1036777993261,0.361827681855241,1
PZA03111.2,1,287179850,271,-1.03439619851833,0.369574296324511,1
PZA02837.5,1,287641039,271,-0.390463812863048,0.334173869317122,1
PZA02837.6,1,287641051,271,-0.113404821194501,0.323563280955454,1
PZB01226.1,1,288439770,271,-0.584423788732622,0.944010457125031,1
PZB01227.3,1,288441116,271,0.0540453989357763,0.407006400449464,1
PZB01227.1,1,288441342,271,-1.61355014988211,0.32652119703264,1
PZA03556.2,1,290049345,271,1.72170388449322,0.315661521537376,1
PZA03556.3,1,290049468,271,-1.61687550935436,0.298062797519583,1
PZA00520.4,1,290199645,271,-0.665420657659663,0.49658536304809,1
PZA02044.1,1,290807362,271,-1.13509680463792,0.38149472541962,1
PZB02502.3,1,291031959,NA,NA,NA,1
PZB02502.5,1,291032046,271,-0.0457895951731273,0.499018752050292,1
PZB02502.2,1,291032289,271,-0.169027003261295,0.618018238467828,1
PZB02502.1,1,291032576,271,-1.37247565481063,0.29299485633369,1
PZA00385.1,1,291738801,271,-1.38657739990178,0.328915188460258,1
PZA00385.3,1,291738809,271,-0.995263726740588,0.411108736967612,1
PZD00069.3,1,291833188,271,-1.13142562931841,0.466631561585727,1
PZD00069.5,1,291833767,271,1.73692723928711,0.571284657289386,1
PZD00069.4,1,291834351,271,-1.71564833580551,0.375658933155991,1
PZA00307.12,1,291983606,271,-1.3975862261512,0.764959812363925,1
PZA00307.14,1,291983663,271,-1.92749201057711,0.315661393998697,1
PZA00276.18,1,292092865,271,-0.346214877010074,0.373000524805013,1
PZA00991.2,1,292560595,271,-0.44975959520638,0.441743182110556,1
PZA00235.6,1,292728854,271,-0.0978125582886609,0.368610491859804,1
PZA00235.8,1,292728923,271,-0.0891334168088069,0.445542565839773,1
PZA00623.3,1,293632633,271,1.68225341301146,0.498401851252228,1
PZA00623.2,1,293632755,271,-0.0625608894170289,0.314495627221482,1
PZA00623.1,1,293632805,271,-0.442171172933767,0.324549856107143,1
PZA02359.10,1,293907804,271,0.730322225283788,0.312540695371307,1
PHM9807.9,1,294311411,271,0.406602460731108,0.428035864448415,1
PZA01238.2,1,294333956,271,0.207112781946456,0.327364876875682,1
PZA01068.1,1,294472124,271,-1.35065528766898,0.322041278855328,1
PZA00343.26,1,294646173,NA,NA,NA,1
PZA00343.31,1,294646235,271,-0.69881162808919,0.320857739062028,1
PZA00343.11,1,294646407,271,-0.734869894835339,0.35047682956038,1
PZA00703.1,1,294674358,271,-0.870460329679722,0.32135193197161,1
PZA03018.9,1,294904680,271,0.958635600266529,0.592543510586228,1
PHM1275.22,1,294904743,271,0.771251544691241,0.317264174747189,1
PZA03018.16,1,294904764,271,-0.232773621994864,0.343967743232643,1
PZA00243.24,1,295770969,271,0.308981240179361,0.352853909035867,1
PZA00243.1,1,295771060,271,-0.395771090184926,0.33428069124489,1
PZA00243.25,1,295771335,271,-0.462256880856195,0.47896201371078,1
PZA00856.2,1,295785198,271,0.145342162283275,0.310575596061819,1
PZA01807.1,1,297315711,271,-2.1459244050451,0.387617241934469,1
PZA00432.4,1,297570924,271,1.5222213960467,0.310606578594651,1
PZA00477.5,1,298082468,271,0.820430467766415,0.347341661221735,1
PHM7616.35,1,298082534,271,1.1033398810492,0.361884549706523,1
PZB01937.1,1,298412935,271,-0.729290865975927,0.327340827933811,1
PZA00230.5,1,298412984,271,-0.327804280085902,0.419327562266611,1
PZB01937.2,1,298413091,271,1.02008809621456,0.484416665300161,1
PZB01937.3,1,298413352,271,-1.73224569210645,0.439583851060852,1
PZA00506.2,1,299170077,271,1.08496637602235,0.659301867032759,1
PZA03310.3,2,736367,NA,NA,NA,1
PZA03310.2,2,736559,271,-1.4084626398421,1.10364411572933,1
PZA00680.1,2,1081781,271,-0.742536257961668,0.536314662039054,1
PZA00680.3,2,1081791,271,-0.171522370275392,0.316874097633117,1
PZA00732.5,2,1174310,271,0.129048277925512,0.501146794010374,1
PZA00732.2,2,1174438,271,0.896930100202241,0.376993781212225,1
PHM5817.15,2,1220908,271,1.606566744634,0.318962536802195,1
PZA00365.3,2,1221350,271,-0.372436538809513,0.319618818214242,1
PZA00365.2,2,1221385,271,-0.4743440259127,0.32398092182361,1
PZB02366.2,2,2483775,271,-0.0607629120953487,0.461009208774626,1
PZA02133.10,2,2483787,271,0.0592136042219909,0.329949677567964,1
PHM1511.14,2,2483836,271,0.144878196177238,0.309430545074261,1
PZB02366.1,2,2483916,271,0.412556666599454,0.644072753793383,1
PZB02366.3,2,2483998,271,-0.272620650216761,1.25831748739717,1
PZA00525.16,2,2527199,271,-0.893557621850491,0.422660461748235,1
PZA00525.2,2,2527379,271,-0.688854998150582,0.306262780028243,1
PZA00525.17,2,2527442,271,1.68628323926837,0.367978550147844,1
PZA02175.1,2,2793372,271,0.501525011719849,0.318774756984494,1
PZA02681.8,2,2795242,271,-0.354110488223537,0.346792873563424,1
PZB02145.4,2,3173134,271,1.18920990827643,1.38082666830779,1
PZB02145.2,2,3173329,271,0.0982575614270633,0.295348592146083,1
PZB02145.1,2,3173529,271,0.654707502039093,0.325628680628078,1
PZB01233.6,2,3376157,271,0.659795918556937,0.669341726447078,1
PZA00172.11,2,4177434,271,-1.07502281064917,0.566237497124895,1
PZA00172.12,2,4177515,271,-0.141189186052272,0.338842400594618,1
PZA00613.21,2,4180573,271,-0.846659996681951,0.626602500871499,1
PZA00613.20,2,4180603,271,0.0826830997150076,0.665874717595202,1
PZA00613.22,2,4180789,271,0.505780533741827,0.351836416696683,1
PZA00396.9,2,4679573,271,0.946004787152927,0.350907832612928,1
PZA00396.10,2,4679610,271,0.249418962334022,0.359130119698877,1
PZB02518.1,2,5058124,271,-1.73138382062848,0.31708926136449,1
PZA00200.8,2,5821096,271,0.418049802248486,0.307703302438221,1
PZA00200.9,2,5821159,271,0.656351215035012,0.561448316339778,1
PZA02081.1,2,5923120,271,-0.0929666700719956,0.554180150807071,1
PZA00237.6,2,6041279,271,-1.12043661649484,0.359637339608443,1
PZA00237.2,2,6041506,271,-1.07244255538669,0.416254323002871,1
PZA00628.7,2,6425970,271,-1.09748452876868,0.315231374555923,1
PZA01935.10,2,6470320,271,0.787531875841037,0.360578555396088,1
PZA03747.7,2,7473076,271,1.10580323180525,0.727843481615176,1
PZA03747.4,2,7473327,271,0.736671540159719,0.430189537467931,1
PZA03747.2,2,7473491,271,0.520832909325833,0.355591031123501,1
PZA03747.1,2,7473644,271,-0.683629751808875,0.400220221395011,1
PZA03747.5,2,7473868,NA,NA,NA,1
PZA03748.2,2,7480688,271,-0.11310167713118,0.382309642865655,1
PZA03748.3,2,7480880,271,0.0971878229407419,0.339278927612001,1
PZA03748.4,2,7481006,271,-1.03997708207598,0.708046739332431,1
PZA03748.1,2,7481079,271,0.310037592694778,0.386579063749223,1
PZA03701.1,2,7481522,271,0.225794852265034,0.324340524098862,1
PZA03700.3,2,7482182,271,0.147047474266359,0.69561724749419,1
PZA03700.2,2,7482369,271,1.13771888560614,0.464128814378775,1
PZA03699.1,2,7482709,271,1.50363558543245,0.41011018915945,1
PZB00108.2,2,9400242,271,-1.39431348780628,0.569475856607633,1
PZB00108.4,2,9400477,271,0.343991729810969,0.328465079482339,1
PZB00517.4,2,9400593,271,1.29362602227677,1.0315057120139,1
PZB00517.2,2,9400673,271,0.272024918405115,0.319800120371,1
PZB00901.7,2,9400770,271,-0.615016238072034,1.04691655877617,1
PZB00901.4,2,9401003,271,0.0924381349018746,0.331726231107091,1
PZB00089.3,2,9401124,271,0.965675188401179,0.410781014027045,1
PZB00901.6,2,9401212,271,-0.130160757849491,0.366288930546237,1
PZB00089.2,2,9401239,271,-0.809208737267755,0.32003968884945,1
PZB00901.3,2,9401316,271,0.202056669112753,0.33660531439242,1
PZB00901.5,2,9401336,271,0.957170142282682,0.318280911524014,1
PZA02272.3,2,9917183,271,-0.100180636811793,0.325872941474831,1
PZA00620.3,2,10429405,271,0.00489673427836906,0.30245027868983,1
PZA00620.2,2,10429605,271,0.209644511013873,0.317016370538548,1
PZA00176.8,2,10533421,271,0.85294524396269,0.343308833609172,1
PZA03336.3,2,11193471,271,1.52240187741933,0.347170116924077,1
PZA00259.1,2,11678938,271,-0.459833995805663,0.437359387251312,1
PZA00008.1,2,11924901,271,0.86471287152348,0.434724526783772,1
PZB00219.1,2,12543294,271,-1.25935492611986,0.336646046530612,1
PZB00219.3,2,12543497,NA,NA,NA,1
PZB00219.2,2,12543545,271,0.0058095425054426,0.664047441368454,1
zfl2.3,2,12544637,271,0.987653303616618,0.302071036404747,1
zfl2.9,2,12544790,271,-1.28861872130438,0.467170177343969,1
PZA03136.4,2,13199808,271,-0.293581115129299,0.517237263993386,1
PZA03210.1,2,13242487,271,-2.24841730832489,0.474049979924405,1
PZA00108.12,2,13779884,271,-2.10451564058203,0.484774089636333,1
PZA00108.4,2,13779970,271,0.290311846330474,0.308739514558846,1
PZA01753.1,2,14751136,271,0.9989402298107,0.443336664050336,1
PZA03559.2,2,15810122,271,0.876339558083689,1.21695759617536,1
PZA03559.1,2,15810363,271,-1.66162122863311,0.302918130238113,1
PZA00459.5,2,17015152,271,-1.95494508220439,0.298009096194184,1
PZA02814.2,2,17268906,271,-2.40623685375762,0.308950622776016,1
PZA03442.1,2,18125201,271,1.09621764997314,0.432125508516007,1
PZA00497.4,2,19837491,271,-0.534150758700829,0.347241941964277,1
PZA00497.1,2,19837545,271,0.395758470454449,0.363067258688494,1
PZA03228.2,2,20042233,271,0.0174862049863909,0.448426848330264,1
PZA03228.3,2,20042386,271,1.10865274982928,0.329549536425164,1
PZA03228.4,2,20042412,271,0.433882959594709,0.506283219698315,1
PZB00793.1,2,20722170,271,-0.741816172154707,0.300232373198281,1
PZB00793.2,2,20722655,271,0.327412242102042,0.344803375341139,1
PZB02020.3,2,20954147,271,1.08722862304185,1.19440884505306,1
PZB02020.2,2,20954874,NA,NA,NA,1
PZB02017.1,2,20958246,271,0.153002438733329,0.39447623383671,1
PZB02017.2,2,20958307,271,0.048876634874707,0.465208102125636,1
PZB02017.5,2,20958456,NA,NA,NA,1
PZB02017.4,2,20958530,271,-0.476594185246785,1.2543671436002,1
PZB02017.3,2,20958616,271,-1.68294677988586,0.467319203324343,1
PZA00349.3,2,21201165,271,-0.3519920507935,0.630500534941744,1
PZA03635.1,2,21202350,271,0.225783695263696,0.390076935192759,1
PZA03634.2,2,21203177,271,1.05378076686988,0.771410600289786,1
PZA03634.1,2,21203230,271,-0.0129041505843119,0.383810554557186,1
PZA03633.1,2,21203782,271,-0.127871275355655,1.50753121729629,1
PZA00590.1,2,21991242,271,1.67123140454501,0.379653202130042,1
PZA01879.1,2,22196255,271,-0.240921094324332,0.434852643305927,1
PZA00471.2,2,22429044,271,-1.16968690562412,0.444944091200859,1
PZA00471.1,2,22429119,271,1.17140866123795,0.492717228496204,1
PZA03350.1,2,22805046,271,-0.646979327722675,1.12368834004037,1
PZB02167.2,2,22805327,271,0.792317931845635,0.682232534998388,1
PZB02167.1,2,22805742,271,-0.332008556917114,0.607923781718542,1
PZB02194.1,2,22808653,271,0.119097447878482,0.328274932867136,1
PZA00102.8,2,24893433,271,-0.918703238578105,0.453873862022785,1
PZA00102.6,2,24893463,271,0.925177752945252,0.447746413855576,1
PZA01755.1,2,25230561,271,0.381570013934103,0.327610822073416,1
PZA03642.1,2,25924769,271,-1.68585500456145,0.486939250089734,1
abph1.20,2,27403404,271,0.743201471392166,0.373193154739571,1
abph1.19,2,27403428,271,0.431599211398159,0.658497504892298,1
PZB02035.2,2,27403490,271,-1.06072584292036,0.394738552368872,1
PZB02035.3,2,27403594,271,-0.760262234275461,0.360102146604995,1
PZB02035.4,2,27403660,271,1.56053601476498,0.374761284151942,1
PZB02035.1,2,27403823,271,-2.11430899144624,0.34035670113614,1
abph1.22,2,27403892,NA,NA,NA,1
abph1.15,2,27403986,271,-0.00346274258194671,0.319475440265276,1
abph1.10,2,27404108,271,-1.47939392588055,0.350448954583122,1
abph1.9,2,27404126,271,1.90484732288244,0.362019915252917,1
abph1.5,2,27404261,271,-0.437705604052184,0.554143722499787,1
abph1.3,2,27404343,271,-0.246599889941124,0.419720142511929,1
abph1.1,2,27404419,271,0.214339110337235,0.409381148071551,1
PZA03568.1,2,27790383,271,-0.179322147325352,0.512814536517558,1
PZA03568.2,2,27790401,271,0.240619382484968,0.406965963790228,1
PZA03568.3,2,27790566,271,-0.505442991237167,0.555788056833106,1
PZA03567.1,2,27791160,271,0.697205765868956,0.402428827286495,1
PZA01374.1,2,28316042,271,2.29379776173835,0.670909939230326,1
PZA03121.2,2,29977973,271,0.102584994705035,0.381288459978171,1
PZA01336.1,2,31394426,271,-1.30535870198025,0.36007780430572,1
PZA03319.1,2,31946302,271,-1.56999435355454,0.31036307104656,1
PZB02523.1,2,32949215,271,1.74609658300199,0.457251037721188,1
PZA00061.1,2,33824834,271,0.21977204507796,0.318661340926513,1
PZA02378.7,2,35040818,271,-0.567546970834602,0.323008794752621,1
PZB00257.1,2,35753260,271,-0.107652031883671,0.607885372277182,1
PZA02793.33,2,36943058,271,-0.678941749422863,0.38845949071729,1
PZA03328.6,2,37328085,271,0.398557664255836,0.378200831329278,1
PZA03328.4,2,37328160,271,-0.0294614921368793,0.405280558909262,1
PZA03328.2,2,37328339,271,-0.757749382007436,0.439869151122913,1
PZA03328.7,2,37328362,271,-1.03833768927855,0.475130832578168,1
PZA03328.3,2,37328439,271,-0.470667433084376,0.428535402585713,1
PZA00730.2,2,38352327,271,-1.41630386679798,0.413667060406349,1
PZB01230.2,2,39040619,271,0.57448574202822,0.298251113696813,1
PZB01230.1,2,39040641,271,-0.0272065269491324,0.429028700664827,1
PZB01230.5,2,39040780,271,0.429019825692911,0.410577357608378,1
PZB01231.4,2,39041029,271,0.566726581034112,0.386692111992588,1
PZB01231.1,2,39041048,271,0.291421305621682,0.318597993949265,1
PZB01231.2,2,39041117,271,-1.28777520735963,0.360612602351012,1
PZB01231.3,2,39041317,271,0.407522296114601,0.330698000679564,1
PHM10404.8,2,40967991,271,1.0764944305417,0.305684782108624,1
PZA03233.3,2,41493308,NA,NA,NA,1
PZA03233.1,2,41493380,271,-0.682013283251071,0.33419354171808,1
PZB01047.1,2,42722721,271,-0.521789317584436,0.275338635653508,1
PZA00226.6,2,43256857,271,0.316413888743299,0.628634211320727,1
PZA00226.7,2,43256960,271,0.341720693212969,0.351603008777428,1
PZB00017.1,2,43923075,271,2.67411381708175,0.785715486373484,0.975598422275903
PZB00183.1,2,43923340,271,1.09478486007303,0.303838990311777,1
PZB00165.4,2,43923359,271,-1.83927587158178,0.478656452100905,1
PZB00183.2,2,43923377,271,0.516504629823721,0.36814882979275,1
PZB00165.2,2,43923473,271,-1.20790279675577,0.312240504809089,1
PZA02808.16,2,44606521,271,0.184509370017272,0.315802430776469,1
PZA02808.14,2,44606542,271,0.547616794161393,0.553074544634842,1
PZA02808.12,2,44606596,271,-0.482302328881562,0.564495975883661,1
PZB01370.1,2,44880958,271,-0.179174862404904,0.330840714633745,1
PZB01370.2,2,44881342,271,-0.197711283972449,0.357123786232521,1
PZA02450.1,2,47575949,271,-0.86134427450051,0.328314125661865,1
PZA02774.1,2,49160699,271,-2.05408342721416,0.395549862358501,1
PZA02168.1,2,51780601,271,-1.36487462671043,0.369992418312181,1
PZA03629.1,2,51784790,271,-0.0955413358281237,0.335265131406608,1
PZA03629.2,2,51785014,271,-1.08518019806417,0.275129124499922,1
PZA03628.1,2,51785080,NA,NA,NA,1
PZA03627.1,2,51785517,271,1.95725897989157,0.339825868646935,1
PZA03627.3,2,51785620,271,0.695182651848049,0.393381526614196,1
PZB02209.1,2,56773455,271,0.949732405021386,0.366623958450573,1
PZB02209.2,2,56773640,271,0.0918525820721687,0.452960149450755,1
PZB02209.3,2,56773916,271,-1.22610143263014,1.0014126774421,1
PZA00394.15,2,56930205,271,-0.992620291085742,0.43570266166051,1
PZA00394.11,2,56930271,271,-0.335785654998195,0.387645839840053,1
PZA03756.1,2,58354634,271,-0.350542691102115,0.317134526478939,1
PZA03756.2,2,58354695,271,-0.514510636293628,0.317920807542009,1
PZB01325.1,2,58472853,271,-0.937925740432324,0.479624369523701,1
PZA00635.7,2,59600768,271,-1.16059445719525,0.322300170043293,1
PZA00635.4,2,59600797,271,1.10281952607437,0.325157461322059,1
PZA00635.1,2,59600932,271,-0.213850824169022,0.334730447112088,1
PHM10321.11,2,62802971,271,1.34893556576918,0.314333156498618,1
PHM3457.6,2,62804122,271,1.8108575272353,0.314519518566122,1
PZA02881.9,2,62804286,271,-0.747417758381167,0.321828065063684,1
PZA00280.14,2,62870552,271,-0.241970908837362,1.07973657079728,1
PZA00442.4,2,63547171,271,0.198305212317552,0.325586017807819,1
PZA00442.3,2,63547199,271,-0.185808901873883,0.325611926819796,1
PZA03410.1,2,68655603,271,-1.31849209097312,0.437589504562099,1
PZA00170.1,2,69623218,271,-0.225656258458078,0.361687994659059,1
PZA03358.4,2,74221735,271,-0.409130147312385,0.565393022948137,1
PZA03358.2,2,74221816,271,-0.531770992850254,0.720517882304998,1
PZA03358.1,2,74221900,271,-0.525216970079221,0.572711167028945,1
PZA03358.3,2,74221960,271,0.0646442433880188,0.549246981348225,1
PZA02946.8,2,83201598,271,-0.831484596537832,0.33128767046421,1
PZA01902.1,2,89520665,271,0.717103405334424,0.74931355813631,1
PZA02549.3,2,103493947,271,0.121261040287787,0.462563573645481,1
PZB00607.1,2,104938493,271,-0.469010686943832,0.345301387665675,1
PZA00291.7,2,107146789,271,-1.85453491062619,0.36367006705994,1
PZB02521.1,2,118120373,271,0.238297178617285,0.33786198216524,1
PZA00485.2,2,121241431,271,0.779661536169422,0.338331066576998,1
PHM3626.3,2,125642617,271,0.571937217563798,0.297465058152992,1
PZA02966.10,2,128180134,271,-0.990709612825538,0.563483815995368,1
PZA02966.11,2,128180206,271,-0.697376580172964,0.323099339472545,1
PZA03278.1,2,128573571,271,-0.532606991983208,0.307943066909112,1
PZA03278.2,2,128574019,271,0.463973210181378,0.323507410372627,1
PZA02831.2,2,131092176,271,1.17040405132608,0.35714124631797,1
PZA02831.5,2,131092323,271,2.71649548192229,0.513509954410645,0.975598422275903
PZA02831.6,2,131092420,271,-0.987796676515331,0.418188081682782,1
PZB01969.3,2,136267079,271,-0.701108504372414,0.496433123333724,1
PZB01969.1,2,136267342,271,-0.15737033614598,1.36162940124178,1
PZB01969.4,2,136267476,271,-0.440857585954875,1.29355641149734,1
PZB01969.2,2,136267644,271,0.369872273736147,0.539043193889474,1
PZB01487.1,2,139752027,271,-0.753466617981262,0.33895355028207,1
PZB01487.2,2,139752077,271,-1.66204840167189,0.490647946025749,1
PZB02511.1,2,140014895,271,1.7765523799422,0.313263853666244,1
PZA00140.7,2,140264825,271,0.0690286273509682,0.566376920028176,1
PZA00140.6,2,140264872,271,0.45092247324926,0.56340535117788,1
PZA00277.13,2,141942735,271,2.11333510887691,0.36864248311001,1
PZA00277.9,2,141942814,271,1.94428805750239,0.396793355113908,1
PZA02626.1,2,144527921,271,-0.119518985367371,0.501728013793007,1
PZA00029.12,2,144528504,271,0.327892518125272,0.435393377752503,1
PZA00029.11,2,144528591,271,-0.765930650205708,0.697653262218651,1
PZB01285.2,2,145724799,271,0.556367305975622,1.00519100654357,1
PZB01285.1,2,145725068,271,-0.41241994483419,1.23613519319488,1
PZA03211.5,2,148837537,271,1.76622607280884,0.392581171798301,1
PZA03211.3,2,148837564,271,-0.81886612668869,0.31562519149735,1
PZA01280.2,2,149428645,271,-0.925179065836307,0.296591561356564,1
PZA01537.2,2,150984061,271,1.74291333856353,0.300973143675529,1
PZA02939.6,2,157152608,271,1.71951173101362,1.01288798922787,1
PZA02939.5,2,157152675,271,1.14981036151811,0.423143284680392,1
PZA00133.1,2,157316199,271,2.95267467309008,0.583756156372722,0.734857357561887
PZA00133.3,2,157316321,271,-0.126431203378449,0.427085230502824,1
PZA03539.1,2,157316550,271,0.386917173189782,0.411109594178887,1
PZA03390.1,2,158767674,271,0.182078783464112,0.628948429228953,1
PZA03083.7,2,159619959,271,-0.193266817336096,0.897081082607827,1
PZB02119.1,2,160112653,271,0.386737501668893,0.996943148660682,1
PZB02235.2,2,160125437,271,0.291625387732523,1.28949850543277,1
PZB02235.5,2,160125620,271,-2.02794378047923,0.441742903287674,1
PZB02235.3,2,160125895,271,0.0841940040224414,0.54806515252373,1
PZB02235.4,2,160126422,NA,NA,NA,1
PZA00367.2,2,161879250,271,-0.629104181658367,0.395148981111769,1
PZA00367.6,2,161879515,271,1.79044562548012,0.596734130072555,1
PZA00478.7,2,162823104,271,0.531951797685183,0.875367244616609,1
PZA01321.1,2,164561951,271,0.389458926887895,0.343814572833358,1
PZA03692.1,2,166659759,271,0.0991296756883458,0.348127689489723,1
PZA03688.3,2,166660386,271,-0.153044990050908,0.329925263664308,1
PZA03688.2,2,166660485,NA,NA,NA,1
PZA03690.1,2,166660980,271,-0.176769016851372,0.345129890685159,1
PZA03690.2,2,166661063,271,0.520672531478352,0.33957160885503,1
PZA02841.3,2,167759219,271,0.453684926106898,0.577331202690216,1
PZA02841.5,2,167759231,271,0.0866072103845238,0.412833314843615,1
PZA03418.1,2,168377989,271,0.241101180329821,0.485781787716885,1
PZA03418.2,2,168378080,271,-1.16772437006685,0.498755479270595,1
PZA01638.1,2,168860137,271,-0.615748413852883,0.456418047371648,1
PZA00515.10,2,169265278,271,1.17288175676434,0.328390541717825,1
PZA00637.4,2,169524428,271,1.35045929692589,0.305370092244604,1
PZA03708.1,2,169976110,271,-0.0479018740513673,0.334541311979613,1
PZA03708.3,2,169976308,271,-0.0337066132385195,1.24263419696391,1
PZA03707.2,2,169989245,271,-0.262254434296189,0.773320148925019,1
PZA03707.1,2,169989408,271,-0.0766171861407919,0.334418611312171,1
PZA00495.5,2,170377814,271,-1.43327736782239,0.343546836429276,1
PZA00495.3,2,170377897,271,1.28430089004468,0.336119855016104,1
PZA00495.4,2,170377910,271,-2.12213475740945,0.340558162258636,1
PZA03644.4,2,170899166,271,0.688320261893882,0.904911992936063,1
PZA03644.2,2,170899280,271,1.88671100292805,0.379380283846335,1
PZA03644.3,2,170899522,271,-0.766474869930184,0.351656945710241,1
PZA03644.1,2,170899849,271,1.14432525394421,0.330589176856923,1
PZA03659.2,2,173848055,271,-0.291082222248992,0.346685761799409,1
PZA03659.1,2,173848095,271,0.252454802991691,0.372467688889257,1
PZA03659.4,2,173848369,271,0.41024521771487,0.605793187581892,1
PZA03660.1,2,173849191,271,0.691777400222954,0.361831784378736,1
PZA03661.3,2,173849260,271,0.149687599945492,0.32902517521153,1
PZA03661.1,2,173849428,271,-0.839093513240111,0.322003628503151,1
PZA03661.2,2,173849502,NA,NA,NA,1
PZA00224.4,2,176000581,271,0.949067216759236,0.304062846358184,1
PZA00224.3,2,176000714,271,1.56019773407608,0.407973032116182,1
PZA03286.1,2,177293723,271,1.57134363561393,0.415238151310663,1
PZA03184.1,2,179826404,271,0.788874328558237,0.324821358479395,1
PZA03184.2,2,179826439,271,-0.453833464236176,0.498121570104843,1
PZA03184.3,2,179826461,271,0.694564350126118,0.30337589190438,1
PZA00729.18,2,186070362,271,-1.16417551061645,0.641745488771253,1
PZA00729.9,2,186070536,271,1.027069869059,0.95408278609037,1
PZA03528.3,2,186510824,271,2.62742785250144,0.695428692096705,0.988330448343991
PZA03528.1,2,186510935,271,-0.161566117098543,0.327916632177149,1
PZA03528.2,2,186511034,271,-1.93068691850106,0.564249508870503,1
PZA03529.3,2,186511923,271,0.536047151611955,1.7370225815338,1
PZA03529.6,2,186512163,271,-0.384755978873871,0.683511503233735,1
PZA03529.1,2,186512251,271,-0.690580951098026,0.309372537579211,1
PZA03529.4,2,186512293,271,-1.49212873250217,0.435214063600661,1
PZA00611.1,2,187149215,271,0.712201248731081,0.294024039249395,1
PZA02890.5,2,187225116,271,0.421274137656472,0.620406616641729,1
PZA02890.4,2,187225134,271,-1.36846091310445,0.354001215080046,1
PZA02890.3,2,187225194,271,0.337634071005985,0.383808242839853,1
PZA00533.4,2,187495335,271,0.136706678231509,0.794285191457753,1
PZA00533.3,2,187495401,271,-0.461090342630913,0.550465962720351,1
PZD00042.2,2,189293647,271,0.990390554825473,0.582982988244999,1
PZA00479.9,2,192125202,271,-0.0749318631342552,0.456104979842925,1
PHM3055.9,2,192602324,271,0.317058113209105,0.313339075057879,1
PZA03384.2,2,193285152,271,-0.0476812311459401,1.79997298334551,1
PZA03384.1,2,193285270,271,-0.574390486144734,0.648735182134138,1
PZA03144.1,2,193321985,271,-0.998861532265918,0.297115294957151,1
PZA00824.2,2,193996904,271,-0.00258257173078272,0.31242072458338,1
PZA03640.1,2,195212071,271,-0.00938584543729475,0.710291040024707,1
PZA03641.1,2,195215389,271,-0.212008602534223,0.666767459083556,1
PHM3668.12,2,195555350,271,0.432766298661968,0.298559619127619,1
PZA02017.1,2,195834649,271,-0.115450554020987,0.827607946861502,1
PHM7953.11,2,195938817,271,-0.474448800816061,0.300638070614085,1
PZA00803.3,2,196001003,271,1.39956681703016,0.32995998935979,1
PZA00340.1,2,196280808,271,-1.10448748305927,0.342986528898928,1
PZA02731.1,2,197109533,271,-1.0650185410625,0.33824919875524,1
PZB01267.1,2,198756269,271,0.188573682471676,0.415201537919208,1
PZB01267.2,2,198756501,271,0.678096875837849,0.331289122125817,1
PZB02013.1,2,198757428,271,0.109308331441373,0.419530318455953,1
PZB02013.2,2,198757542,271,0.324095201419382,0.415998552084483,1
PZB02013.3,2,198757777,271,0.133670457626568,0.412789972115946,1
PZB01261.1,2,198780031,271,-0.375765120290027,0.430764574221972,1
PZB01261.2,2,198780161,NA,NA,NA,1
PHM16125.47,2,199411414,271,1.38742750210367,0.399750287390574,1
PZB01103.2,2,200020987,271,0.28511166872649,0.315487661942695,1
PZB01103.4,2,200021059,271,-0.0447402771937189,1.62971747648263,1
PZB01103.1,2,200021207,271,1.61101782795532,0.314814078948357,1
PZA03438.1,2,200624355,271,-0.439470197357959,1.19570054536552,1
PZA00725.4,2,201957482,271,-0.408883892374135,0.315625719663295,1
PZA00725.1,2,201957593,271,0.162011226554907,0.319776543360805,1
PZA03163.4,2,202113207,271,1.23549140236913,0.375053826011454,1
PZA03165.1,2,202113464,271,-1.28478318896576,0.312289150060132,1
PZA03163.2,2,202113539,271,-0.190880883280077,0.314567289682645,1
PZA01885.2,2,206881202,271,0.699448120034155,0.377697770507722,1
PZA00390.6,2,206974644,271,-1.3186016246289,0.649717791662459,1
PZA00390.7,2,206974778,271,-1.0044550843389,0.398036490302958,1
PZA00639.12,2,207125619,NA,NA,NA,1
PZA02964.7,2,208276510,271,-1.39966035139331,0.334268199115822,1
PZB00772.2,2,208388351,271,0.982809182722891,0.469921387889901,1
PZB00772.7,2,208388467,271,-0.987449284559768,0.347851880794125,1
PZB00772.1,2,208388592,271,3.0704185132933,0.328032410924989,0.734857357561887
PZB00772.4,2,208388718,271,-1.8508604534364,0.411499338174886,1
PZA03602.1,2,209504204,271,-0.651932171180379,0.303238625964964,1
PZA03602.2,2,209504254,271,0.033814101998792,0.458151775206434,1
PZA03601.3,2,209505940,271,-1.01014512779787,0.490185372828822,1
PZA03601.1,2,209506155,271,-0.643197100910362,0.311645892465127,1
PZA03600.1,2,209507219,271,1.67863427739719,0.345482954039574,1
PZA02456.1,2,210924384,271,-0.592108574394694,0.556825520136326,1
PZB01234.5,2,212960231,271,-1.15133661407233,0.387633770222179,1
PZA03293.1,2,213615257,271,1.69631320774852,0.296718468699931,1
PZA02680.1,2,213668709,271,0.464858055144081,0.496490024840974,1
PZA00676.2,2,214263400,271,0.8987529687105,0.465709586565182,1
PZA02989.5,2,214339839,271,-0.52970001996853,0.459666574554365,1
PZA03169.3,2,214423348,271,-0.716535815941856,0.574133382467238,1
PZA03169.1,2,214423402,271,-1.12585374507619,0.384491361330938,1
PZA03169.2,2,214423504,271,-0.802480595199048,0.334426950058292,1
PZA02418.2,2,214647155,271,-0.453940622053989,0.328175149239702,1
PZA00527.6,2,216832881,271,0.725362323464329,0.329491798884033,1
PZA00527.5,2,216832995,271,0.414149038237966,0.300466075966218,1
PZA00527.10,2,216833071,271,0.62456235861831,0.315298502314349,1
PZA00164.1,2,217788232,271,-0.326875592034999,0.292902210404248,1
PZA02453.1,2,219554914,271,-0.398323367036177,0.33124417180097,1
PZA00163.4,2,220264713,271,0.688840828330781,0.297160449490646,1
PZA01991.3,2,220397345,271,-0.360529208746475,0.309358153026069,1
PZB00139.1,2,221891382,271,0.871733486379066,0.341202214319176,1
PZA00487.24,2,222134965,271,0.547045895816804,0.325856800063873,1
PZA00487.16,2,222135246,271,0.812784084368187,0.367308497234152,1
PZB01013.3,2,222280629,271,0.525274702261562,0.316092207631165,1
PZB01013.1,2,222280720,271,3.41395534996167,0.457490618478692,0.734296449644183
PZB01013.2,2,222280823,271,-1.84218740897144,0.308594733946045,1
PZB01013.4,2,222280901,271,-0.494308733022233,0.467027529861698,1
PZA01895.1,2,225848026,271,1.21166966237554,0.491021128570725,1
PZA01352.5,2,226450170,271,0.229888035775293,0.283247604688005,1
PZA02727.1,2,227921381,271,0.357531333820314,0.30545253663363,1
PZA00121.1,2,228972770,271,1.55338667300287,0.30066113672737,1
PZA00121.10,2,228972835,271,0.267610761626364,0.386050722438731,1
PZA00672.6,2,228991006,271,0.743869639437934,0.38876508417049,1
PZD00022.5,2,233128511,271,0.656474781056438,0.321700135058955,1
zap1.2,2,233128584,271,-0.0814094659158913,0.323598410741253,1
zap1.3,2,233128701,271,-0.857747076261492,0.35451230727192,1
zap1.5,2,233128987,271,0.67095176969731,0.40889779830975,1
PZD00022.3,2,233129091,271,0.370915289132821,0.318976779854408,1
zap1.7,2,233129136,271,0.00635703816801918,0.353381251020983,1
PZD00022.1,2,233129138,271,-0.173324262473536,0.363422051991856,1
PZA03576.4,2,233873436,271,0.0523290725416783,0.533926693395612,1
PZA03576.1,2,233873786,271,0.191540248838137,0.320145344642339,1
PZA03576.3,2,233874044,271,0.893604116993744,0.764918712972912,1
PZA03577.2,2,233876178,271,1.56666370254423,0.471015906628152,1
PZA03577.1,2,233876337,271,0.471433815626117,0.364552959635858,1
PZA03321.1,2,234574846,271,-0.214587058344468,0.301735439005986,1
PZA03321.4,2,234574991,271,-0.675417577111709,0.523057757474848,1
PZA00309.1,3,1240310,271,-0.967834865303699,0.361159540148711,1
PZA00134.12,3,1682341,271,0.571514141189683,0.4791387883213,1
PZA00615.6,3,1882706,271,1.48972261518776,0.510320006190805,1
PZA00615.3,3,1882847,271,0.0675592387962986,0.471772566385739,1
PZA02090.1,3,4138512,271,-0.00552303529134443,0.306111353327208,1
PZD00038.3,3,4824552,271,-0.44716339115409,0.317969061269664,1
PZD00038.1,3,4824779,271,0.195872139014475,0.381453157755702,1
PZA02678.1,3,5232441,271,-0.736572407213889,0.32855241392375,1
PZA00100.9,3,5479958,271,-1.83996777164213,0.354249371840993,1
PHM12859.7,3,5479991,271,0.837544200450318,0.336791449586141,1
PZA00100.2,3,5480402,271,0.363578445793475,0.328125765179259,1
PZA00458.6,3,5480980,271,0.466100697526416,0.38169765062372,1
PZA00458.1,3,5481011,271,1.1413464476551,0.337754789449307,1
PZA03527.3,3,5748224,271,-0.490992126007024,0.437819843187108,1
PZA03527.2,3,5748362,271,-0.511873359581972,0.342897623120253,1
PZA03527.1,3,5748473,271,-1.21140959733366,0.308143798484343,1
PZA03212.3,3,6547051,271,0.644449872224702,0.506581782792791,1
PZA00749.1,3,6733476,271,-0.432825189031287,0.342774275433955,1
PZB01947.1,3,7410038,271,0.090296074579099,0.375600688819425,1
PZA03525.1,3,7428361,271,-1.13362845367739,0.557489019504613,1
PZB01940.1,3,7429527,271,-0.256316460593151,0.347417460559081,1
PZA03283.2,3,7602160,271,-1.10166841528284,0.339447179329107,1
PZA03283.1,3,7602186,271,-0.644183026828927,0.331153423123871,1
PZA00537.4,3,8341160,271,-0.979691031446792,0.665893767943996,1
PZB00470.5,3,9124190,NA,NA,NA,1
PZB00064.1,3,9124976,271,1.60451549491686,0.39847725024978,1
PZB00112.2,3,9125023,271,1.15154676930633,0.682110462526107,1
PZB00112.1,3,9125043,271,-1.97764905485329,0.985489894681013,1
PZA01765.1,3,9598936,271,0.289039216145495,0.352744397578192,1
PZA03009.5,3,11414308,271,0.174409589956495,0.361771157529793,1
PZA03009.6,3,11414383,271,0.701925362137188,0.431426555260943,1
PZA03009.7,3,11414423,271,-0.598697167194859,0.318768753702289,1
PZA00508.2,3,11895612,271,0.832053722641614,0.29549356232523,1
PZA03145.1,3,12965736,271,0.909993381409169,0.297062091690534,1
PZA02855.14,3,17184071,271,-0.131300674204533,0.387227050725441,1
PZA02855.17,3,17184120,271,0.679494000363325,0.323935858042266,1
PZA02855.22,3,17184237,271,1.00596594630608,0.364014012671962,1
PZA03309.1,3,18361979,271,-0.236496607019926,0.453442995654222,1
PZA00480.10,3,22952214,NA,NA,NA,1
PZA03185.1,3,23329881,271,-0.84633037831693,0.305885958224098,1
PZA02427.1,3,23999118,271,-0.270768112983688,0.32928381018947,1
PZA00645.1,3,27040373,271,1.34105818848115,0.460691301603596,1
PZB01964.4,3,27198692,271,0.727345213959482,0.55592774609127,1
PZB01964.3,3,27198816,271,1.6088411332626,0.412967567866838,1
PZB01964.6,3,27199028,NA,NA,NA,1
PZB01964.5,3,27199404,271,-0.152407549868133,0.422415411900799,1
PZB01964.1,3,27199765,271,-1.39821751190753,0.332814988776698,1
PZB01720.1,3,27204262,NA,NA,NA,1
PHM2343.25,3,27981649,271,0.00292492619956319,0.315992710171345,1
PZA00210.9,3,29693390,271,0.942341901868784,0.388105203088142,1
PZA00210.6,3,29693448,271,-2.08872847128167,0.939426762278391,1
PZA00210.1,3,29693561,271,0.622718745188261,0.308912118146893,1
PZA03054.10,3,31695391,271,1.2476723739804,0.441269790592586,1
PZA03054.5,3,31695534,271,0.791868488818682,0.484109791821422,1
PZA03054.3,3,31695569,271,0.70777275520568,0.35024265609079,1
PZA01473.1,3,32080895,271,-0.0632046295903138,0.577293939663484,1
PZA00348.10,3,32449451,271,0.0819632167251363,0.634529002013407,1
PZA00348.11,3,32449584,271,1.02764640468632,0.321489572659724,1
zb21.1,3,37536931,271,-1.79844499447307,0.37879246781756,1
PZA00380.5,3,39489976,271,-0.617239753848999,0.396154406813723,1
PZA00380.7,3,39490060,271,-0.299130669947202,0.335327159391192,1
PZA00297.2,3,39992968,271,-0.178473988313002,0.366247767746851,1
PZA00297.3,3,39992991,271,-0.101180887914553,0.36538746328903,1
PZA01114.2,3,40198671,271,1.58978118168831,0.381468445332649,1
PZA03070.9,3,43868043,271,-1.0771688479849,0.353135991012699,1
PZA03070.7,3,43868067,271,-1.17585484505683,0.35737431734535,1
PZA03070.6,3,43868070,271,-1.58063393307826,0.352734921912336,1
PZA03070.5,3,43868105,271,0.137718218752595,0.356554670684042,1
PHM15899.9,3,43868122,271,0.487769766059679,0.575957204515371,1
PZA03269.1,3,51967230,271,-0.312492636454564,0.440870007051492,1
PHM15474.5,3,53548967,271,1.25674837925766,0.338747709902866,1
PZA01447.1,3,53549251,271,0.145947163444482,0.332139382006122,1
PZA03119.1,3,54127608,271,-1.81705905313059,0.309888486598957,1
PZA03119.3,3,54127888,271,-0.0901240418199184,0.365703349511989,1
PZA00265.6,3,55946581,271,-2.72957410390438,0.322129218362345,0.975598422275903
PZA00265.4,3,55946639,271,-1.86421113984535,0.382342448185086,1
PZA00627.1,3,56747948,271,-0.745939232762668,0.309310023753015,1
PHM2324.23,3,57966892,271,0.0716930485644457,0.488338225161724,1
PZA03242.1,3,58616503,271,-0.593798056890104,0.313484834170205,1
PZA02699.1,3,63847564,271,0.0032090761550587,0.327776074125999,1
PZA00414.27,3,64730607,271,1.41409592884251,0.346101461204039,1
PZA02134.3,3,66922282,271,-0.424198171297501,0.419825075769714,1
PZA00608.1,3,67283995,271,0.636260898253023,0.336561968554184,1
PHM5502.31,3,67284067,271,-0.0870204684459209,0.329660100105238,1
PZA00608.5,3,67284085,NA,NA,NA,1
PZA00621.2,3,69079684,271,0.625220881148154,0.421729231246988,1
PZA03366.2,3,69892464,271,-0.742417280102808,1.17174237465523,1
PZA03366.1,3,69892547,271,0.252958681045756,0.837183884213578,1
PZA00565.3,3,73140552,NA,NA,NA,1
PZA00109.3,3,82173052,271,-0.27141157217186,0.323449247175173,1
PZA00232.24,3,95541392,NA,NA,NA,1
PZA02742.1,3,97441783,271,-2.09341357960506,0.31898236904857,1
PZA02645.2,3,101980017,271,1.18292740233266,0.344188200943917,1
PZB02484.1,3,108233038,271,-1.56442419145388,0.317581544639244,1
PZB02484.2,3,108233139,271,-0.622849198338371,1.08981492450232,1
PZA03761.3,3,110715343,271,2.34839230977996,0.416609684127393,1
PZA03761.1,3,110715403,271,-1.22298646351756,0.827327978982769,1
PZA03761.2,3,110715467,271,-0.685564915764854,1.3962611858772,1
PZA03761.4,3,110715630,NA,NA,NA,1
PZA00707.7,3,110715760,271,-0.525725404169068,0.745860457181095,1
PZA00707.9,3,110715956,271,-1.03833636024338,0.340723138934693,1
PZA03760.3,3,110719350,271,0.0573128758438138,1.59537546208714,1
PZA03760.2,3,110719489,271,1.19203447997429,0.386689590044493,1
PZA03760.1,3,110719558,271,0.260246454401212,0.528291419682811,1
PZA03302.1,3,115392917,271,-0.942166774837005,0.318661604199982,1
PZA03302.2,3,115393003,271,-0.396963329962561,0.668749973982944,1
PZA03302.3,3,115393037,271,0.00475968126918356,0.323057061197533,1
PZA02619.1,3,120046370,271,-0.81044894398332,0.422754163374221,1
PZB00037.1,3,120915609,271,0.861092155188192,0.38055781685142,1
PZB00037.2,3,120915670,271,-1.98158741982417,0.554947649675447,1
PZB00037.3,3,120915712,271,1.26134672591588,0.382705906714086,1
PZB00451.1,3,120915995,271,0.91555940131767,0.384243923330964,1
PZB00035.1,3,120916059,271,-0.357334340283324,0.381846355249929,1
PZB00451.2,3,120916079,271,0.862170667595792,1.04133907144181,1
PZA03729.1,3,122631251,271,0.953465293757752,0.31597846908241,1
PZA03730.1,3,122632051,271,0.526745877441064,0.355267977355668,1
PZA03730.2,3,122632201,271,-0.344500662763874,0.5187270526598,1
PZA03730.3,3,122632318,271,-0.687667332258041,0.62599286459161,1
PZA03731.1,3,122634784,271,-0.80069520633686,1.14392465371329,1
PZA03731.2,3,122634846,271,-0.139057570592913,1.00780638530343,1
PZA03198.3,3,123785075,271,2.19424166245141,0.400137790628153,1
PHM15449.10,3,125077922,271,-0.580578727333049,0.32299591127017,1
PZA00413.2,3,125192322,271,1.48014728713688,0.311447357541598,1
PZA00413.18,3,125192339,271,1.64897780213503,0.334022469886703,1
PZA00413.17,3,125192483,271,0.420184313832664,0.615757991384729,1
PZA00295.7,3,126261692,271,-0.27111525706809,0.702817462093836,1
PZA00363.6,3,132192142,NA,NA,NA,1
PZA00363.5,3,132192205,NA,NA,NA,1
PZD00016.4,3,133480594,271,0.649081824165617,0.405373311838775,1
PZD00015.5,3,133481473,271,-0.0292634350143005,0.379114456474445,1
PZD00014.4,3,133482561,271,-0.168029084443396,0.369051576025783,1
PZB02002.1,3,133483395,271,0.076953104707722,0.424801286618756,1
PZA02888.3,3,134850306,271,0.305100978250725,0.43096191442703,1
PZA03264.1,3,136356797,271,0.196771149337649,0.49307368812221,1
PZA03122.1,3,136357534,271,1.47470966778801,0.424556161448864,1
PZA00254.3,3,139668467,271,0.609401857142318,0.355787404999696,1
PZA00719.2,3,140524105,271,-1.16405705243852,0.426448658240785,1
PZA00719.1,3,140524287,NA,NA,NA,1
PZA00114.3,3,142431173,271,1.00289084842479,0.305685266756817,1
PZA00920.1,3,142821031,271,0.0607944483996898,0.307092861718473,1
PHM890.20,3,143853993,271,-0.909945639482397,0.502400198855152,1
PZA02906.7,3,144466196,271,0.321844005189175,0.332039640323296,1
PZB02044.1,3,144466243,271,1.13508514359488,0.421995675787453,1
PZB02044.3,3,144466246,271,-0.381631040021099,0.370567112780824,1
PZB02044.2,3,144466414,271,0.496097721702154,0.305956218555859,1
PZB02122.1,3,145421006,271,-0.185196927765624,0.341527782248941,1
PZA03541.2,3,148153258,271,-0.994004470976334,0.326833316194377,1
PZA03541.3,3,148153805,271,1.07125507375232,0.323239965576902,1
PZA03541.4,3,148154058,271,-0.222554851016843,0.51920858823692,1
PZB01183.1,3,148380841,271,-1.64673556645049,1.02223063822421,1
PZB00228.6,3,150829954,271,0.993052202807157,0.323122277298179,1
PZB00228.4,3,150830416,271,-0.393184726049981,0.389030093048018,1
PZB00228.5,3,150830673,271,0.239942070748889,0.617873056567523,1
PZB00228.2,3,150830782,271,-0.0616707629092854,0.336519302709713,1
PZB00274.4,3,150837246,271,-0.1390161388736,0.437953138140865,1
PZB00274.5,3,150837488,271,0.741012844770265,0.344763173146504,1
PZA00827.1,3,155566732,271,-1.08016067083477,0.328944751096185,1
PZA03658.1,3,155576390,271,1.16755930371561,0.312025046359843,1
PZA00507.11,3,155818939,271,0.0356016297886813,0.315365468471096,1
PZB01683.2,3,156252241,271,-0.668467768289301,0.43098076186705,1
PZB01683.3,3,156252478,271,0.743308926968483,0.356334532860606,1
PZA00391.2,3,157104591,271,0.537507284421919,0.366676122034722,1
PZA00948.1,3,157263770,271,-0.494467142884468,0.388819514078435,1
PZA03019.8,3,157317264,271,-0.363832921186869,0.572429613155721,1
PZB01463.7,3,157318219,271,1.5553329504056,1.10955437933779,1
PZB01463.6,3,157318304,271,-0.561962011758217,0.733058636788158,1
PZB02179.1,3,157640380,271,-1.21023338947199,0.343652470783092,1
PZB02179.2,3,157640764,271,-1.18293403926012,0.351616623064729,1
PZB02179.5,3,157640944,271,2.99707882749167,0.331594459653713,0.734857357561887
PZA00828.2,3,157646430,271,-0.212284275104425,0.598777568005567,1
PZA02944.12,3,159253652,271,-0.668157835831792,0.369891777914462,1
PZA02944.10,3,159253667,271,-0.00792622886482272,0.323784083799273,1
PHM9914.11,3,159996138,271,1.05453172522714,0.303715511356845,1
PZA02923.7,3,160467612,271,0.216085433098942,0.713099189551849,1
PZA00667.1,3,161516074,271,0.326648248064331,0.317741999273898,1
PZA00667.2,3,161516227,271,-0.633659041587749,0.319689936551053,1
PZD00003.3,3,161572823,271,0.582050024665924,0.369026672364747,1
PZB01892.1,3,161573186,271,-0.703842921437297,0.661422683950161,1
PZB01856.4,3,162186725,271,-0.126647005562612,0.598939530656985,1
PZB01856.1,3,162186937,271,-0.687797040552853,0.317491715236998,1
PZB01856.2,3,162187057,271,1.02303378329497,0.448385903844027,1
PZB01856.3,3,162187230,NA,NA,NA,1
PZD00006.1,3,163615279,271,0.666956386615066,0.382213098745568,1
PZD00008.3,3,163617500,271,0.187421224110549,0.396494406959508,1
te1.4,3,163617645,271,-1.97310450665795,0.324392512315225,1
te1.3,3,163617892,271,-1.39745164576051,0.956018601580044,1
te1.1,3,163618301,271,2.07391842674822,0.322865515377385,1
PZD00007.1,3,163618708,271,-2.03764203979378,0.326802773206524,1
PZA01396.1,3,164833462,271,1.67960495587987,0.323273910259089,1
PZA00186.2,3,165800369,271,1.3743088726522,0.31812805860312,1
PHM2885.31,3,165901548,271,0.0769954499230896,0.477809164235285,1
PZB01933.1,3,167581102,271,-1.34256496873861,0.334861408097181,1
PZB01933.2,3,167581373,271,-0.703936039142266,0.475746231915962,1
PHM1959.26,3,168443563,271,-2.2264627660821,0.327920485418476,1
PZA03073.28,3,168443662,271,0.977801646724325,0.430949133628964,1
PZA03073.23,3,168443677,271,1.76828700265659,0.404581780308608,1
PZA03073.24,3,168443701,271,0.83189398555305,0.319161782765113,1
PZA03073.25,3,168443704,271,-2.35719874151316,0.322808756275936,1
PZD00040.2,3,168689468,271,0.793404463618616,0.785951227391754,1
PZD00040.3,3,168689563,271,-1.1410047273775,0.822808682367662,1
PZD00027.5,3,169756987,271,0.0342428726733823,1.40669031041347,1
PZD00027.1,3,169757113,271,-0.108189365255279,0.324890604025738,1
PZD00027.2,3,169757331,271,0.127024632280338,0.31364382206909,1
PZD00027.3,3,169757661,271,1.02918937436556,0.685005228830374,1
PZA02402.1,3,169771952,271,0.252518233720677,0.387886244973676,1
PZA03032.17,3,171364486,271,0.636413823617203,0.384545945312357,1
PZA03032.16,3,171364514,271,1.58544478981083,0.304092761045221,1
PZA03032.19,3,171364540,271,0.153841896322014,0.407987512194309,1
PZA00783.1,3,171821889,271,-3.01380800405016,0.391339398833645,0.734857357561887
PZA00166.3,3,171935683,271,-0.425182948344129,0.494501250916165,1
PZA00166.1,3,171935933,271,0.924661987777863,0.310722384215745,1
PZA02212.1,3,174550727,271,0.766444642693944,0.299371890175442,1
lg2.1,3,175051278,271,0.925552614028579,0.36247099576168,1
lg2.2,3,175051298,271,1.28951853968392,0.373994155104744,1
PZB01473.3,3,175051721,271,1.38728530894367,0.507636616507522,1
lg2.11,3,175051864,271,-0.0126667692104927,1.83562151017457,1
lg2.12,3,175051925,271,-1.16089038372688,0.446260387217579,1
PHM17210.5,3,178229653,271,-0.428809902998341,0.345699657098508,1
PZA01962.12,3,178229838,271,-0.159207813623522,0.334146877434487,1
PZB01919.3,3,178234746,NA,NA,NA,1
PZB01919.2,3,178234880,271,0.423760170502893,0.361095598000566,1
PZB01919.1,3,178235128,271,-0.589634028718545,0.328548838131757,1
PZA00701.6,3,179517651,271,0.335057561937934,0.73123400934229,1
PZA03359.1,3,179903397,271,0.407834479266169,0.672596906304481,1
PZA03359.2,3,179903483,271,-0.820784299684137,0.704227343988329,1
PZA03359.3,3,179903740,271,1.02353708763392,0.674829846731856,1
PZA00482.10,3,180294773,271,-0.543469541773055,0.30550034621351,1
PHM1675.29,3,180341088,271,-1.39839825555645,0.462658230512824,1
PZA00107.18,3,180341137,271,-0.843475034022938,0.58852370731662,1
PZA00107.4,3,180341381,271,-1.06388362531126,0.32608926277319,1
PZA03733.2,3,180532130,271,-2.40601651139865,0.337725805992349,1
PZA03733.1,3,180532218,271,2.55200477937531,0.336171186759729,0.995035611254727
PZA03734.2,3,180532745,271,2.10146630453519,1.00610942808455,1
PZA03734.3,3,180532956,271,0.196306505014188,1.52711470466891,1
PZA03735.2,3,180533322,271,-1.64334660430003,1.73870614800693,1
PZA03735.1,3,180533618,271,-2.48330552102086,0.340993272661359,1
ba1.9,3,181362666,271,-0.551354705822521,1.96179225536146,1
ba1.8,3,181362717,271,0.69538242418265,1.345972534733,1
ba1.7,3,181362781,271,0.514940460413691,1.02287995301967,1
ba1.6,3,181362952,271,0.934180349612407,2.1969988919721,1
ba1.5,3,181363034,271,0.386219288093395,1.45290886079644,1
PZA00099.6,3,184718109,271,2.27498908397411,0.379010819952304,1
PZA03191.1,3,185290073,271,0.435581427631069,0.34582648150605,1
PZA03191.2,3,185290132,271,0.195474814255595,0.358890831554968,1
PZA03191.3,3,185290309,271,0.273035058688061,0.312625476015477,1
zb27.1,3,185290956,271,-0.245441180791079,0.76290960640439,1
PZA03649.1,3,185316030,271,1.68802760060391,0.50352665652064,1
PZA03648.2,3,185317151,271,-1.83115743332882,0.363834697419948,1
PZA03648.3,3,185317395,271,1.8668790936843,0.506601799160672,1
PZA03648.1,3,185317458,271,0.50144397678402,0.374300147784812,1
PZA03647.3,3,185318086,271,1.65558979860874,0.381426933888877,1
PZA03647.1,3,185318330,271,0.500435223851384,0.326231281345495,1
PZA00702.5,3,185760526,271,-0.278307428014166,0.371596223043124,1
PZA00586.1,3,185989508,271,-0.0215300093801308,0.396891213164078,1
PZB00628.3,3,186186953,271,2.90123555837668,0.585520962927032,0.734857357561887
PZB01052.4,3,186580149,271,1.57191185643436,0.354217554035839,1
PZB01052.3,3,186580208,271,-1.71958043008225,0.355006149123654,1
PZB01052.2,3,186580210,271,1.54091135139966,0.392430895699835,1
PZB01052.1,3,186580250,271,1.83836258643128,0.355544014040164,1
PZA00303.19,3,187604432,271,0.397383140704379,0.34255984824043,1
PZA00303.6,3,187604478,271,0.0960070609992325,0.325558669378141,1
PZA00618.21,3,189138003,271,0.240978395705892,0.60972594157828,1
PZA00236.7,3,189437413,271,-1.6312322127174,0.444351249663027,1
PZA01228.2,3,189861328,271,1.17514552805034,0.490329092059131,1
PZA03743.1,3,191863818,271,-0.752944643157231,0.370007450446767,1
PZA03744.1,3,191864249,271,-1.08818527776596,0.391354869747585,1
PHM13673.53,3,192236275,271,0.402284319270406,0.346344079624943,1
PZB01223.1,3,192865017,271,-1.26923564545252,1.13265840634533,1
PZB01223.3,3,192865132,271,-1.72429480530319,0.32902798398449,1
PZB01223.2,3,192865246,271,-0.473877048854587,0.706135155341072,1
PZA03255.1,3,193565357,271,2.93149233983934,0.329633939360586,0.734857357561887
PZA03255.3,3,193565631,271,-0.345883870575327,0.373113155320769,1
PZA03255.4,3,193565736,271,0.0378571529403985,0.36858091334173,1
PZB02516.2,3,193566873,271,-3.0340034710353,0.406255541641757,0.734857357561887
PZB02516.3,3,193566974,271,1.69530400162268,0.744094827620035,1
PZB02516.1,3,193567255,271,-1.85847764231251,0.341221912206693,1
PZA02952.10,3,194250329,271,0.992526028170087,0.59402188026577,1
PZA02952.7,3,194250404,271,-0.0887779929573133,0.411522170320423,1
PZB01109.1,3,194643731,271,-0.0370025009348781,0.339830636246484,1
PZB01109.2,3,194643852,271,0.128893335398069,0.302505667361849,1
PZA01035.1,3,195407066,271,1.29146285589254,0.502159975456518,1
PZA00308.24,3,196191461,271,-0.0921305355274798,0.588135139901064,1
PZA00308.23,3,196191494,NA,NA,NA,1
PZA01457.1,3,196870327,271,1.88127134295494,0.789948671981457,1
PZA00201.2,3,197456470,271,-2.09496763640031,0.945295863469304,1
PZA02122.9,3,197797720,271,-0.59342179797576,0.412429131792714,1
PZD00004.3,3,199478329,271,-0.866920608430079,0.685817923284035,1
PZA00892.5,3,199886201,271,1.60374870797975,0.330263944318272,1
PZA03224.3,3,200142461,271,0.467026155753182,0.321872179615638,1
PZA03224.4,3,200142700,271,1.07863815162914,0.461340517128142,1
PZA03224.1,3,200142836,NA,NA,NA,1
PZA03008.21,3,200201258,271,-0.437278613719466,0.742731874758542,1
PZA03011.6,3,201790247,271,-0.401667249793963,0.525715953877657,1
PZA03154.2,3,202363996,271,-1.44425543511351,0.323396165792867,1
PZA03154.4,3,202364106,271,0.209697188555416,0.353315008651554,1
PZA03154.1,3,202364418,271,0.172085672637969,0.404827214283657,1
PZB01449.2,3,202569690,271,-0.575418297666876,0.322323564077131,1
PZB01449.3,3,202569749,271,1.86558520865228,0.366223254817378,1
PZA00047.2,3,203908761,271,-1.00863310727494,0.3773312254356,1
PZA00220.2,3,206760654,271,-0.35442142277456,0.304015128826472,1
PZA00220.11,3,206760693,271,-0.0696388447069892,0.543705136906035,1
PZA00538.18,3,206889455,271,0.283470095794549,0.368475830936309,1
PZA00538.15,3,206889707,271,-1.71660507092428,0.315900422078663,1
PZA00538.7,3,206889794,271,2.06978369141079,0.332564678478221,1
PZA02516.1,3,208180035,271,1.43173216615905,0.591563244947665,1
PZA03349.4,3,209957688,271,0.431802837752417,1.08904053440909,1
PZA03349.1,3,209957849,271,0.147557865796215,0.528610884917794,1
PZA03346.6,3,210558095,271,2.30180720697814,0.874582206527,1
PZA03346.5,3,210558393,271,0.058320763819855,0.389796382846792,1
PZA03553.1,3,210635720,271,-1.95741899938167,0.70701992034631,1
PZB01457.1,3,212725801,271,-0.333530706109658,0.308853463206786,1
PZB01457.3,3,212726119,271,0.760677473494575,0.323464465152204,1
PZA03146.3,3,214272799,271,1.69023892177564,0.425101416902358,1
PZA03146.1,3,214272814,271,-1.59040999652371,0.339658441950776,1
PZA03146.4,3,214272883,271,1.48109289930285,0.333149818368533,1
PZA03146.2,3,214273072,271,0.145451974762767,0.391197053552966,1
sh2.4,3,214838405,271,-0.579694397828842,0.349494525732572,1
sh2.3,3,214839793,271,-0.0986834484847031,0.315412543441325,1
sh2.21,3,214840195,271,-0.612717897492472,0.504872091403897,1
sh2.2,3,214843092,271,0.785943908438204,0.345398439120475,1
sh2.1,3,214843730,271,0.387250043290772,0.324754255466871,1
PZA00750.1,3,215844498,271,-0.0431083395066565,0.401889416519973,1
PZA01154.1,3,216028207,271,1.44135056570558,0.354725024794809,1
PHM3342.31,3,216028374,271,0.89329599478973,0.346264019505794,1
PZA02665.2,3,216624570,271,-0.326654098314924,0.28752917035866,1
PZA01233.1,3,216768571,271,0.153823912107906,0.350488438228272,1
PZA02514.1,3,216915474,271,0.0602725274932571,0.617408517725587,1
PZB02076.3,3,217328675,271,0.364872762861899,0.791293268905606,1
PZB02076.1,3,217328892,271,-0.858989547768363,0.408130074012375,1
PZA02824.3,3,217329647,271,0.359196520182687,0.492901576370264,1
PZA02824.1,3,217329679,271,-0.343728670380351,0.387126235794398,1
PZA02668.2,3,218119861,271,-0.608921638614319,0.435546937064131,1
PZA00219.7,3,219309085,271,-0.132527686061124,0.299146031065228,1
PZA00219.6,3,219309117,271,1.14160979361716,0.319437879748085,1
PZA03360.1,3,219587062,271,0.300835417515539,0.387657804951008,1
PZA03391.1,3,219859920,271,0.501695111695,0.320660897142679,1
PHM2672.19,3,219860052,271,-0.0323905176149987,0.314737052967395,1
PZA03391.3,3,219860155,271,0.979491441656678,1.09885682004565,1
PZA00234.19,3,221730567,271,-0.23691364153046,0.355596550151098,1
PZA00234.21,3,221730615,271,-0.30213927317875,0.422348938745339,1
PZA02789.36,3,222114560,271,-0.669214330140673,0.360869528306793,1
PZA02789.31,3,222114627,271,-0.992090216095168,0.479395251573187,1
PZB00954.1,3,222262745,271,-1.61814134031187,0.546810617437356,1
PZA00572.1,3,222602120,271,-1.43741486571193,0.381130863312518,1
PZA00572.2,3,222602260,271,0.720637001201098,0.34105635041358,1
PZA00316.2,3,223513366,271,-0.398015319946309,0.311891612730791,1
PZA00316.9,3,223513444,271,-0.142888106805637,0.322300382265777,1
PZA01688.3,3,223670423,271,-0.706348069868914,0.339360581894799,1
PZA01360.3,3,223867414,271,0.163938652696683,0.418486388967908,1
PZA02182.1,3,224184375,271,-0.969819804492138,0.375538660531186,1
PZA00143.5,3,224903492,271,-1.15258977990553,0.433738699327396,1
PZA00420.1,3,226872335,271,1.65957347227293,0.32977331049013,1
PHM2423.33,3,227682147,271,-0.0468840884951567,0.303305419062895,1
PZA00088.3,3,228614270,271,1.50138017829448,0.323721251811218,1
PZB01460.1,3,229544509,271,0.461841498596038,0.358893057720781,1
PZA03013.7,4,139753,271,0.46760339683855,0.453833206320368,1
PZA03013.8,4,139810,271,-0.144363853707166,0.472399636668209,1
PZA00216.8,4,2589311,271,-1.05595346580278,0.394161371218604,1
PZA00216.2,4,2589348,271,0.080255676977122,0.344822592224753,1
PZA00136.2,4,2637306,271,-0.861878111058696,0.381232725367643,1
PZA00136.1,4,2637441,271,1.04019939961647,0.305982957257222,1
PZA03109.3,4,2638771,271,-0.174385640629169,0.808971047487506,1
PZA03109.2,4,2638925,271,0.684588672933309,0.527983725707238,1
PZA03109.1,4,2639015,271,0.065238026840955,0.354741584825861,1
PZA03106.1,4,2846701,271,0.421970243062229,0.328133074436137,1
PZA03107.1,4,2851075,271,0.307544822484835,0.374880657471863,1
PZA00700.1,4,2852707,271,0.511710419832405,0.311022388833749,1
PZA00700.3,4,2852810,271,0.858956389399263,0.361198515311169,1
PHM2438.28,4,3548007,271,0.423686708039689,0.297962442712765,1
PZA03227.1,4,3895352,271,-1.71705952548948,0.319161952693864,1
PZA03227.2,4,3895510,271,0.988905403244995,0.518498984025917,1
PZA00371.5,4,4867968,271,0.0156773595612285,0.327226740450848,1
PZB02080.2,4,4980478,271,0.361073624774273,0.987922175528517,1
PZB02080.1,4,4980568,271,-0.243132723675292,0.391303474935595,1
PZA00436.7,4,6401332,271,-0.213850609256222,0.320715679716553,1
PZA00683.1,4,6612098,271,1.3978767679043,0.326089761767953,1
PZA00683.2,4,6612185,271,1.19306135518738,0.383382452368112,1
PZA02358.1,4,11329241,271,1.60050426099609,0.301034297877454,1
PZA02138.1,4,11856246,271,0.764710962010309,0.311027124715083,1
PZA01122.1,4,12618115,271,-1.27623483561923,0.464168981429157,1
PZA00078.4,4,18502089,271,-0.646858893324382,0.323649083523491,1
PZA00078.2,4,18502179,271,1.58943788221531,0.334790614650351,1
PZA00139.4,4,20064925,271,0.349825303858089,0.323478946818875,1
PZA00139.14,4,20065054,271,-0.615703822411957,0.682064188620896,1
PZA01422.3,4,24475394,271,-0.284088979546993,0.371567532217616,1
PZA00644.11,4,25192009,271,-1.75384276979885,0.53426704146805,1
PZA00488.1,4,28192994,NA,NA,NA,1
PZB01619.2,4,29030873,271,-0.583785199522755,0.324413113214716,1
PZA02457.1,4,29031200,271,-0.106592428200575,0.335077944404541,1
PZA03643.2,4,29209179,271,1.10032264643594,0.529670715250682,1
PZA03643.1,4,29209351,271,1.06792040795828,0.442222173241507,1
PZA03693.1,4,29209539,271,2.61099331513908,0.765639476661075,0.988330448343991
PZA03043.8,4,32099560,271,0.364941809132625,0.335263922685452,1
PZA03043.14,4,32099732,271,-0.582468686557137,0.336304685713097,1
PZA02705.1,4,33860915,271,1.37247915422744,0.460725817304081,1
PHM15427.11,4,33862684,271,0.604716123589277,0.315474455323403,1
PHM13623.14,4,35051574,271,-0.897767048775103,0.462505902754514,1
PZA01106.3,4,35051622,271,-1.7882226108891,0.485541612214407,1
PZA01713.4,4,35384247,271,-0.353868186220257,0.357766335572627,1
PZA03247.1,4,35769506,271,-1.21350917748004,0.329622129821059,1
PZA03247.3,4,35769858,271,1.15652758712435,1.358074318782,1
PZA00125.2,4,36047409,271,-0.482538469019854,0.333243279038102,1
PZA00125.8,4,36047549,271,0.428951122208894,0.557688631789462,1
PZA03385.1,4,37067373,271,-1.73311896844749,0.351527300185895,1
PZA03385.2,4,37067501,271,0.868058576536279,0.355038842474617,1
PZA01751.2,4,37185517,271,0.0804296427233215,0.380793920762527,1
PZA02968.3,4,38941049,NA,NA,NA,1
PZA02968.4,4,38941090,271,-2.17186558703698,0.472077825439745,1
PZA00315.6,4,39975220,271,-0.374468335727623,0.403946741292424,1
PZA00315.1,4,39975317,271,1.0155593537939,0.438475195480646,1
PZA03420.1,4,41178032,271,-0.94982938376789,0.458463221496494,1
su1.3,4,41188938,271,1.07363665603323,0.660250908711972,1
su1.4,4,41189019,271,1.09772000207288,0.450928344174727,1
su1.1,4,41191526,271,-0.40066764883735,0.417228348078996,1
PZA00699.1,4,45378466,271,1.05030175716852,0.36174122068537,1
PZA00699.5,4,45378492,271,1.1178197489409,0.564614495171901,1
PZA03337.1,4,47028353,271,-0.471967349961205,0.418855377203102,1
PZA00445.18,4,49713883,NA,NA,NA,1
PZA01759.1,4,60429503,271,1.1195910599926,0.388178809785607,1
PZA00726.6,4,60767943,271,1.48123166138385,0.377675215839527,1
PZA00726.7,4,60767994,271,-1.68603405843885,0.376276795108625,1
PZA00726.10,4,60768063,271,1.74438861211061,0.372301552485242,1
PHM14055.6,4,60768111,271,1.79422427653843,0.372560850358821,1
PZB00129.1,4,63721981,NA,NA,NA,1
PHM1307.11,4,63722896,271,0.725664943001333,0.351277645461485,1
bt2.2,4,66287455,271,-0.0897229634360042,0.331155418296539,1
bt2.4,4,66288635,271,-0.176829509643483,0.582202677047428,1
bt2.7,4,66290994,271,-0.764799423018849,0.346835855729135,1
PZA03706.1,4,73077404,271,-0.0218855184232345,0.542392426946924,1
PZA03254.1,4,73176932,271,0.295929424730774,0.539534603152034,1
PZA03254.2,4,73177100,271,-0.509362284533331,0.500258284316118,1
PZA03254.3,4,73177257,271,-0.251490269048754,0.528512142090867,1
PZA03705.1,4,73178489,271,0.175578066136362,0.534422605167768,1
PZA03586.1,4,73307190,271,0.308658688911055,0.537235844901511,1
PZA03751.1,4,73307596,271,0.246522285806852,0.547181472329695,1
PZA03752.2,4,73309421,271,-0.453546483919369,0.440091096112213,1
PZA03752.1,4,73309674,271,0.346283825879105,0.412164816695959,1
PZA03753.2,4,73310537,271,-0.660033432913613,1.68067915403158,1
PZA03753.1,4,73310789,271,-0.586432120462474,0.430333951261681,1
PZA03587.2,4,73311191,271,-0.0322176258689894,0.363356461527765,1
PZA03753.3,4,73311260,271,0.594670996180931,0.5442482410402,1
PZA00548.13,4,74062781,271,-0.317196449789259,0.348921087080868,1
PZA00548.3,4,74062865,271,-0.206632094496095,0.373516845777199,1
PZA03597.1,4,74239902,271,0.321246055048492,0.3309124643415,1
PZA02938.5,4,75728833,271,1.56693400638008,0.382154811446436,1
PZA02938.3,4,75728870,271,1.05130986862767,0.386772584815872,1
PZA03270.2,4,76122802,271,-1.32466230478731,0.404690120976435,1
PZA03270.1,4,76122822,271,0.114851387189605,0.329823645308615,1
PZA03270.3,4,76122886,271,-0.289764359036993,0.324124121213716,1
PZA03270.4,4,76122917,271,-0.278664632666464,0.445183613391564,1
PZA03270.5,4,76123039,271,2.0741218575972,0.439293646459073,1
PZA00218.1,4,78946415,271,0.629207049977506,0.338594113154926,1
PZA00218.6,4,78946482,271,-0.00693807465794547,0.452250110428981,1
PZA03372.3,4,85850410,271,1.88482788607157,0.346869556885325,1
PZA03564.2,4,86797585,271,-2.42881625852094,0.77456691079532,1
PZA03564.1,4,86797748,271,0.872298196333391,0.310757970939256,1
PZA03562.1,4,86798226,271,0.147783424226804,0.447535802839886,1
PZA03562.3,4,86798403,271,-2.22517067400304,0.767992069940042,1
PZA03203.1,4,90203655,271,0.147044748744389,0.310425507683229,1
PZA03203.2,4,90203822,271,0.716633315778749,0.322615868627913,1
PZA03367.2,4,91417549,271,-0.598694578059358,0.641924748238256,1
PZA03367.1,4,91417897,271,2.31632982485303,0.460581190968229,1
PZA00104.1,4,93812507,271,-0.390322638154907,0.474354767785173,1
PZA00630.9,4,103665461,NA,NA,NA,1
PZA03231.1,4,104160525,271,1.68957708573605,0.347130289352078,1
PZA03536.1,4,107751353,271,0.845485431592089,0.294634257730734,1
PZA03536.2,4,107751403,271,0.724863504923307,0.489977845284815,1
PZA03535.3,4,107751627,271,0.602688659589617,0.444410011631497,1
PZA03535.2,4,107751727,271,0.356772842588554,0.313800050722296,1
PZA00092.5,4,113503635,271,-0.200850981847327,0.66462896062493,1
PZA00092.1,4,113503659,271,-2.12846707632737,0.373510427997495,1
PZB02053.3,4,116875640,271,1.0738858466809,1.09585690041809,1
PZB02053.1,4,116875947,271,-0.870491639829178,0.497887912810829,1
PZB02053.2,4,116876114,271,0.518522949772386,0.495453035669883,1
PZA00549.3,4,117510363,271,0.479033962323646,0.688158602105508,1
PZA03376.1,4,120655021,271,1.80614190800115,0.437010077195093,1
PZA03376.2,4,120655387,271,-2.03060661508771,0.624680922176686,1
PZB00104.3,4,122795133,271,-1.10900473213057,0.357943708998777,1
PZB00104.2,4,122795210,271,0.424023306007737,0.33666518819508,1
PZB00104.1,4,122795343,271,-0.598369211247117,0.415534742027984,1
PZB00153.1,4,122795391,271,-1.17402653341198,0.368635225021966,1
PZB00093.7,4,122795990,271,0.30588135090799,0.380167766564924,1
PZB00093.2,4,122796082,271,1.96361819167163,0.366784341102939,1
PZB00093.1,4,122796119,271,0.0896668555355956,0.336855061826533,1
PZA00662.3,4,123175449,271,-0.380871014724004,0.743763861226635,1
PZA00704.1,4,128552705,271,1.4656129385226,0.355730643180755,1
PZA00704.11,4,128552748,NA,NA,NA,1
PZA03409.1,4,128632208,271,0.38349356777883,0.311322276048249,1
PZA03409.2,4,128632484,271,-0.47572834866152,0.350983782047446,1
PZA03409.4,4,128632580,271,-1.09414199239495,1.7593335128346,1
PZA03409.3,4,128632696,271,-1.39253936548786,0.500328726456531,1
PZB01080.2,4,129825080,271,0.433953258911038,0.724180750553839,1
PZB01080.1,4,129825130,271,0.245204523183721,0.378879916038527,1
PZB01689.1,4,129831216,271,-0.25162572455701,0.324257689684787,1
PZB01689.2,4,129831266,271,-0.729539042966438,0.383943559946368,1
PZA00151.2,4,131016731,271,-1.59793424001953,0.316096953145704,1
Fea2.2,4,132734439,271,-0.0926123335629678,0.393009190310896,1
Fea2.6,4,132734608,271,0.0251139521560973,0.638462854075833,1
Fea2.3,4,132734721,271,1.4334124610841,0.392350552494913,1
Fea2.5,4,132734849,271,-0.480411876188736,0.434645146310005,1
Fea2.1,4,132735271,271,1.41785248848078,0.318240191890017,1
Fea2.4,4,132736424,271,0.0307082733315196,0.341597434965655,1
PZA02988.2,4,133757006,271,-1.34312619940097,0.712161450062288,1
PZA03288.1,4,136297005,271,-0.206840963074541,0.357117054471005,1
PZA03288.2,4,136297062,271,1.04547760543499,0.3614908175231,1
PZA00663.5,4,141267246,271,0.58755503679312,0.367875955490257,1
PZA02147.1,4,143945759,271,1.44062314495592,0.419226486685567,1
PZA03174.3,4,146943233,271,-1.65852843875059,0.421756342606382,1
PZA03152.2,4,147044761,271,-0.898515452409488,0.789603881266861,1
PZA03152.3,4,147044805,271,-1.40653807305293,0.456946421832156,1
PZA03152.1,4,147045281,271,0.180741063868706,0.399151455369017,1
PZA02982.5,4,148401074,271,1.60970065793253,0.486914208831245,1
PZA02982.6,4,148401263,271,0.439104959617733,0.341579289699632,1
PZA02982.7,4,148401277,271,-0.182430479085209,0.719769094730328,1
PZA00523.2,4,148408488,271,0.877804327680627,0.718754713198363,1
PZA03331.3,4,149531082,271,0.835750131992683,0.47929863965329,1
PZA03297.1,4,149531179,271,0.481085746481428,0.325775393147563,1
PZA03331.7,4,149531206,271,0.229863328541441,0.456850971270952,1
PZA02992.15,4,149588842,271,2.0845625385606,0.491760728085812,1
PZA02992.1,4,149589133,271,-0.417787124329542,0.321288261591963,1
PZA03311.2,4,153293139,271,-1.06606215225506,0.35773294713782,1
PZA03311.3,4,153293180,271,1.16241035951549,0.408746093075132,1
PZA03311.6,4,153293197,271,1.00544204637649,0.498867550482415,1
PZA03311.7,4,153293234,271,1.14996776411715,0.403953730920199,1
PZA03311.4,4,153293452,271,0.776067372998163,0.453728809685097,1
PZA03311.5,4,153293454,271,-1.17256020331384,0.944082624618096,1
PZA03548.1,4,153432215,NA,NA,NA,1
PZA00057.2,4,155043536,271,1.01860691193959,0.332345425648668,1
PZD00018.1,4,155219858,NA,NA,NA,1
PZB00229.1,4,156289496,271,0.750776162265315,0.701029019397306,1
PZB00092.1,4,156289818,271,0.07268370950722,0.608434175957817,1
PZB00229.2,4,156290035,271,-0.450594390564333,0.573842639238562,1
PZA01926.1,4,158126191,271,1.07655916916709,0.346666513827507,1
PZA00464.6,4,158720618,271,1.19218160043073,0.673521918223665,1
PZB01378.2,4,158720826,271,1.25541973926545,0.631395007174228,1
PZB01378.3,4,158720827,271,-0.297076242939378,0.469183982192893,1
PZB01378.5,4,158720850,271,1.0172134127486,0.570228280759007,1
PZB01378.4,4,158720894,271,0.600817355549605,0.350557569622417,1
PZA03653.1,4,159982180,271,-0.624192810236379,0.355852794956083,1
PZA03654.1,4,159984727,271,-1.2649544048028,0.36231851327363,1
PZA03654.2,4,159984883,271,1.55963821242311,0.709837465354725,1
PZA00492.26,4,160161677,271,1.41997455530694,0.408089308690545,1
PZA00492.25,4,160161764,271,1.78979094180762,0.417126589244954,1
PZA03116.4,4,166002187,NA,NA,NA,1
PZA03116.1,4,166002318,271,0.700501271751612,0.325689735805781,1
PZA03116.2,4,166002477,271,-0.559714622139125,0.351414073167213,1
PZA00453.2,4,166281189,271,-0.299388951473465,0.307719164176712,1
PZA00453.7,4,166281276,271,-1.64057041293144,0.468506018365561,1
PZA03379.1,4,167650111,271,1.52610683252721,1.30389724508795,1
PZA03379.2,4,167650309,271,-0.21575310636873,1.15898367478737,1
PZA01289.1,4,169608659,271,-0.965149395014359,0.301586205830995,1
PZA03308.3,4,170217116,271,0.875482280921291,0.424179815652184,1
PZA03308.2,4,170217259,271,0.466478333581651,1.08913480614204,1
PZA03406.1,4,170217581,271,-0.824981099148608,0.693310497123759,1
PZA00271.1,4,171613440,271,1.50936109558128,0.554871901982081,1
PZA01477.3,4,172301064,271,0.363283937777435,0.288507421115756,1
PZA03314.1,4,172385940,NA,NA,NA,1
PZA02819.22,4,172692049,271,0.599801390097664,0.304389887560371,1
PZA02819.35,4,172692287,271,-0.0850076485560409,0.339980378093569,1
PZA02825.4,4,173687725,271,-0.09948013261541,0.319393915576684,1
PZA03275.4,4,174427991,271,-1.26470846618465,0.312309084606721,1
PZA03275.3,4,174428015,271,-0.438249090012798,0.475546534158159,1
PZA03275.1,4,174428225,271,0.348911754372929,0.298141690614597,1
PZA01187.1,4,177666738,271,-0.974795387155975,0.329383470632999,1
PZB02464.2,4,177670560,NA,NA,NA,1
PZD00030.9,4,177975134,271,0.369821987426673,0.535113615528676,1
PZD00030.11,4,177975918,NA,NA,NA,1
PZD00030.2,4,177976082,271,-0.514519399903776,0.362071566029493,1
PZD00030.10,4,177976308,NA,NA,NA,1
PZD00030.8,4,177976360,271,1.6508653612161,0.546073904484013,1
PZD00029.3,4,177980567,NA,NA,NA,1
PZD00029.4,4,177980783,271,-2.01237333219984,1.24026097274886,1
PZB00282.2,4,178735388,271,0.736876473308885,0.360192425228336,1
PHM3637.14,4,179758341,271,-0.584406869074026,0.30847658484053,1
PZA02194.1,4,180309373,271,0.470951322168519,0.40403455770137,1
PZA02289.2,4,180316143,271,0.517091585858024,0.338646353273969,1
PZB01090.1,4,181809360,NA,NA,NA,1
PZA03445.1,4,182713785,271,-0.292865408969321,0.361852954855053,1
PZA01954.1,4,184373943,271,0.822127168046745,0.397901864351057,1
PZA03263.2,4,184717014,271,0.599780097340161,0.357491879599829,1
PZA03263.1,4,184717135,271,0.609363657363785,0.340933515646303,1
PZA03158.3,4,184717455,271,-1.55617982791268,0.342826383863909,1
PZA03158.1,4,184717653,271,0.511685501266675,0.302609614050261,1
PZA02949.25,4,185103244,NA,NA,NA,1
PZA02949.22,4,185103471,271,0.599340754510105,0.480129752574616,1
PZA00941.2,4,185562016,271,-1.42869192675009,0.291547299111376,1
PZA00344.10,4,193202013,271,-0.775444591506884,0.434420430310025,1
PZB01461.3,4,194092746,271,0.420685131055917,0.433002772742365,1
PZB01461.2,4,194092806,271,0.711165565261702,0.313394624932564,1
PZB01461.1,4,194092995,271,0.0418084950959827,0.350308164937694,1
PZB01461.4,4,194093117,NA,NA,NA,1
PZA00332.3,4,194749230,271,0.954093746506529,0.358725304228598,1
PZA00332.5,4,194749287,271,-1.02803247430849,0.362387651504745,1
PZA00193.1,4,197964404,271,-0.158756995457364,0.336797300938168,1
PZA00193.2,4,197964459,271,-0.0084079396391332,0.329572973366203,1
PZA03575.3,4,201131313,271,1.23629301534249,0.328412631441819,1
PZA03575.2,4,201131577,271,-0.513586507217917,0.374693184454372,1
PZA03575.4,4,201131730,271,0.489303153822533,0.683424706200607,1
PZA01790.1,4,202245921,271,0.426654047268181,0.472952470695058,1
PZA03205.1,4,202883367,271,-0.593088637929527,0.576577455101997,1
PZA03205.3,4,202883397,271,1.05301442821607,0.305344773017198,1
PZA03534.3,4,204059060,271,3.27673857292398,0.761031088539795,0.734296449644183
PZA03534.1,4,204059180,271,3.33293405596694,0.684226006797626,0.734296449644183
PZA03533.1,4,204059957,271,-1.49923650457472,0.606097398170664,1
PZA01566.1,4,204764426,271,1.21554051441422,0.375265883141181,1
PZA02421.1,4,205427981,271,-0.239100299674935,0.339502039457185,1
PZA00633.8,4,206492925,271,0.730827940877448,0.88570790994892,1
PZA00633.4,4,206493021,271,-1.98486494012097,0.316304631299399,1
PZA02779.1,4,207114208,271,1.44027301891118,0.327545438508657,1
PZA03719.2,4,210235075,271,-0.940327867784457,0.34797306609421,1
PZA03719.1,4,210235180,271,-0.462142104179044,0.333199004478847,1
PZA03720.1,4,210235726,271,0.0745034170161779,0.418667574738735,1
PZA03720.2,4,210235939,271,0.0453928114538139,0.383179895993562,1
PZA03721.1,4,210236675,271,1.60077226871787,0.313090690645355,1
PZA03124.1,4,212497348,271,1.15804597376547,0.563749627717746,1
PZA01332.2,4,212893509,271,0.431882340853692,0.32649013883418,1
PZA03081.9,4,215393158,271,1.30021637140089,0.348948127024742,1
PZA03081.6,4,215393255,NA,NA,NA,1
PZA03081.1,4,215393350,271,0.680941785905403,0.331546810385942,1
PZB01021.5,4,216310255,271,-0.705313623787748,0.375451439957902,1
PZB01021.4,4,216310366,271,-1.24676512071484,0.643229865155995,1
PZA03271.1,4,216812238,271,0.581419015050424,0.324073545037235,1
PZA03271.2,4,216812289,271,-0.104469870769391,0.367556004915549,1
PZA03725.2,4,217610295,271,-1.5632626711112,0.610256120549634,1
PZA03725.1,4,217610450,271,-1.37228687118066,0.751153604990803,1
PZA02479.1,4,218367682,271,-0.00323837402471249,0.31579788576632,1
PZA02865.11,4,220857872,271,-0.184859586089238,0.350620745323094,1
PZA00155.1,4,220885121,271,1.62812947160794,0.495057052783661,1
PZA03150.3,4,222233027,271,-0.315796246907437,0.330153641458369,1
PZA03150.4,4,222233032,271,0.319837518246218,0.372831258521798,1
PZA03155.1,4,222233078,271,1.2216273896979,0.332924167915558,1
PZA03155.3,4,222233297,271,0.598499699555682,0.335047962949002,1
PZB00878.2,4,222331942,271,1.09849630989665,0.412972263165953,1
PZB00878.3,4,222331993,271,-0.710027727675844,0.834427408776313,1
PZB00878.1,4,222332058,271,1.47914337198144,0.483965141278011,1
PZB00724.1,4,222332554,271,-0.368402547827974,0.329178917276615,1
PZB01022.3,4,225206525,271,0.00259079983937981,0.319861507251401,1
PZB01022.4,4,225206666,271,-0.00125482358293285,0.350760002381995,1
PZA00878.2,4,226223649,271,0.0429827331429784,0.342731839166264,1
PZA00636.7,4,226884613,271,1.45124769675394,0.380088034688415,1
PZA00399.10,4,229644826,271,-0.273145154545239,0.288777566294865,1
PZA00521.3,4,234783765,271,0.847437283635249,0.310597208001895,1
PZA00694.6,4,235779015,271,-0.611890318884425,0.3353464559663,1
PZA03755.2,4,236401862,271,0.378391635182757,0.358405948475852,1
PZA03755.3,4,236402260,271,0.320264957576114,0.336933158250198,1
PZA03754.2,4,236403295,271,0.935064892569907,1.54031431074788,1
PZA00209.4,4,236488577,271,1.56930720867268,0.369921991910051,1
PZA00209.8,4,236488723,271,0.822721484540797,0.323187419307561,1
PZA02155.1,4,237336600,271,-0.613815630900839,0.365064882042492,1
PZA00513.1,4,238553534,271,-0.190152629236788,0.392896626366947,1
PHM5599.20,4,239237605,271,-0.991253574874984,0.306849651296337,1
PHM5665.26,4,240769341,271,-0.165619777091867,0.333210392293823,1
PHM2100.21,4,241723131,271,-1.62947508365735,0.528668787536941,1
PZA03322.1,4,242019413,271,1.15944236530217,0.32332678975104,1
PZA03322.5,4,242019440,271,-1.33704173638312,0.33294109180644,1
PZA03322.4,4,242019500,271,-0.150425182068993,0.503900464904756,1
PZA03322.3,4,242019759,271,-1.08848190682211,0.39508529241967,1
PZA00005.2,4,243003422,271,-0.965060724951159,0.329230807158859,1
PZA00005.5,4,243003527,271,-0.872443016501257,0.322069323752036,1
PZA03017.10,4,243222842,271,-2.31859923116763,0.329554819362643,1
PZA03599.3,4,243935771,271,-0.988271505250018,0.526596576778034,1
PZA03599.2,4,243935993,271,-0.199839588835605,0.468537543176781,1
PZA03599.1,4,243936127,271,-0.385296574979924,0.481199304086869,1
PZA03598.1,4,243936876,271,-1.27964512540171,0.335269820120193,1
PZA03598.2,4,243937127,271,-0.0354726337674725,0.343921636642318,1
PZA01905.12,4,244087450,271,0.277127695368965,0.31151719092008,1
PZA02239.12,4,244721608,271,-0.176341065350785,0.34492322443855,1
PZA00682.16,4,244992633,271,-1.25317847893496,0.446497306565832,1
PZA00682.2,4,244992844,271,0.198978687568565,0.340375893795121,1
PZA00051.17,4,245051599,271,0.381502317433962,0.819040819883526,1
PZA00051.2,4,245051649,271,1.24451826181338,0.345251610027141,1
PZA00282.14,4,245123491,271,-0.537106513305308,0.375785337963784,1
PZA03762.1,4,245131700,271,-1.47531312225779,0.301670483868696,1
PZA03762.2,4,245131801,271,0.408817882942761,1.30077174639416,1
PZA01887.1,5,656148,271,-0.82028001763862,0.32528783778426,1
PZA00684.12,5,920922,271,0.648954215514837,0.349804420296212,1
PZA02894.1,5,945545,271,0.548271095673952,0.309843713015146,1
PZA00191.5,5,2123914,271,0.0890045026818939,0.321816351814927,1
PZA00191.4,5,2123961,271,-0.257014519918513,0.321751861464818,1
PZB01352.6,5,3142800,271,1.48218671842413,0.484616441175628,1
PZB01352.4,5,3142841,271,1.37860803046166,0.407401470899662,1
PZB01352.2,5,3142954,271,-0.917165230818138,0.405653580430235,1
PZA03046.4,5,3194619,271,-1.32268999023472,0.329440302223706,1
PZA03046.3,5,3194670,271,2.24306920078067,0.691429030761887,1
PZA03046.2,5,3194673,271,-1.51570567082688,0.706494362389056,1
PZA01570.1,5,3533995,271,-0.654613411958111,0.339464984984194,1
PHM13122.43,5,4190804,271,1.22786157223791,0.387669625730394,1
PZA03304.2,5,4293459,271,0.2086965490773,0.480464550294698,1
PZA03304.3,5,4293495,271,-0.625662431801212,0.381032408147015,1
PZA03304.1,5,4293537,271,-0.701565977844997,0.339440173940432,1
PZB01396.3,5,4591827,271,0.306470205803994,0.472268494221317,1
PZB01396.2,5,4592122,NA,NA,NA,1
PZA00089.3,5,5267091,271,0.30739970355629,0.285048915520175,1
PZA03186.1,5,5476347,271,1.29106729147672,0.463321277392612,1
PZA03186.2,5,5476395,271,-0.0572536020958393,0.554700613753032,1
PZA02653.12,5,5917587,271,-0.0436295747803588,0.343390099397443,1
PZA02462.1,5,6820571,271,-0.238544375479782,0.305313460142824,1
PZB00081.4,5,6960673,271,-0.191817030996869,0.360137534337232,1
PZB00081.2,5,6960836,271,-0.918816224537364,0.354297214787081,1
PZB00081.3,5,6961461,271,-0.463826965401301,0.50749063752018,1
PZB00081.5,5,6961472,271,-1.50650446447861,0.579491606368983,1
PZB00045.3,5,7082937,271,1.65215888881539,0.307346035048368,1
PZB00045.2,5,7082974,271,1.22739841207215,0.485069390322391,1
PZB00054.3,5,7086096,271,0.791712249119895,0.583849061825695,1
PZB00102.1,5,7086922,271,-0.417437904261392,0.417118910141389,1
PZB00102.2,5,7087084,271,0.0933720673963281,0.440856210306855,1
PZB02107.1,5,7087183,271,-0.936267727924647,0.424357605630037,1
PZA03584.1,5,7103451,271,-0.656609475122686,0.370113968967147,1
PZA03584.2,5,7103536,271,0.237033720669359,0.870885745059809,1
PZA02753.1,5,7216587,271,-1.94911948014796,0.297841798054394,1
PZA03303.7,5,7648691,NA,NA,NA,1
PZA03303.3,5,7648721,271,0.308070183174131,0.673132102041627,1
PZA03303.6,5,7648847,271,-0.110929046698382,0.434274074819466,1
PZB01993.2,5,7831264,271,1.00804559914818,0.3258024769846,1
PZB01993.5,5,7831417,NA,NA,NA,1
PZB01993.3,5,7831723,271,-0.022615329765095,0.395113111554812,1
PZB00094.1,5,7946002,271,1.48239992791975,0.289367641229626,1
PZA01925.1,5,8598835,271,-0.0172790379716289,0.364296070030752,1
PZA00865.1,5,9279776,271,1.64877043549077,0.328412202060411,1
PZA00281.1,5,9965510,271,-0.478245788381614,0.297248672824055,1
PZA00281.13,5,9965534,271,1.92164609434775,0.444953282377968,1
PZB00182.3,5,10055221,271,2.30763677415814,0.316729586068654,1
PZB00188.2,5,10055420,271,-0.331273682693725,0.491299141980136,1
PZB00188.1,5,10055423,271,-1.22997242320139,0.350888799568931,1
PZB00069.1,5,10058612,271,0.201428555887628,0.308179155906219,1
PZA03244.3,5,10752336,271,-0.814335067175676,1.91390064523578,1
PZA03244.5,5,10752397,271,0.403925511477403,1.72228838881903,1
PZA03244.1,5,10752476,271,-1.25946735148155,0.331202281230402,1
PZA03244.6,5,10752728,271,-0.869757675479638,0.324560571860818,1
PZA03244.2,5,10752817,NA,NA,NA,1
PZA03244.4,5,10752928,271,0.297744116058834,0.475410156041318,1
PZB00079.2,5,11737498,271,0.700480655441779,0.303425760138839,1
PZB00079.4,5,11737636,271,-0.698431978514445,0.447222926338127,1
PZB00079.3,5,11737747,271,1.08623836239972,0.34938824773774,1
PZB01479.1,5,11738957,271,0.26525396052875,1.15447490221481,1
PZA03678.1,5,11904119,271,0.0811996113404584,0.46555952514409,1
PZA03092.7,5,11992708,271,-1.82033229187889,0.301518284256233,1
PZB01642.1,5,12337501,271,-0.203881068446627,0.530401600288125,1
PZB01642.2,5,12338040,271,0.348860323235771,0.550795552016975,1
PZA00004.2,5,13542371,271,-0.65787728874649,0.366829810483845,1
PZA00112.3,5,13664532,271,-1.22462503566236,0.354125699002751,1
PZA00112.4,5,13664643,271,1.52122369377445,0.314794655120803,1
PZA00112.5,5,13664679,271,1.64317635671857,0.512803839953528,1
PZA00985.1,5,13981667,271,2.59630031182916,0.344865987078723,0.988330448343991
PZA01327.1,5,15056528,271,0.201504614958979,0.308906093585108,1
PZA01523.1,5,16208240,271,0.234224607685368,0.411228186468567,1
PZA03371.2,5,17231557,271,1.33540387362395,0.505322731504621,1
PZA03371.1,5,17231824,271,0.733138487217637,0.856707059223971,1
PZA03371.3,5,17232075,NA,NA,NA,1
PZA00247.5,5,18038315,271,-0.0906232642325032,0.410275687757313,1
PZA00517.6,5,18240488,271,-0.670805730725789,0.660265313639867,1
PZA00517.4,5,18240536,271,0.0982050754346344,0.389585149479493,1
PZB00223.1,5,19973068,271,-0.828164803420405,0.321669530002341,1
PZB00223.2,5,19973210,271,-0.624697847877323,0.387056992768834,1
PZB00223.3,5,19973330,271,-0.0364739265302928,0.778358793007842,1
PZA03226.2,5,20089671,271,-0.496297357304893,0.322861679748955,1
PZA03226.3,5,20089946,271,-0.284479871688914,0.340879340052407,1
PZA03340.1,5,20200927,271,0.845250911352632,0.329827063215589,1
PZA03340.3,5,20200987,271,0.965658900048506,0.478179275403132,1
PZA03340.2,5,20201009,271,-1.06612802333668,0.337607286648053,1
PZA02792.26,5,21770965,271,2.68402382722085,0.358564541898684,0.975598422275903
PZA02792.25,5,21771015,271,-3.04008934256774,0.357806734239756,0.734857357561887
PZA02792.18,5,21771204,271,1.31949243244327,0.506033547271613,1
PZA02792.16,5,21771297,271,2.43151845983687,0.353583241750433,1
PZA02792.9,5,21771433,271,3.33392697893494,0.357151301552717,0.734296449644183
PZA03298.1,5,21811793,271,1.52651330157272,0.31729253357998,1
PZA03298.3,5,21811854,271,0.769901638882403,0.55624452300931,1
PZB01983.2,5,23437363,271,-1.10700278600818,0.60320632251931,1
PZB01983.1,5,23437641,271,-1.23375659997797,0.497270233340139,1
PZA00329.3,5,24480823,271,2.02484455072836,0.310368933142158,1
PZA00934.2,5,30064518,271,0.534104334039762,0.299613647090301,1
PZA02113.1,5,30239292,271,-0.10377766255614,0.304795682174027,1
PZB00579.2,5,32365820,271,1.089626900343,1.649745034815,1
PZB00579.1,5,32366013,271,0.449582920981186,0.678530948416942,1
PZB00869.4,5,32366193,271,0.718465303395303,0.335306038099844,1
PZB00869.1,5,32366223,271,-0.84630786299396,0.330643043253847,1
PZB00869.2,5,32366232,271,-1.64404060927203,0.325625178003352,1
PZA01563.1,5,32599139,271,0.350843381282561,0.480705288463529,1
PZA00499.10,5,34586816,271,-0.20403968120146,0.633346215729136,1
PZA00499.3,5,34586850,271,-2.25254675270525,0.297936701791914,1
PZA00449.2,5,37511797,271,0.154273417792412,0.394412711818505,1
PZA03261.1,5,41024015,271,-0.77283726993223,0.553007590878155,1
PZA03217.1,5,41024709,271,0.133396989444283,0.316566059089206,1
PZA03217.2,5,41024758,271,-0.108611317493386,0.312237771597269,1
PZA00629.21,5,42492559,271,0.178589525068418,0.570075212756271,1
PZA00407.8,5,48828125,271,-0.343876145973782,1.03651805717705,1
PZA02207.1,5,49203492,271,-1.35663400178249,0.299681924284213,1
PZA00401.6,5,55324262,271,0.716380275007425,0.775202511519628,1
PZA00401.11,5,55324334,271,-0.910360007448334,0.332839519495218,1
PZA00805.1,5,57507670,271,-0.821915306376797,0.471290682984188,1
PHM2769.43,5,57831576,271,-0.665043152436426,0.296968636883897,1
PZA00522.2,5,57933325,271,0.067568735974626,0.357382062372376,1
PZA00522.7,5,57933514,271,-0.126094844169981,0.344707261658395,1
PZA00522.12,5,57933548,271,-0.221004208082,0.347224162886434,1
PZA00222.7,5,58576757,271,0.723672064283681,0.305734831447255,1
PZA00222.5,5,58576811,271,-0.721279888864413,0.319641229647556,1
PZB01004.2,5,58616019,271,-0.206951769631189,1.30202062557891,1
PZB01004.1,5,58616136,271,-1.29272108895252,0.400130190168031,1
PHM1870.20,5,59299993,271,-0.250661636438527,0.33636554952414,1
PZA03451.7,5,59300236,271,-0.208837923677184,0.326150392292962,1
PZA03451.5,5,59300361,271,-0.237714307376013,0.33934496659724,1
PZA03451.6,5,59300415,271,0.252039282098062,0.328792803634377,1
PZB01271.1,5,60104545,271,-0.576066992046591,0.587918513022179,1
PZA03426.1,5,60371555,271,-1.27553195530414,0.371502501374051,1
PZB01115.4,5,60964265,271,0.096719551819728,0.329991133997114,1
PZB01115.3,5,60964334,271,1.04765197691956,0.354418614384849,1
PZA00710.11,5,61491984,271,0.538043644523187,0.358814820716516,1
PZA00710.1,5,61492543,271,-1.1595788891733,0.340846896369568,1
PZA00345.27,5,61898123,NA,NA,NA,1
PZA00345.15,5,61898524,271,0.800814089399144,0.723270667436106,1
PZA00472.2,5,62415995,271,0.753560792728307,0.433056501189786,1
PZB01336.6,5,62622237,271,-0.220517374561708,0.371691498128752,1
PZB01336.3,5,62622538,271,1.45900871545325,0.336654036061712,1
PZA03411.3,5,63013302,271,0.649466786128269,0.67855767837689,1
PZA03411.2,5,63013636,NA,NA,NA,1
PZA01050.1,5,63415425,271,0.229395690119513,0.315772414265145,1
PZB00232.1,5,63417714,271,-0.694572399606064,0.318638018839171,1
PZB00232.2,5,63418190,271,0.641922458249451,0.36646496773593,1
PZB02023.1,5,63418474,271,-0.497598522119758,0.318833603513045,1
PZA03042.1,5,64413079,271,-0.40870291863516,0.33873743055067,1
PZA03042.5,5,64413280,271,0.539325684075682,0.616154957387479,1
PHM4165.14,5,65741535,271,-0.164396107509212,0.292369101815644,1
PZA00626.4,5,66131678,271,0.214502634593181,0.351555112345179,1
PZA00626.3,5,66131744,271,0.633746043528745,0.351073415585845,1
PZA00569.11,5,66901923,271,0.998402820171403,0.62929899184277,1
PZA00569.17,5,66902020,271,-0.710600398867548,0.650908662668221,1
PZA03356.2,5,66971839,NA,NA,NA,1
PZA03356.1,5,66971925,271,0.960175313645828,0.444670446688084,1
PZA03356.3,5,66972253,NA,NA,NA,1
PZA03399.2,5,67946242,271,-1.27909430971957,0.447587249563451,1
PZA03399.1,5,67946563,271,1.16996546992429,0.381556031410672,1
PZB01112.1,5,68419652,271,0.0308386052298348,0.361529187143497,1
PZB01112.2,5,68419832,271,1.00584922557868,0.400657770571761,1
PZB01112.5,5,68419948,271,-1.60693428033803,0.75215353054589,1
PZB01112.3,5,68420111,271,-0.173564467656361,0.494660992912536,1
PZA03201.2,5,68603801,271,2.30482220244466,0.307918022069388,1
PZA01349.2,5,69319346,271,-0.499677411992786,0.349996400166325,1
PZA03677.3,5,71093439,271,-0.197083182811576,0.516034730045439,1
PZA03677.4,5,71093557,271,-0.302041261982964,0.704740406542379,1
PZA03677.1,5,71093631,271,-0.277976342735229,0.379270071264391,1
PZA03677.2,5,71093680,271,1.38094704841189,0.330870540911621,1
PHM5798.39,5,71095193,271,-0.786320501795168,0.340825303689973,1
PZA01303.1,5,72408251,271,-1.38875840376839,0.350235308671594,1
PZA00261.6,5,75234294,271,-0.566288252945144,0.332587639583246,1
PZA00261.5,5,75234342,271,0.428204164962672,0.317707497988733,1
PZA03622.1,5,76512885,NA,NA,NA,1
PZA03594.1,5,76513050,271,1.22202916025435,0.287610564195885,1
PZA02818.10,5,77679469,271,0.453030448892189,0.302620496924498,1
PZA02818.6,5,77679565,271,0.230728800160461,0.309468732200859,1
PZB00147.1,5,80010733,271,1.75217207433787,0.293457032419086,1
PZA01779.1,5,81227637,271,0.579433279923961,0.341989503605138,1
PZB02425.3,5,83233487,271,-1.5351821780353,0.337419646410858,1
PZB02425.2,5,83233631,271,-0.0471579781062724,0.360628344938533,1
PZA01693.1,5,83544273,271,-0.0368982608721066,0.335626627810336,1
PZA00570.11,5,87053064,271,-2.18029772027072,0.303284764241768,1
PZA00570.19,5,87053407,271,0.954094300489538,0.740622667235776,1
PZA03049.23,5,88604674,271,-1.97702063221221,0.320363342540309,1
PZA03049.15,5,88604788,271,1.54851598844088,0.329215208010855,1
PZA03049.14,5,88604820,271,1.17694051646371,0.344211561838843,1
PZA03049.24,5,88604977,271,0.923329584526867,0.513695720130812,1
PZA00643.13,5,91096945,271,-1.34579746356382,0.335069284350538,1
PZA00643.11,5,91097032,NA,NA,NA,1
PZA03284.3,5,91651999,271,-1.46105864254401,0.397009390660177,1
PZA03284.4,5,91652139,271,1.41019315980869,0.667243868973961,1
PZB02059.1,5,92520604,271,-0.0989219522959157,0.305284593957099,1
PZB02059.3,5,92520689,271,0.301859178755085,0.445345682171479,1
PZA00547.8,5,92862112,271,0.140920611121356,0.38464237723067,1
PZA00547.6,5,92862322,271,-0.834598682990257,0.307964547454263,1
PZA00249.2,5,100227859,271,-1.72398088421796,0.324987964241491,1
PZB01632.2,5,123268218,271,-0.0395084864580415,0.320725102301065,1
PZA00031.5,5,123268237,271,0.288835147766667,0.44749319907782,1
PZB01632.1,5,123268841,271,0.930088307011655,0.456426442753426,1
PZB01632.3,5,123269020,271,1.23488692047924,0.906672694069608,1
PZA00524.2,5,132594432,271,-1.26891506203675,0.322629853503667,1
PZB00969.1,5,132772317,271,-1.737169797956,0.335728130274156,1
PZB02491.1,5,132786876,271,1.70190872216164,0.337413716880066,1
PZA00067.8,5,145121054,271,-1.22123892845054,0.328734004246478,1
PZA00067.10,5,145121179,271,-0.568465090986537,0.413533763008297,1
PZA00067.9,5,145121333,271,2.19090517713718,0.451182089742336,1
PZA02822.2,5,148711030,NA,NA,NA,1
PZB01017.1,5,158032440,271,-0.980848785732289,0.301912943879161,1
PZB01017.2,5,158032493,271,0.268754267168446,0.398972632503018,1
PZB01017.4,5,158032589,271,0.0571525711034038,0.301229154864545,1
PZB01017.3,5,158032721,271,0.657699241757094,0.317876176542185,1
PZB01017.5,5,158032820,271,0.315994355130471,0.488147007616932,1
PZA01608.1,5,158599491,271,-0.359084551411883,0.37241626987191,1
PZA00573.11,5,160173844,271,-0.689329892186183,0.852059321748697,1
PZA00573.3,5,160173922,271,-0.844012836997707,0.404620977148505,1
PZA01796.1,5,160321846,271,-1.10845514575894,0.312440490034774,1
PZA02965.13,5,163580663,271,0.360099776684413,0.449085648702825,1
PZA00595.3,5,165094873,271,-1.25770635274655,0.643540671910464,1
PZA00595.4,5,165095136,271,-0.275225222277871,0.56140723604496,1
PZA02981.2,5,166468431,271,-0.599735306848748,0.311499068363502,1
ae1.7,5,167873309,271,-0.532434097786814,0.298642258662708,1
PZB00619.1,5,167873609,271,-0.13380959694393,0.41236785787657,1
PZB01331.2,5,167874494,271,0.391149789698264,0.4565877609505,1
ae1.8,5,167884630,271,0.826576307239993,0.406912791181069,1
ae1.1,5,167889542,271,0.72943865770051,0.366092619966955,1
PZA02807.5,5,167939710,271,-0.44189549696945,0.757244181838963,1
PZA00674.3,5,168637658,271,0.514835101200461,0.338984857680677,1
PZA00674.4,5,168637782,271,-0.159325147523396,0.302088547965558,1
PZB02151.1,5,168867197,271,-0.439779365877757,0.322366446662025,1
PZB02151.2,5,168867279,271,0.269482793589584,0.495452800866662,1
PZA02641.2,5,168924730,271,-0.0237793197705377,0.368474382768341,1
PZA00470.1,5,169327292,271,-1.08076901202037,0.341264245833415,1
PZA00255.15,5,169719615,271,0.444371850416463,0.565524825188331,1
PZA00255.14,5,169719641,271,0.781189125041347,0.34517202761991,1
PZB00204.1,5,169853770,271,-1.01942135676435,0.307102337343826,1
PZB00204.2,5,169853895,271,-0.59342622283751,0.307998633084109,1
PZA02040.2,5,171389177,271,1.04877650628197,0.321790270872281,1
PZA00300.11,5,171688991,271,1.63823437458295,0.320809160339549,1
PZA03704.1,5,171869817,271,0.212249978339243,0.358795289410269,1
PZA03094.17,5,173094159,271,-0.459820532341957,0.78939669099335,1
PZA03094.9,5,173094268,271,0.695899040056152,0.304420264238874,1
PZA03094.6,5,173094351,271,-0.961062864030406,0.304038644748154,1
PZA03718.1,5,175459060,271,-0.364476236514341,0.358047469145638,1
PZA03717.1,5,175459765,271,1.03998779955248,0.358529571452645,1
PZA03716.1,5,175460472,271,1.0420145228981,0.709115169684898,1
PZA03716.2,5,175460577,271,0.93498259927822,0.700232874391289,1
PZA03714.4,5,175462637,271,0.321398505028895,0.756729412556088,1
PZA03714.3,5,175462855,271,-0.878634673903121,0.350290304295931,1
PZA03714.2,5,175462981,271,-1.3051658490663,0.314569991669855,1
PZA03714.1,5,175463023,271,-1.34614191814662,0.329946253015603,1
PZD00056.3,5,176459414,271,1.26166300693268,0.380110174289102,1
PZD00056.4,5,176459531,271,-1.53769889483836,0.321171776084538,1
PZD00056.1,5,176459677,271,-1.81816677733182,0.418481876759055,1
PZD00056.2,5,176459761,271,-0.865742131179564,0.370557096333623,1
PZD00056.5,5,176459946,271,0.425271458006015,0.714506643035199,1
PZB00213.4,5,176901695,271,0.586230084574005,0.50728188007946,1
PZA02633.4,5,179953106,271,-1.1702900451551,0.295259182514357,1
PZA02408.2,5,180413515,271,-0.504105506928517,0.320606503459049,1
PZA02209.2,5,180428220,271,-0.411783749127204,0.288060588100624,1
PZA03324.1,5,181256363,271,1.20590867297919,0.343952433870534,1
PZA02834.38,5,181672656,271,1.36001646053142,0.316113035787801,1
PZA01575.1,5,182337306,271,-0.82335935458599,0.51808797009202,1
PZA00603.1,5,183706112,271,0.00661274559562045,0.309660056397374,1
PZB00136.2,5,184587393,271,0.291057007835865,0.480547087663881,1
PZB02033.2,5,184588852,271,-0.510480079759641,0.391322702682304,1
PZB02033.1,5,184588958,271,-0.726924985758725,0.314804406079241,1
PZA03161.1,5,185596985,271,1.24865937701112,0.395941350722915,1
PZA02788.12,5,187896409,271,-0.788636124153965,0.341259070439052,1
PZA03172.2,5,188293932,271,-0.476795027639299,0.591171086517947,1
PZA03172.3,5,188294198,271,-0.178047435158104,0.746647169639449,1
PZB02005.2,5,188557212,271,0.561151625751913,0.747568340683493,1
PZB02005.1,5,188557321,271,-0.752415413446514,0.299881036725747,1
PZA02383.1,5,189143556,271,0.573172347229011,0.295226495297655,1
PZA03320.1,5,190229644,271,-0.167546289185306,0.338173234338693,1
PZA03320.6,5,190229745,271,1.00392364554936,0.364468646100742,1
PZA03320.4,5,190229809,271,-1.35086863076066,0.505290016746466,1
PZA03320.3,5,190229872,271,0.0831991452885529,0.359737703868003,1
PZA03320.2,5,190229927,271,0.0621510877082129,0.356501700079818,1
PZA00352.22,5,191075724,NA,NA,NA,1
PZA02411.3,5,192326110,271,-0.545396523506745,0.389426927437046,1
PZA00715.3,5,192778685,271,0.876036477591158,0.369812015215715,1
PZA00715.1,5,192778844,271,-1.41362186419327,0.339369211226487,1
PZA03050.11,5,193208168,271,-0.665078486921399,0.300837434703029,1
PHM532.23,5,193208321,271,0.763495772952997,0.335525488096484,1
PZA03312.2,5,193296367,271,-0.468109192356593,0.375302401909462,1
PZA03312.3,5,193296378,271,1.36753956478859,0.324552710930062,1
PZA03312.1,5,193296408,271,-0.608826364428545,0.313369239556879,1
PZA03618.3,5,193521420,271,0.163119211036335,0.387643711420246,1
PZA03618.4,5,193521685,271,0.300261770437269,0.314233580554655,1
PZA03618.2,5,193521810,271,-0.0317106893883026,0.414932683869084,1
PZA03618.1,5,193521948,271,0.674609232432405,0.322362196913016,1
PZD00017.2,5,195724183,271,0.243024240420793,0.389902765878494,1
PZA00652.14,5,198380640,271,-0.586627017562959,0.448295775390797,1
PZA00652.17,5,198380653,271,1.16529571315098,0.333604514929989,1
PZA03024.7,5,198534067,271,-0.120384559650803,0.673631639671654,1
PZA03024.16,5,198534153,271,-1.00281064444045,0.2990723208414,1
PZB02283.1,5,199528414,271,0.00950796771466964,0.363580633794877,1
PZB02424.2,5,199531191,271,0.435963984827592,0.376968177679223,1
PZB02424.1,5,199531408,271,1.51476390759126,0.300131553571381,1
PZA01142.4,5,199697937,271,-0.0210426735268116,0.41783668710083,1
PZB01376.1,5,199784965,271,1.76936977249554,0.319519836830209,1
PZA03680.1,5,200752538,271,-0.381555414693124,0.319437525617386,1
PZA03683.1,5,200755109,271,-0.522589844908425,0.321927848643932,1
PZA02820.17,5,200813183,271,-1.48628669372921,0.354092601977399,1
PZA02820.16,5,200813185,271,-2.10466955639625,0.361920216771691,1
PZA02820.7,5,200813276,271,0.047282739991662,0.394903551051713,1
PZA02820.6,5,200813312,271,-0.1027417072345,0.429760926650979,1
PZA01265.1,5,201139510,271,0.0180597102379635,0.339250624892006,1
PZB00765.1,5,202174585,271,1.08073815611779,0.326991935949207,1
PZA02060.1,5,202342720,271,-0.937006215961238,0.330571271314365,1
PZA02667.1,5,202777978,271,0.116208723080536,0.824012040607599,1
PZA00395.2,5,202847197,271,-0.200186002823161,0.343107462152523,1
PZA00395.1,5,202847226,271,0.439476673834074,0.339363758382993,1
PZA03353.1,5,203211587,271,0.514982441411457,0.663952573191835,1
PZA00980.1,5,203778506,271,2.98630892063791,0.311520999293037,0.734857357561887
PZB00023.1,5,204103838,271,-0.0660701608064221,0.371155097576989,1
PZA02068.1,5,204198466,271,1.35391203148441,0.318841723093411,1
PZB02189.5,5,204516414,271,0.750012365541512,0.348364845602034,1
PZB02189.4,5,204516488,271,-0.557829755807561,1.71369693921643,1
PZB02189.3,5,204516565,NA,NA,NA,1
PZB02189.1,5,204516691,271,-1.05284019549006,0.349272475732798,1
PZB02189.6,5,204517020,271,1.23251858144984,0.343944012822895,1
PZB01987.1,5,205076873,271,1.23182303219861,0.462085303213836,1
PZB00686.1,5,205811176,271,-0.389983960296463,0.380763918957728,1
PZB00686.2,5,205811393,271,1.35345860078433,0.42974163067396,1
PZB02420.1,5,205811670,271,2.66257767612843,0.707753987974012,0.975598422275903
PZA00545.4,5,206664777,271,-0.439412586420017,0.325294548624994,1
PZA00545.21,5,206665028,271,-0.81418492177943,0.596077808705953,1
PZA03167.2,5,207603095,271,0.53294495453788,0.310967380737687,1
PZA03167.3,5,207603154,271,0.0487180593357644,0.333633911334673,1
PZA03167.5,5,207603495,271,-1.77725504465578,0.312874109285743,1
PZA00167.7,5,207870558,271,-0.530376574690087,0.311431817472473,1
PZA01259.1,5,207926607,271,-0.424361647220986,0.33363622985251,1
PZD00041.2,5,208729875,271,-1.4175118806184,0.928489328084515,1
PZD00041.1,5,208730143,271,-0.463135098755086,0.776176480856849,1
PZA01680.3,5,208901002,271,-0.337749603181235,0.565332937508009,1
PZB01302.1,5,209098791,271,-1.60662688995869,0.809690722686007,1
PZA00448.5,5,209498142,271,-0.802195301912272,0.431135140770398,1
PZA00448.6,5,209498196,271,-0.410989507815375,0.347974968870665,1
PZA00500.5,5,210743837,271,-0.701810398642469,0.351584561446553,1
PZA00500.3,5,210743871,NA,NA,NA,1
PZA03335.1,5,210890745,271,0.96551711210725,0.395360770508744,1
PZA03339.3,5,210890786,271,0.0793536589755994,0.494840762517172,1
PZA03335.2,5,210890886,271,1.23177564489334,0.360159963072011,1
PZA03222.4,5,211815236,271,-1.16313799048816,0.697193885877175,1
PZA03222.1,5,211815347,271,-0.117210931157863,0.306765115590137,1
PZA02390.1,5,211884165,271,1.17443464620659,0.308670715286973,1
PZA00433.3,5,213271422,271,0.193489123057276,0.346441928994507,1
PZA00433.5,5,213271532,271,2.10578800676356,0.318485555722614,1
PZA02817.3,5,214237451,271,-0.60902186713184,0.321999595463217,1
PZA02817.15,5,214237678,271,1.01371309368814,0.321891759852119,1
PZA00069.4,5,214424975,271,-1.17425898442184,0.412136017351752,1
PZA00069.2,5,214425081,271,0.128855568234506,0.295286551827463,1
PZA00408.7,5,214442805,271,-1.29336283829538,0.423170490404809,1
PZA03307.1,5,214935596,271,1.51247641351927,0.573119075988652,1
PZA02480.1,5,214953055,271,-0.954513162830034,0.402074191777669,1
PZA02769.1,5,215505432,271,1.89014705044527,0.303553815394845,1
PZA01060.1,5,216431558,271,1.46082551689506,0.311977087170713,1
PZA00606.3,6,2379148,271,0.398498391363345,0.298271845981172,1
PZA03003.11,6,6321806,271,0.789845035897381,0.334546200275159,1
PZA03003.10,6,6321890,271,0.664350512056606,0.44101955333647,1
PZA03290.1,6,9243581,271,-0.719499062620978,0.391133769365182,1
PZA03290.2,6,9243719,271,-0.0260943833269483,0.529176416054936,1
PZA03290.3,6,9243743,271,-0.561060199471981,0.528721915974611,1
PHM15961.13,6,9561803,271,-0.184617589862944,0.297264892679282,1
PZA00503.5,6,12075777,271,0.786003695196023,0.372189392836689,1
PZA00158.2,6,14057156,271,0.50199391589444,0.312485833305369,1
PZA00233.8,6,19092580,271,2.24435479775326,0.354195721297461,1
PZA03047.20,6,20837292,271,0.990469548478451,0.461876511196565,1
PZA03047.12,6,20837504,271,0.252275947344462,0.308453382987371,1
PZA00440.15,6,22403926,271,0.181050439456701,0.35906622498606,1
PZA00440.1,6,22404308,271,-1.47658805457508,0.313452644946051,1
PZA00501.12,6,23874393,271,0.32570593616233,0.553091609405147,1
PZA03204.2,6,24265182,271,-0.52958711389338,0.339972131471273,1
PZA03204.1,6,24265211,271,0.255966360651102,0.298356505060709,1
PZA03195.2,6,24328659,271,0.505970187943766,0.343808182012605,1
PZA02948.24,6,25035106,271,0.346068468585356,0.335453917374425,1
PZA03588.2,6,25189392,271,-0.288996536203909,0.401776784955681,1
PZA03063.17,6,25335322,271,-0.336158622920872,0.676602188058811,1
PZA03063.18,6,25335362,271,0.0880436085346352,0.501324116688504,1
PZA01509.1,6,31892075,271,-1.90445091919081,0.30420548283356,1
PZA00540.3,6,32496071,271,-0.112089304670873,0.308538841079954,1
PZA00462.2,6,36605422,271,-0.824013607340812,0.312764450584201,1
PZA00489.1,6,51443123,NA,NA,NA,1
PZA02836.17,6,57633518,271,0.766017295933618,0.307388507552383,1
PZA03120.1,6,57774238,271,0.681338316753285,0.324816699044274,1
PZA03120.3,6,57774504,271,-1.4479543379532,0.372815992754481,1
PZA00582.1,6,62407399,271,-2.56474197012876,0.368623208731811,0.988330448343991
PZA00582.4,6,62407447,271,0.85536511570484,0.380912330244221,1
PZA03090.31,6,69840279,271,0.43189368440378,0.401313507234048,1
PZB00236.2,6,75187712,271,0.436103804009131,0.665549911488487,1
PZA03668.2,6,78304583,271,1.19855879915178,1.11331291506314,1
PZA03668.4,6,78304837,271,-1.73321208626459,1.01843976354901,1
PZA03668.1,6,78304925,271,1.92178843837009,0.323545992461987,1
PZA03668.3,6,78305004,271,0.251941259583558,1.34105457147112,1
PZA03667.1,6,78308523,271,1.7381326991304,0.322807721835093,1
PZA03667.2,6,78308633,271,0.442065085324306,0.847857911635102,1
PZA00355.2,6,78756245,271,-2.00463866018538,0.322191624377601,1
PZB01092.2,6,80278320,271,-0.553403326877438,0.31852232347174,1
PZB01092.10,6,80278345,271,-1.27317473722543,0.988991800813932,1
PZB01092.5,6,80278446,271,0.440344203723234,0.500928847945682,1
PZB01092.3,6,80278699,271,1.37612880929469,0.420998621901863,1
PZB01092.4,6,80278795,271,1.97906209085658,0.406882768061711,1
PZA00543.2,6,80533898,271,-0.696905958359964,0.539914099036108,1
PZA00543.4,6,80534176,271,0.183403132824234,0.497758622905492,1
PZB00645.1,6,80874917,271,0.136478125012541,0.37605509564562,1
PZB00711.3,6,80876967,271,0.242215285587283,0.560318757370964,1
PZB00711.1,6,80877074,271,1.42048447501627,0.431637941312989,1
PZB00711.2,6,80877173,271,-0.338334094389512,0.576323044777494,1
PZB01446.1,6,81339917,271,0.671554530619125,0.517208931489184,1
PZB01446.3,6,81339988,271,-0.130748072868716,0.90906393523555,1
PZB01446.2,6,81340153,NA,NA,NA,1
PZA03069.4,6,81808364,271,2.41474600797718,0.32013954290699,1
PZA03069.6,6,81808425,271,0.670255297775417,1.7630331121701,1
PZA03069.8,6,81808446,271,-0.412438705087583,0.335190448759582,1
PZA02606.1,6,82066399,271,-1.63394967082814,0.32030096814453,1
PZA03296.3,6,83064553,271,2.31018975300309,0.628077879668589,1
PZA03296.1,6,83064586,271,0.833562043271892,0.339293946626012,1
PZA03296.8,6,83064592,271,1.07701529570003,0.568968403412861,1
PZA03296.7,6,83064683,271,0.53716408264534,0.313762014475827,1
PZA03296.2,6,83064740,271,0.30080809532025,0.410637673600704,1
PZA03296.5,6,83064850,271,0.638231251435823,0.576945284302087,1
PZD00072.2,6,83625470,271,-1.00496217776671,0.299724976830511,1
PZA03413.1,6,83998944,NA,NA,NA,1
PZA00387.1,6,84289867,271,-0.0949879912113765,0.302740582249054,1
PZB01009.4,6,84664768,271,-0.828854647010398,0.394700381093092,1
PZB01009.1,6,84664843,271,-0.542226766505767,0.309147828123187,1
PZB01009.5,6,84664867,271,1.30767518172187,0.761515902426189,1
PZB01009.2,6,84665035,271,0.468138932999412,0.419209402152091,1
PZA00022.2,6,84752003,271,-1.92951288898085,0.309885068765217,1
PZA00006.13,6,85125129,271,-1.11956465821874,0.366781293548345,1
PZA00006.9,6,85125362,271,0.452303398796954,0.46694493077202,1
PZA03522.1,6,87790780,271,0.661848796703876,0.313531889074754,1
PZA03522.2,6,87791252,271,0.340939568177632,0.482672930947664,1
PZA03523.2,6,87791607,271,-0.453954975773072,0.350547352589078,1
PZA03523.1,6,87791839,271,0.968454068489767,0.328081184433704,1
PZA03732.1,6,89098725,271,0.194011036629257,0.333531761500012,1
PZA03732.2,6,89098939,271,-0.102807074362801,0.39016209339774,1
PZA03732.3,6,89099054,271,0.199882118994664,0.499210227003479,1
PZA03213.1,6,89828654,271,0.749948854026889,0.330626042788398,1
PZA03213.2,6,89828710,271,-1.57062964263486,0.589078298361976,1
PZA00214.1,6,91704093,271,-0.209748250343006,0.304343625072231,1
PHM8909.12,6,91883155,271,-0.553992482289221,0.339691797458519,1
PZA00578.2,6,92705427,271,-1.08906580681311,0.456211184162097,1
PZA00578.1,6,92705503,271,1.20784582301357,0.522710968301045,1
PZB01881.12,6,93263489,271,0.0214712933158306,0.839165539117659,1
PZB01881.10,6,93263605,271,1.73799268203708,0.686919212299239,1
PZB01881.11,6,93263819,271,2.03653144686659,0.617763566692756,1
PZB01881.8,6,93264181,NA,NA,NA,1
PZB01881.9,6,93264332,NA,NA,NA,1
PZB01877.1,6,93266925,271,0.755258689630154,0.364520950289483,1
PZA02970.6,6,98507637,271,0.892647664015496,0.617055075892891,1
PZA02970.9,6,98507715,271,-0.392710266065652,0.454550467634891,1
PZA00942.2,6,102566000,271,-0.48534342304042,0.361334701667014,1
PZB01658.2,6,102953670,271,-0.607960753333535,0.324138246678888,1
PZA03461.1,6,107548070,271,0.323530740961418,0.406562470529858,1
PZA00187.2,6,107666299,271,-0.179468927160199,0.298426912171521,1
PZA00187.8,6,107666382,271,2.03137609161886,0.811636294959236,1
PZB00857.1,6,113382498,271,0.542271768007667,0.3322924680403,1
PZB00857.2,6,113382607,271,0.339324900111456,0.375666418417317,1
PZB00565.2,6,113384656,271,-0.699570496040926,0.375799111668918,1
PZB00555.3,6,113384662,271,0.790118561360425,0.92041809974845,1
PZB00555.2,6,113384758,271,-0.38981569125442,0.412061315921733,1
PZB00565.5,6,113385082,271,-0.139476661506416,0.623191887182207,1
PZB00563.4,6,113385214,271,-2.11413833561038,0.596916921904593,1
PZB00563.1,6,113385259,271,-0.5484799618855,0.318586974434584,1
PZB00562.1,6,113385418,271,-1.16056826060999,0.397736627418081,1
PZA00182.4,6,113705211,271,-1.48869275924107,0.326352884997761,1
PZA00182.3,6,113705266,271,-1.43438759244365,0.33084652658766,1
PZA01029.1,6,114031392,271,0.795177982796431,0.322501389025096,1
PZA03041.8,6,115280978,271,-1.67912586144835,0.3188647939475,1
PZA03219.2,6,118089114,271,-0.542678930043418,0.408834895017162,1
PZA03219.3,6,118089131,271,-0.270193055062034,0.362596898883164,1
PZA01736.1,6,118221553,271,-0.255506875954425,0.482862956946345,1
PZA00382.17,6,118741714,271,-0.904407920768047,0.447332347334281,1
PZA00382.22,6,118741880,271,-1.86391179873347,0.446034354361791,1
PZA01055.1,6,120059553,271,1.76249072996803,0.422434994626434,1
lac1.3,6,120230802,271,0.0664138917903607,0.315240069879745,1
PZA00571.2,6,120679865,271,-0.683260507902707,0.327237744961719,1
PZA00571.1,6,120679943,271,-0.546358914563887,0.378483595303573,1
PZA00003.5,6,121839487,271,-0.166271028651765,0.362260559251672,1
PZA00003.11,6,121839592,271,0.472266548173882,0.370082527790677,1
PZA00041.3,6,122849505,271,-0.20970804078682,0.319747753840903,1
PZA01729.1,6,123998706,271,1.38632475576919,0.474518030428358,1
PZA00536.2,6,124027590,271,0.53963454908953,0.300573685221085,1
PZA00473.5,6,124407006,271,-0.502471944256172,0.302183771202288,1
PZA00473.9,6,124407201,271,-2.14205908034347,0.583381086491163,1
PZA01591.1,6,125113941,271,-0.232991786838916,0.350976582913755,1
PZA01618.2,6,129927781,271,0.156354560816764,0.307039105106994,1
PZB00416.6,6,131405776,271,-0.988070957713505,0.860325810341415,1
PZA00510.3,6,131576037,271,0.960729468638006,0.382125676418338,1
PZA00510.2,6,131576099,271,1.54250392848972,0.385854940328182,1
PZD00011.4,6,132084516,271,1.75090468430255,0.485506198626511,1
PZD00011.5,6,132084649,271,-0.144626184454847,0.32858260817212,1
PZD00011.1,6,132084997,271,0.0200778296507211,0.323223649304703,1
PZA01884.1,6,132316837,271,-0.922661227386897,0.305008972284678,1
PZA00250.1,6,133090099,271,0.174183493261298,0.361155183577651,1
PZA00357.19,6,134646802,271,0.742760885458061,0.356734161031304,1
PZA02262.3,6,135105656,271,0.887304365973645,0.364161928203617,1
PZA03750.2,6,137325576,271,-1.67173969565636,0.313010991388152,1
PZA03555.1,6,137325669,271,-0.861443967575057,0.376673483265469,1
PZA03550.2,6,137326008,271,-0.110625149922104,1.05435952145348,1
PZA03550.1,6,137326250,271,-0.434844772048609,0.677383404937319,1
PZA01072.1,6,137479485,271,0.88532675176794,0.352314061523685,1
PZA02187.2,6,139105889,271,0.591583960086873,0.587401927108106,1
PZA02187.1,6,139106115,271,1.52227847203142,0.297392432897899,1
PZA03068.13,6,140541669,271,-0.364804590595293,1.19716974200278,1
PZA03068.11,6,140541768,271,-0.88571599457118,0.988124475613054,1
PZA03546.1,6,140894135,271,0.855109383415286,0.322565709018094,1
PZA00439.6,6,141805491,271,-0.603297055353059,0.417027494132778,1
PZA02673.1,6,142648706,271,-1.37176291586119,0.311008644302028,1
PZB00942.1,6,144744222,271,-0.638107847641991,0.341655628313259,1
PZB01308.1,6,144744486,271,-0.258859130169425,0.402907907644706,1
PZB01308.3,6,144744591,271,0.470531682032572,0.406749738051172,1
PZA03102.9,6,145827559,271,-0.603172926999988,0.338023543593504,1
PZA03102.2,6,145827685,271,-1.23408082323919,0.471488957012944,1
PZB02514.1,6,146163830,271,-1.29725283555584,0.325700775183141,1
PZB02514.2,6,146163940,271,-1.20071604504174,0.318652982356824,1
PZB02514.3,6,146164106,271,0.585798236164456,0.384512870521466,1
PZB01549.1,6,146285427,271,1.50808483332071,0.780682604297265,1
PZA02811.4,6,146286168,271,2.25811860072615,0.435380730500094,1
PZA02811.5,6,146286305,271,0.679111411846532,0.328968812224363,1
PZA02247.1,6,146544292,271,0.377387731331442,0.30057931450389,1
PZA03745.1,6,147142571,271,-0.842002707901548,0.295657105415838,1
PZA00721.4,6,147302259,271,0.418578012158374,0.421622162434821,1
PZA00721.5,6,147302331,271,0.344522531149739,0.429826272023846,1
PZA01144.1,6,147820659,271,-0.00366469736992602,0.392573949327593,1
PZA01342.2,6,148798630,271,0.18259085908996,0.394244906953746,1
PZA02436.1,6,149251173,271,-0.286550052370956,0.363774176923321,1
PZA00443.4,6,149644390,271,-0.256343019150201,0.979197393655189,1
PZA02472.2,6,149648334,271,1.24904695347412,0.760649915821275,1
PZA00241.6,6,150470602,271,0.0465959004447102,0.438776665850965,1
PZA02830.8,6,151958886,271,-0.508415636924475,0.369953225545745,1
PZA02958.17,6,151993489,271,-1.75964795419263,0.316003891726403,1
PZA03318.1,6,153498534,271,0.715621066072664,0.4250348484181,1
PZA01672.1,6,154495634,271,-0.636419778181895,0.312749275353689,1
PZA03646.1,6,155618820,271,-0.72721382125056,0.304991263174431,1
PZA03646.2,6,155619139,271,0.411467860473724,0.439246829044347,1
PZA03027.12,6,156645239,271,-1.10804593697447,0.358636695980162,1
PZA03027.23,6,156645387,271,0.875954567786447,0.448788213770896,1
PZA03027.25,6,156645441,271,1.37145623398668,0.385099318383532,1
PZA00223.2,6,156740198,271,-0.0118581971322352,0.31330805738704,1
PZA00223.4,6,156740239,271,-0.168195550578038,0.317816166006791,1
PZA00042.5,6,157129197,271,-1.60994236280358,0.36215530949888,1
PZA00042.2,6,157129313,271,0.976895926082901,0.355489554608582,1
PHM4748.16,6,158540019,271,0.956333288043316,0.357592189463363,1
PZA03348.3,6,159808180,271,-0.856370969884986,0.478270659963308,1
PZA03348.1,6,159808188,271,1.24904050442364,0.412905201213966,1
PZA00124.2,6,159890587,271,2.05608106825295,0.310503948026772,1
PZA00124.3,6,159890611,271,-1.27049445844824,0.30498516986482,1
PZB01569.10,6,160748446,271,1.71085447115504,0.304208317298769,1
PZB01569.8,6,160748709,271,0.276396111662092,0.312254883903419,1
PZB01569.7,6,160749024,271,1.16207892863678,0.434295724175862,1
PZB01569.11,6,160749026,271,-0.230038924924834,0.453703134929931,1
PZB01569.9,6,160749106,271,-0.194000838556512,0.376088787724998,1
PZA00266.5,6,161570166,271,1.00304566331219,0.359244614730578,1
PZA01468.1,6,161663671,271,-0.109521324464316,0.307729195368492,1
PZB01388.1,6,161663864,271,-0.844057091433687,0.301190886290623,1
PZA03151.1,6,162212191,271,-1.04944315391856,0.299769151272651,1
PZA03151.2,6,162212222,271,0.439700214777844,0.414889253662812,1
PHM7922.8,6,163120296,271,0.504751067476882,0.345336781600233,1
PZA00821.1,6,163933232,271,0.580365587236695,0.428661228336894,1
PZB01222.1,6,164419435,271,1.52122362326294,0.314084852113147,1
PZA00198.39,6,164470369,271,-1.12299628999148,0.41688963856518,1
PZA03449.4,6,164631981,271,0.0507781529559181,0.493054247055374,1
PZA03449.3,6,164632333,271,0.834468569096791,0.330647568173739,1
PZA02141.1,6,164999362,271,-0.527724674956492,0.450783276200527,1
PZA03089.12,6,165724924,271,0.970999268188832,0.307434785182445,1
PZA00910.1,6,166688213,271,-1.55289178740621,0.327242534747716,1
PHM4468.13,6,167527305,271,0.0764120253872413,0.301450159104757,1
PZA02815.25,6,167883450,271,-0.329169211821457,0.478110557907728,1
PZA01426.1,7,729478,271,2.15690902584338,0.489433384053361,1
PZB00140.1,7,2081333,271,-0.259146646604714,0.327305769452551,1
PZD00057.2,7,2091465,271,-0.611759179516655,0.288963821574784,1
PZD00057.1,7,2091822,271,1.44375294651879,0.335850114968382,1
PZD00057.4,7,2092048,271,0.709351120851604,0.373504483191484,1
PZD00057.3,7,2092320,271,-0.591371039874901,0.342967558774805,1
PZA02035.5,7,2585198,271,0.863221775528708,0.505227029513678,1
PZA00188.1,7,2998280,271,-1.52728624081161,0.367199548692563,1
PZB01960.1,7,3671338,271,-0.295029569404708,0.543165974213683,1
PZB01482.2,7,3671378,271,0.433948552804953,0.537818457879781,1
PZB01482.3,7,3671468,271,0.0683617935955409,0.503843214340612,1
PZB01482.1,7,3671683,271,-0.292889604997865,0.370397195733337,1
PZB01083.4,7,4242242,271,0.54709856758371,0.342107561304744,1
PZB01083.3,7,4242439,271,1.0499655469582,0.337621342327345,1
PZB01083.2,7,4242495,271,0.0731273724846146,0.495520544245807,1
PZA02983.38,7,4244157,271,-1.1577571813292,0.410560891427144,1
PHM9241.13,7,5101361,271,0.0938258019737367,0.305165104050673,1
PZA01909.1,7,6437899,271,0.465793461509313,0.340441161858659,1
PZA03757.1,7,7166948,271,0.130428159821642,0.479737862214938,1
PZB02215.7,7,9142730,271,-0.709145262372546,0.523271436619616,1
PZB02215.10,7,9142868,271,-0.181984166230915,0.945427691259956,1
PZB02215.6,7,9142934,NA,NA,NA,1
PZB02215.5,7,9143417,271,-1.28333107008159,0.314596292574206,1
PZB02215.3,7,9143567,271,-0.89817564860093,0.725515525870633,1
PZB02215.9,7,9143576,271,0.290001259803197,0.75979313873689,1
PZB02215.4,7,9143735,271,0.642910972711514,0.329572190853107,1
PZB02542.1,7,11031881,271,0.166919607233043,0.641355087948043,1
PZB02542.2,7,11032128,271,-0.490730998449844,0.539413486416963,1
PZB02542.3,7,11032355,271,-0.220217059368508,1.05937888028058,1
PZB01617.2,7,14349278,271,-0.596269317367062,0.321880767252688,1
PZB01612.2,7,14349513,271,0.408220126728748,0.361480487318609,1
PZB01612.3,7,14349767,271,0.872187898627489,0.34130113039163,1
PZB01612.1,7,14349857,271,0.397073741373369,0.298624888556293,1
PZA03067.17,7,14354166,271,-1.2737333334615,0.371797562813934,1
PZA03067.20,7,14354237,271,-0.632777272780978,0.33934909806857,1
PZB01228.2,7,15335337,271,-0.250931725426046,0.381875630926708,1
PZB01228.4,7,15335577,271,-1.69835236110206,0.352594062697054,1
PZB00659.3,7,17347904,271,0.617117576978231,0.76100947948399,1
PZA00256.16,7,17397465,271,1.15353643204967,0.511061546202984,1
PZA00256.21,7,17397515,271,-0.671987597831464,0.578879800078467,1
PZA03623.2,7,20237216,271,0.185690686550749,0.489474409881398,1
PZA03623.1,7,20237594,271,-0.317634105191899,0.39357594291967,1
PZA03624.1,7,20238391,271,1.48520653518648,0.326638370172992,1
PZA03624.2,7,20238502,271,-0.543414887536792,0.328376539650783,1
PZA03624.3,7,20238609,271,-0.601980854052845,1.92063228751926,1
PZA03625.1,7,20238808,271,-0.644123275299373,0.383176945476757,1
PZA03626.2,7,20239901,271,0.1644204348575,0.478842982912548,1
PZA03626.1,7,20239975,271,-0.179045893524352,0.353833506735364,1
PHM4080.15,7,20240404,271,0.17238972328964,0.361308161471707,1
PZA00534.2,7,21624035,271,0.146056343795582,0.311782077369575,1
PZA00534.8,7,21624080,NA,NA,NA,1
PZA03344.1,7,22002530,271,0.0578187628654775,0.309858486605768,1
PZA03344.4,7,22002548,271,-0.745217964234906,0.366003968510879,1
PZA03344.2,7,22002659,271,0.991638120657252,0.29923150718262,1
PZA03344.3,7,22002684,271,-1.07714264912328,0.351505561319136,1
PHM15501.9,7,32876504,271,-0.27848111272489,0.349703191616445,1
PZA00132.3,7,33979012,271,0.786973984235599,0.330171673848625,1
PZA00132.17,7,33979080,271,0.809619670948492,0.390262714112147,1
PZA03687.1,7,40409236,271,1.10375720424079,0.346811954003113,1
PZA03565.2,7,43623648,271,-1.41697016534649,0.600791294292994,1
PZA00084.2,7,43948264,271,1.76112249071138,0.348162501092461,1
PZA00084.3,7,43948320,271,2.15014719535947,0.350552259477481,1
PZA03341.2,7,44684805,271,0.385518595250754,0.622683778342004,1
PZA03341.3,7,44684895,271,1.20729743987856,0.331608224757037,1
PZA03723.1,7,47324932,271,0.688398816788482,0.309284064944954,1
PZA03723.4,7,47325011,271,0.259393721580657,0.880701795599214,1
PZA03723.2,7,47325096,271,1.09797851530913,0.746901044266352,1
PZA03723.5,7,47325183,271,0.192163211003608,0.797952403160185,1
PZA03723.3,7,47325292,271,0.212806996807172,0.867272467000568,1
PZA03722.1,7,47326042,271,-0.749204316923391,0.437317699319492,1
PZA01936.4,7,47568917,271,-0.164829965004455,0.421625996779698,1
PZA02612.1,7,48612205,271,-0.700401200212479,0.405645169548096,1
PZA03363.1,7,49538583,271,-0.131219297834144,0.298507128898998,1
PZA00113.1,7,51242563,271,0.0417984843533774,0.362901061897506,1
PZA01445.1,7,53160767,271,0.566787012258754,0.462940702650669,1
PZA03676.1,7,61311203,271,-1.64945507030176,0.502153986602061,1
PZA03676.4,7,61311292,271,-0.378465319224154,0.939304760327925,1
PZA03676.2,7,61311400,271,0.476933114085694,0.492650296222194,1
PZA03676.3,7,61311523,271,1.48976526694733,1.0623134023074,1
PZA03675.1,7,61312330,271,-1.51639667853368,0.445358252764311,1
PZA03675.2,7,61312392,271,-0.834423953900808,0.941993292094597,1
PZB00635.1,7,63353441,271,-0.132645072467641,0.495695200544934,1
PZB00746.1,7,63353683,NA,NA,NA,1
PZA01607.1,7,68051112,271,-0.393748577233083,0.320307003677282,1
PHM904.21,7,69232215,271,-2.14990511961614,0.338327360143529,1
PZA03386.1,7,70374926,271,-0.891857384081565,0.352362265223914,1
PZA00418.2,7,71717601,271,0.501691355298391,0.303105524243123,1
PHM12830.14,7,71717792,271,-0.289836595355945,0.340149212351317,1
PZA03645.1,7,73892322,271,-1.05880649230773,0.296536698829338,1
PZA03645.2,7,73892439,271,-0.932638887922326,0.338087526701838,1
PZA01210.2,7,75098939,271,0.777962003341703,1.03431432666226,1
PZA01210.1,7,75099046,271,-0.263665858023181,0.308187882050713,1
PHM5324.11,7,86401923,271,-0.298034471735714,0.357594266823841,1
PZA01113.1,7,93101779,271,1.82285100494812,0.298054229937677,1
PZA01933.3,7,98070498,271,0.667840621055555,0.298829082205656,1
PZB00109.1,7,100492899,271,2.56817438691586,0.308932918093984,0.988330448343991
PZB00109.2,7,100492949,271,-1.69190299801716,0.31773032670363,1
PZA03143.2,7,103263777,271,-0.451871082542874,0.345676316204081,1
PZA03143.4,7,103263781,271,-2.2762121629173,0.60798480180008,1
PZA03143.1,7,103264135,271,0.442273423414869,0.332692327182972,1
PZA03149.2,7,103353750,271,-0.918678476330431,0.313251631774102,1
PZA03149.1,7,103354135,271,-2.05978599195769,0.316076390420029,1
PZA03149.4,7,103354216,271,-1.42295939992731,0.32187648641621,1
PZB00175.2,7,104898467,271,-1.78390270988216,0.518109724346545,1
PZB00174.1,7,104898621,271,1.73819903115296,0.347222803022676,1
PZB00174.3,7,104898624,271,1.45892188469161,0.480904835371897,1
Ra1.1,7,104898767,271,-0.996461783697769,1.0038648242517,1
PZB01186.3,7,119650174,271,-1.02160568194427,0.304493721141094,1
PZB01186.2,7,119650229,271,-0.453824966379403,0.327663093488509,1
PZB01186.1,7,119650294,271,1.35792902266817,0.289822105715904,1
PZB01186.4,7,119650433,271,-0.344097007212998,1.51320510119029,1
PZB02139.1,7,122111720,271,-0.674385456908915,0.312081313974406,1
PZA00370.1,7,122373056,271,0.00381731534095772,0.321997311124228,1
PZA00370.5,7,122373149,271,0.191010553961799,0.338826758661348,1
PZA00616.7,7,122626062,271,-1.33934555417041,0.307106076402417,1
PZA00616.11,7,122626218,NA,NA,NA,1
PZA01946.7,7,123601837,271,-0.0273627531525458,0.301019246333201,1
PZA02352.1,7,124598905,271,0.507043623921664,0.355401160574787,1
PZA00211.7,7,125465928,271,-1.14278577120329,0.610102455934406,1
PZB00169.2,7,127435208,271,1.39592245817932,0.612739993219512,1
PZA02643.1,7,128365318,271,-0.101803328357917,0.399148896598719,1
PZA01714.1,7,128402775,271,0.0270278463941218,0.317325069697189,1
PZA03583.2,7,128404361,271,-1.03261744889015,0.384350168140395,1
PZA03583.1,7,128404558,271,0.515003411335782,0.288171964509913,1
PZA03582.1,7,128406150,NA,NA,NA,1
PZA01542.1,7,129793873,271,0.255715159850435,0.318103546265781,1
PZD00054.1,7,130488434,271,-0.300226580023794,0.308779548509786,1
PZA00040.19,7,130808986,271,1.06202915189706,0.313584621950155,1
PZB00752.1,7,131103240,271,-0.162440232315875,0.333816073061942,1
PZB00752.2,7,131103432,271,0.425170262148034,0.422343900888585,1
PZA03739.1,7,133371379,271,0.449542182501969,0.444239613438348,1
PZA03738.2,7,133372193,271,-0.584920984622298,0.363191826037306,1
PZA00655.1,7,133818011,271,-0.652895722558944,0.405429479555361,1
PZA00111.4,7,133825665,271,-0.0757674741067769,0.320333897925888,1
PZA00111.2,7,133825965,271,-1.28962830575809,0.383105813002142,1
PZA00740.3,7,134062060,271,-1.17138073078119,0.339219108419977,1
PZA02449.13,7,134847920,271,-0.799970001148252,0.394505288816353,1
PZA03727.1,7,137207288,271,0.512795517518391,0.321253714094741,1
PZA03728.1,7,137207838,271,0.565765134028973,0.419470164974684,1
PZA03728.2,7,137207966,271,-0.635317435719755,0.325193591021227,1
PZA03728.3,7,137208116,271,-0.161622937486833,0.393609147391395,1
PZA03400.1,7,137628251,271,-1.43053592205452,1.12752111579241,1
PZA03258.2,7,137628516,271,1.10336052149042,0.932349803529117,1
PZA02854.13,7,137834376,271,-1.23622616385708,0.322248946905565,1
PZA02854.7,7,137834462,271,0.350757317598939,0.375434359826644,1
PZA00405.7,7,138551298,271,0.675871312148975,0.353902301356855,1
PZA00405.6,7,138551416,271,0.240316269258327,0.327416389137466,1
PZA00405.2,7,138551678,271,-0.824761885730908,0.305984599817354,1
PZA03574.5,7,141322594,271,-0.283934205131205,0.328593562689799,1
PZA03574.4,7,141322797,NA,NA,NA,1
PZA03574.1,7,141322979,271,0.268357860081139,0.332830476850584,1
PZA03574.3,7,141323077,271,0.496402055142877,0.444091599764412,1
PZA03574.2,7,141323421,271,0.573019534434192,0.475919646319547,1
PZA00504.1,7,142135761,271,-0.0247868408792302,0.472252798653454,1
PZA03397.1,7,143547413,271,-1.29642747438669,1.16639950707191,1
PZA03397.2,7,143547864,NA,NA,NA,1
PZA00096.6,7,144013417,271,0.750386599158441,0.303663823057625,1
PZA00096.26,7,144013500,NA,NA,NA,1
PZA03162.1,7,144482928,271,-0.481242064453408,0.572021039906279,1
PZA03162.2,7,144482998,271,-0.512358869062508,0.551389351124185,1
PZA02940.3,7,144884172,NA,NA,NA,1
PZB00062.9,7,145056664,271,-0.204763227808063,0.832098493265954,1
PZB00062.10,7,145056863,NA,NA,NA,1
PZA00614.1,7,145912449,271,-0.0540072032227729,0.574100774312355,1
PZA00614.12,7,145912535,271,-0.00270997492133339,0.595860088942573,1
PZA00350.2,7,147187128,271,-0.956944051615178,0.739341480687756,1
PZA00670.9,7,149715917,NA,NA,NA,1
PZA00670.2,7,149715975,271,-1.61282448118449,0.350453995610228,1
PZA03199.3,7,151510061,271,-1.01256239478662,0.323788819893358,1
PZA03176.3,7,151510428,271,1.24886428940636,0.343240252544974,1
PZA03176.2,7,151510558,271,0.105933973198494,0.314097785683629,1
PZA03176.4,7,151510758,271,2.09705100225262,0.325264509873985,1
PZA02959.7,7,151622827,271,1.3574231425479,0.324223448383284,1
PZA02959.11,7,151622947,271,2.06923158426476,0.314710306515638,1
PZA02959.14,7,151623063,271,-0.575206289032988,0.346652333065316,1
PZA03329.1,7,152631991,271,-0.758183231829412,0.385236407181829,1
PZA00326.16,7,153447034,271,-0.326028048273776,0.404925445641027,1
PZA02386.2,7,154594107,271,-0.0118938630772592,0.502068898303093,1
PZA03544.5,7,157154259,271,0.235738592659239,0.842681893552083,1
PZA03544.3,7,157154622,271,-0.285545217083322,0.316031159943805,1
PZA03544.4,7,157154717,271,0.118206790564713,0.372440938513874,1
PZA03544.2,7,157154780,271,-0.67979255721426,0.306735693253012,1
PZD00044.7,7,158728047,NA,NA,NA,1
PZA00795.1,7,159417489,271,0.210698406542154,0.414830865903708,1
PZB00777.4,7,159849317,NA,NA,NA,1
PZB00777.1,7,159849353,271,-0.260913500188501,0.448905881376336,1
PZB00777.2,7,159849580,271,-0.339739430201324,0.368558236058007,1
PZA00474.14,7,160099493,271,-0.430091077821203,0.351251564526337,1
PZB01238.7,7,161167458,271,-0.4647588366553,0.658126018229116,1
PZB01238.3,7,161167688,271,-1.38086713396664,0.632842352152561,1
PZB00597.1,7,161517855,271,-0.645250503759965,0.443774975526078,1
PZB00595.1,7,161517989,271,0.587525986464074,0.431776666153391,1
PZB00597.2,7,161518222,271,-1.32069828208927,0.471815373581147,1
PZB00595.2,7,161518290,NA,NA,NA,1
PZA00227.7,7,161520382,271,0.716864749007288,0.343622354351342,1
PZA02373.1,7,161618509,271,-1.58831775572283,0.288459159329039,1
PHM7898.10,7,161993743,271,-0.117586713657132,0.302671344046091,1
PZA02223.2,7,162118899,271,-1.38739777666444,0.330095024792527,1
PHM10225.15,7,162173638,271,0.256708977562659,0.371650718819309,1
PZA00496.1,7,162222117,271,0.465031735646853,0.501672745243701,1
PZA00496.2,7,162222300,271,-0.278048713933389,0.394263679713216,1
PZA01533.2,7,162381818,271,-0.561265585965788,0.313799506395413,1
PZA00505.4,7,162531108,271,0.0790845771573908,0.39961862705076,1
PZA00505.5,7,162531135,271,0.582286258073755,0.337010279762209,1
PZA00505.6,7,162531284,271,-0.0541945949038028,0.640466586014741,1
PZA03179.1,7,162574346,271,-0.715930719492748,0.329393391713354,1
PZA03179.4,7,162574534,271,-0.636518847720918,0.472605281171033,1
PZA03180.5,7,162574792,271,-1.23839626183636,0.69938617816186,1
PZA03180.1,7,162574831,271,0.00882580226468278,0.328458698994175,1
PZA03180.2,7,162574834,271,0.0416532662308013,0.979250378509261,1
PZA03368.3,7,162877895,271,-0.773332545882811,0.326800101569311,1
PZA03368.4,7,162878070,271,1.99799060726622,1.29444345743531,1
PZA03368.1,7,162878175,271,-0.151534189864948,0.431527841396128,1
PZA01802.3,7,162945589,271,-0.853710927993556,0.321595978945116,1
PZA01028.2,7,164853203,271,1.05023729097628,0.439847608331718,1
PZA00386.4,7,164941742,271,0.725146989109011,0.487854003332366,1
PZA00386.3,7,164941846,271,1.15166557362324,0.467628854636128,1
PZA00386.2,7,164941881,271,0.421820488892211,0.349581027435759,1
PZB02448.2,7,165247457,271,0.489952299420018,0.479887728876943,1
PZB02448.1,7,165247569,271,-0.0213063077913373,0.377807976535643,1
PZB02448.3,7,165247738,NA,NA,NA,1
PZB00123.1,7,165248088,271,0.371290367188704,0.373897656831871,1
PZB00123.2,7,165248667,NA,NA,NA,1
PZA00178.4,7,165275572,271,0.425197520359739,0.402310374799848,1
PZA00178.3,7,165275756,271,-0.970820368704056,0.327449928739714,1
PZA00695.1,7,165518207,271,-0.35244232898449,0.349301198487257,1
PZA00695.2,7,165518317,271,-0.242774645466888,0.335272302452271,1
PZB00603.2,7,165995047,271,-0.0166208161108135,0.568036261525489,1
PZB00605.4,7,165995303,271,-0.123732722241952,0.476224102023523,1
PZB00605.3,7,165995314,271,1.07268851624271,0.336766753206789,1
PZA01278.2,7,166025654,271,-0.122826669481913,0.400891443712842,1
PZA03295.2,7,167014837,271,0.892971664720182,0.659822261996664,1
PZA00423.16,7,167060647,271,-0.14690066695005,0.449780034135979,1
PZA00423.17,7,167060733,271,-1.90615963843019,0.521628859550485,1
PZA00043.7,7,167218288,271,0.915632180495265,0.425301288551875,1
PZA00043.1,7,167218363,271,-1.03655959005661,0.308410517480142,1
PZA00424.1,7,169017514,271,0.168866718591219,0.345615017793284,1
PZB01638.1,7,169020648,271,-1.36748165031286,0.31790775595045,1
PZB01638.3,7,169020741,271,1.68463421888547,0.317111712054366,1
PZA02850.18,7,169067788,271,-0.388999153976437,0.341788530925956,1
PZA02850.4,7,169067986,271,0.443383919331285,0.403209410202683,1
PZB02070.1,7,169215983,271,-0.94430716064547,0.286812542754887,1
PHM5232.9,7,169409684,271,-0.592147386801683,0.320054560448115,1
PZA02274.1,7,169955290,271,0.436144669146714,0.522170581990513,1
PZA03117.3,7,170346140,271,1.323664032854,0.309124724094731,1
PZA03117.2,7,170346253,271,-2.96912591140771,0.290678283379919,0.734857357561887
PZA02388.1,8,169137,271,0.683302161656066,0.292340607919316,1
PZA02174.2,8,4101256,271,-0.370181053977861,0.323004472487327,1
PZA03316.4,8,4766593,271,0.830515782897056,0.904524763170504,1
PZA03316.1,8,4766694,271,-0.491470210064389,0.372573359888054,1
PZA03316.3,8,4766801,271,1.33876267307754,0.369509996923564,1
PZA00368.17,8,5632196,271,-0.0234726670934495,0.318421226495389,1
PZA00368.1,8,5632308,271,0.423607857209955,0.290918147670267,1
PZA00058.1,8,5966657,271,-0.34876648590202,0.28400478726554,1
PZA00058.5,8,5966698,271,-1.22216492293213,0.43584588052985,1
PZA00632.1,8,6017018,271,-0.447990818548355,0.376496332423699,1
PZA00416.4,8,8098163,271,-0.65734195980668,0.338876680286565,1
PZA00416.2,8,8098271,271,1.26382640528069,0.302242253494177,1
PZA01601.1,8,8404207,271,-0.418006386935041,0.339269418274298,1
PZA03178.3,8,11602192,271,-0.587720469530677,0.426700849923992,1
PZA03178.1,8,11602213,271,-0.205970228246653,0.28764403133942,1
PZA01691.1,8,11620274,271,0.00672536184721013,0.298744378622528,1
PHM9695.8,8,12401723,271,-0.343181095867563,0.290815547401972,1
PZA01079.1,8,14123731,271,0.755786095659485,0.476037789891474,1
PZA02955.3,8,14721554,271,0.586095271958531,0.324184525852294,1
PZB01977.2,8,17433938,271,-0.482911266026051,0.315959139984223,1
PZB01977.7,8,17434179,271,-1.5899311160592,0.391418185945428,1
PZB01977.11,8,17434259,271,-0.138397089461897,0.321645260335287,1
PZB01977.4,8,17434337,271,0.249549753035544,0.340042545013231,1
PZB01977.6,8,17434439,271,-0.74658819469879,0.469797775259386,1
PZB01977.5,8,17434510,271,-1.46937235122108,0.975971095580921,1
PZB01977.10,8,17434577,271,0.881243152434783,0.686994405376268,1
PZB01977.1,8,17434712,271,0.532725791895623,0.357255776024425,1
PZB01977.9,8,17434775,271,-0.227352103273648,0.330525580478168,1
PZB01977.3,8,17434841,271,-2.60160525953276,0.309947669727032,0.988330448343991
PZD00024.2,8,22274672,NA,NA,NA,1
PZD00025.2,8,22276752,271,1.38063875172916,0.314736253429179,1
PZD00025.1,8,22277128,271,-0.438330031204817,0.391131010335437,1
PZA01186.1,8,22423380,271,1.25051801849613,0.294311303504282,1
PZB01475.1,8,22632055,271,0.734504504245277,0.299320982398595,1
PZB01475.2,8,22632465,271,-0.586926824822009,0.345457030560834,1
PZD00034.3,8,23005432,271,-0.170899902185526,0.323709232630333,1
PZD00034.4,8,23005482,271,-0.401370142381486,0.884681756898924,1
PZA00758.1,8,23796463,271,-2.02795318811862,0.35192763265672,1
PHM2350.17,8,23985819,271,-1.04249988194312,0.292395173488424,1
PZA00481.7,8,24557261,271,-0.305241965508923,0.335282401907157,1
PZA01196.2,8,24748473,271,0.363147163188995,0.321463496753024,1
PZB01094.4,8,32078447,271,-2.2228516960501,1.69290955197648,1
PZB01094.1,8,32078607,271,0.961126498989366,0.340577542474009,1
PZB01094.3,8,32078673,271,1.4889183932225,1.13583831555976,1
PZA02927.1,8,34077450,271,-0.55867653417782,0.641643684392242,1
PZA03114.2,8,34684129,271,0.223131847619748,0.297208608569148,1
PZA03381.2,8,43848287,271,1.35153149084238,0.428116887438378,1
PZA03381.1,8,43848372,271,-1.88775795678205,0.412473540148428,1
PZB02114.1,8,44552495,271,2.10921262950452,0.397233153248182,1
PZB02114.2,8,44552625,271,-0.527126753987756,0.819215879891587,1
PZB02114.3,8,44552704,271,-0.447860013318519,0.410094942650534,1
PZB00145.1,8,44553828,271,-1.09039424833929,0.427180139709691,1
PZA00498.5,8,48775713,271,-0.472237848082865,0.354024991368311,1
PZA00498.3,8,48775756,271,0.142924970119554,0.336957069560246,1
PZA01209.1,8,52678845,271,-1.55592049211081,0.33414878980794,1
PZA02203.1,8,55008669,271,-0.353280719199494,0.376654590197978,1
PZA03126.1,8,59949306,271,2.23947226775136,0.53394001997593,1
PZA00417.3,8,60100774,271,1.09488204353808,0.430124416335295,1
PZA00417.2,8,60100989,271,0.808778044116982,0.407126943612441,1
PZA00793.2,8,64421988,271,-0.992638588328512,0.304397042641778,1
PZA00379.2,8,65657055,271,-1.0653100433322,0.317611426881288,1
PZA00717.14,8,68476007,NA,NA,NA,1
PZA00717.15,8,68476189,271,0.697425002066606,0.323978379773227,1
PZA01257.1,8,68789720,271,-0.607195375404419,0.334656355931678,1
PZA00196.2,8,70063587,271,0.646067592570034,0.528536107318057,1
PHM11114.7,8,70899841,271,-0.60106352711171,0.303989853805107,1
PZA01470.1,8,72801790,271,-0.918903696954413,0.34557727563123,1
PZA02887.9,8,76261326,271,0.288033161909242,0.311165145331095,1
PZA03035.5,8,76419367,271,-0.331062771150508,0.501995055929028,1
PZA03408.1,8,76905518,271,0.0981970553379914,0.658921141227406,1
PZA00452.1,8,78017679,271,0.382576066135281,0.295134394600432,1
PZA02522.1,8,82710229,271,-0.455140027506029,0.452449197539969,1
PZA01297.1,8,82856261,271,-0.799324277058353,0.438804149185506,1
PZA00600.11,8,83913342,NA,NA,NA,1
PZA03736.1,8,93829348,271,0.190023421787687,0.323509790374442,1
PZA03135.3,8,100564174,271,-0.842227606125081,0.853504572621586,1
PZA03135.1,8,100564485,271,0.767875467185884,0.326750999723053,1
PZA02019.1,8,100932328,271,0.544296271213716,0.350716066181619,1
PZA03579.2,8,105795595,271,-0.548175813179394,0.313767124622042,1
PZA03579.1,8,105795685,271,-0.263948632015566,0.377901408668467,1
PHM4134.8,8,105795742,271,0.658556969483826,0.347393514747201,1
PZA00739.1,8,105796017,271,0.485139443921839,0.385032378117986,1
PZA02566.1,8,112318768,271,0.705292736671186,0.303059706256533,1
PZB01883.2,8,114949534,271,0.758347699571484,0.322125514482592,1
PZB01883.1,8,114949662,271,2.42068193106869,0.422395265664431,1
PZB01883.4,8,114949770,271,-1.9665128641919,0.436809167904062,1
PZB01883.3,8,114949852,271,-1.86362515710661,0.412426808456017,1
PZA03012.12,8,115257156,271,-0.926582769074838,0.326100984921817,1
PZA03012.10,8,115257234,271,-1.06976576357114,0.873069053630552,1
PZA03012.7,8,115257396,271,0.829408579014621,0.31298632094632,1
PZA00045.2,8,116787118,271,0.212816367184428,0.352297264920951,1
PZA00045.1,8,116787172,271,-0.205503801323006,0.344253966925218,1
PZA00567.10,8,116875758,271,0.36801779561613,0.344034967611357,1
PZA03638.1,8,118438296,271,0.125198252456377,0.410502129326492,1
PZA03639.1,8,118438383,271,0.968705829933349,0.418628734989254,1
PZA03638.3,8,118438467,271,0.0175234536361276,0.47931438373756,1
PZA03638.2,8,118438533,271,-0.182790243304596,0.330843045803707,1
PZA03637.2,8,118439748,271,0.167664771316338,0.329617359338079,1
PZA03637.1,8,118439775,271,0.14765566596692,0.407347102919807,1
PZA03637.3,8,118439827,271,-0.252743437436062,0.401459567640858,1
PZB01385.3,8,122233767,271,0.582342878126594,0.305988567073828,1
PZB01385.2,8,122233827,271,0.518086294813433,0.37678584995938,1
PZB02161.1,8,123268336,271,1.1346373739344,0.421127427351227,1
PZB02159.2,8,123269296,271,0.0951321136006171,0.337963663192049,1
PZB02159.1,8,123269491,271,0.251418037624617,0.357740878563607,1
PZB01201.1,8,123272319,271,-0.359129018404073,0.333480903702635,1
PZB02155.2,8,123272809,271,0.457696039232226,0.544869429038272,1
PZB02155.1,8,123272935,271,-0.64260731225649,0.323120551699122,1
PZA01038.1,8,123599285,271,-1.19518462842966,0.314258660842209,1
PZB00591.1,8,123929371,271,0.0558826177751538,0.358879037314904,1
PZB00592.2,8,123929533,271,-0.1378979438216,0.356184896478592,1
PZB00592.1,8,123929882,271,0.71798048247073,0.305716023323322,1
PZA00531.1,8,123932505,271,-1.06656553401664,0.400155738525436,1
PZA00531.2,8,123932687,271,-0.502675588032179,0.396100354047031,1
PHM10525.11,8,124752481,271,1.03625631294165,0.326702827749272,1
PHM10525.9,8,124752624,271,-1.51285332162313,0.322063122873427,1
PZA00419.1,8,125230104,271,0.929020147372757,0.355096948214416,1
PZA00272.3,8,125785322,271,0.624515796735859,0.615651897345937,1
PZA00272.2,8,125785447,NA,NA,NA,1
PZA00118.1,8,126154819,271,0.442105129367798,0.305961071318394,1
PZA00118.4,8,126155021,271,-0.270695965482985,0.309816569429338,1
PZA00118.5,8,126155082,271,-2.04296911784215,0.467231495498315,1
PZA03241.3,8,128276819,271,-1.04213305160013,0.436942865380665,1
PZB02534.3,8,128276900,271,1.05371216487766,0.42957734222564,1
PZB02534.4,8,128277017,271,-0.797566295964778,0.32107132774697,1
PZA03241.5,8,128277088,271,-0.383996873100524,1.63295667124262,1
PZB02534.1,8,128277137,271,-0.797160098961785,0.321579340944471,1
PZB02534.2,8,128277210,271,-1.12042947699867,0.422908046870643,1
PZA03612.4,8,128613644,271,0.012779544814685,0.657495827858449,1
PZA03612.3,8,128613858,271,-1.88450747182378,0.374446905071741,1
PZA03612.2,8,128613967,271,1.52301591065338,0.368888626875087,1
PZA03611.1,8,128632225,271,1.57427768085823,0.368216590165439,1
PZA03610.1,8,128633607,271,1.76130368479112,0.38062312635582,1
PZA01049.1,8,129044327,271,0.661630505536468,0.308779810986288,1
PHM5468.25,8,129163361,271,-0.958330691336309,0.384176701173127,1
PZA03052.15,8,129384587,271,-0.306189786094741,0.453832121489275,1
PZA03395.5,8,130388141,271,1.54869581364629,0.495407060043154,1
PZA03395.4,8,130388227,271,-1.47881302987731,0.532691047770821,1
PZA03395.3,8,130388436,271,0.0368888426958609,0.403243240390111,1
PHM14152.18,8,131568112,271,0.196999351156244,0.30093894861424,1
PZA00049.12,8,132749967,271,-0.160984440506213,0.34725427027729,1
PHM4203.11,8,133529939,271,0.255031552564954,0.300692808634456,1
PZA03005.9,8,133748608,271,0.00727636053599025,0.301481169292136,1
PZA03005.19,8,133748695,271,-1.25309464003313,0.412125794170449,1
PHM448.23,8,133775120,271,-0.558383194623861,0.314268498095622,1
PZA00766.1,8,133775220,271,0.72352425319452,0.31504642286503,1
PZB01389.2,8,134723762,271,0.0777501403194003,1.00583740499634,1
PZB01389.1,8,134723842,271,0.519111295532887,0.317299858810155,1
PZA03591.1,8,134813437,271,-3.54703858218054,0.423544430716922,0.734296449644183
PZA03591.3,8,134813550,271,0.487460360222608,0.398372888667277,1
PZA03591.2,8,134813696,271,1.0247347104109,0.308368190459,1
PZA03590.1,8,134815566,271,0.534785664280885,0.991329301004121,1
PZA00090.1,8,137480768,271,0.828148198390276,0.556523652454642,1
PZB00665.1,8,137572174,271,-2.57066798358935,0.365024214412062,0.988330448343991
PZB00665.2,8,137572228,271,-1.68273024281478,0.302389255289195,1
PZA02011.1,8,140212456,271,-0.238524318648872,0.299208126200497,1
PZA03061.5,8,141037093,271,-0.313949798274707,0.509338481385441,1
PZA03608.2,8,141276260,271,-0.23593656858932,0.325778964419058,1
PZA03608.1,8,141276353,271,1.0159936927108,0.359169632301905,1
PZA00168.14,8,141887023,271,-0.0605473960998261,0.468144052468026,1
PZA00429.2,8,144443053,271,-1.11186022750449,0.360081824207361,1
PZA00429.1,8,144443084,271,-0.748642909807164,0.342459031728709,1
PZA00097.13,8,144652871,271,-1.25653090940376,0.647267418030478,1
PZB01454.3,8,145713740,271,-1.04760003865442,0.324430214500853,1
PZA03650.1,8,146342067,271,0.874760849266943,0.350132704324563,1
PZA03651.2,8,146342751,271,0.114273805948788,0.328141327177776,1
PZA03651.1,8,146342784,271,-0.465232553313099,0.357469698132012,1
PZA03652.2,8,146342956,271,-0.0720909465200423,0.45768517383555,1
PZA03652.1,8,146343044,271,-0.236500189365885,0.329729373391723,1
PZA03652.3,8,146343197,271,-2.89987344733867,1.29165765976848,0.734857357561887
PZA00686.4,8,146670206,271,0.40374519158561,0.604076598396005,1
PZA00686.7,8,146670272,271,0.268662480201124,0.561435058887053,1
PZA00120.4,8,147049220,271,1.23726421886888,0.47200982403497,1
PHM4757.14,8,151452567,271,1.22564469509149,0.322928069704302,1
PZA03153.2,8,151468480,271,1.37487032382373,0.367494564612713,1
PZA03153.4,8,151468520,271,-0.581055257734479,0.33121412756824,1
PZA03153.1,8,151468637,271,-0.351435050959127,0.572459756495065,1
PZA03153.3,8,151468701,271,-1.00755224357417,0.323690525816975,1
PZA03182.5,8,152155087,271,0.289190494909394,0.312322569992501,1
PZA03182.3,8,152155155,271,-0.36563214671401,0.46243563386866,1
PZA03182.2,8,152155215,271,-0.884526432347022,0.944573333656197,1
PZA00314.6,8,153355348,NA,NA,NA,1
PZA00422.2,8,153373467,271,-0.272861509341897,0.384381061357921,1
PZA00422.5,8,153373529,271,-0.109699044874039,0.423817697391391,1
PZA00334.2,8,154182352,271,-0.129231597880692,0.370355196380156,1
PZA03225.2,8,154325717,271,0.477935860588747,0.315628839334272,1
PHM12749.13,8,155071379,271,0.37674813554834,0.317791127750994,1
PZA00018.5,8,155326020,271,0.824789238542076,0.456357323626869,1
PZA00177.4,8,155435599,271,-0.538639265646508,0.392562318095057,1
PHM15278.6,8,155484031,271,-1.31923161509435,0.308085778482508,1
PZA03695.2,8,155569735,271,0.0568929257945743,0.626426405972747,1
PZA03695.1,8,155569805,271,-0.379473766978676,0.385107519954598,1
PZA03696.3,8,155570552,271,1.31881517864843,0.632390863718863,1
PZA03696.1,8,155570656,271,-0.340923040432866,0.381131026395767,1
PZA03696.2,8,155570773,271,1.81329123928598,0.837552859656388,1
PZA03697.1,8,155570887,271,0.99693384493661,0.343890021102299,1
PZA03698.1,8,155571435,271,-0.210577334385876,0.314939371997947,1
PZA03698.3,8,155571493,271,0.801936681827467,0.399972544672111,1
PZA03698.2,8,155571651,271,1.42693328399477,0.363368780926197,1
PZA01741.1,8,156061850,271,0.793644030353525,0.372276812196223,1
PZB02040.1,8,156646395,271,-0.350506450963081,1.49184928838955,1
PZB00160.1,8,157472833,271,-0.455461210509244,0.606761366370723,1
PZA00838.2,8,158949206,271,-0.0616625437251664,0.305811097411369,1
PZA03656.1,8,158961898,NA,NA,NA,1
PHM3465.6,8,159478545,271,-1.61213056947374,0.673717724675224,1
PZA00706.16,8,159897914,271,-0.991993349256591,0.418698315927779,1
PZA00706.11,8,159898064,271,-0.232095521419233,0.317864083234335,1
PZB00811.1,8,160536300,271,-0.8604427758571,0.607489791041684,1
PZB00811.2,8,160536472,271,-0.787004787309144,0.339997650386399,1
PZA03388.2,8,160537081,271,0.0691671036708099,0.317138421178924,1
PZA03388.1,8,160537277,271,-0.749279902903795,0.327323664395478,1
PZA00675.1,8,161460108,271,-0.0360864150166235,0.386498184391054,1
PZA03592.1,8,161817307,271,0.819941010724032,0.423942989454929,1
PZA03592.3,8,161817408,271,-0.349894534906133,0.341372269401837,1
PZA03593.1,8,161819705,271,0.448590131531545,0.340592556250164,1
PZA03593.2,8,161819940,271,0.453427904825622,0.725231887214842,1
PZA00229.7,8,161988861,271,-0.0529198295869076,0.391242033771075,1
PZB01107.7,8,162011903,271,0.258260438214804,1.06733273275273,1
PZB01107.8,8,162011965,271,0.638092724866666,0.501577669168839,1
PZB01107.6,8,162012097,271,0.398556585631322,0.705392046905057,1
PZB01107.2,8,162012202,271,0.0405885928240299,0.372082776072045,1
PZB01107.5,8,162012322,271,1.09042729740095,0.302175159564651,1
PZA00336.10,8,162446230,271,-1.48323932540618,0.305189562989824,1
PZA02746.2,8,163067200,271,1.0969044061363,0.319516284928443,1
PZB00700.1,8,163492031,271,-1.50762851527866,0.610848718265481,1
PZA00460.8,8,163565334,271,0.582054341796596,0.319260881204701,1
PZA00460.3,8,163565396,271,-0.546388799426802,0.318517246562013,1
PZA00516.2,8,163572237,271,0.705263688557133,0.313546923332346,1
PZA00516.3,8,163572301,271,0.0291710307133804,0.30690362487103,1
PZB00007.3,8,163643858,271,1.02023766344356,0.396470741423684,1
PZA00362.2,8,163939051,271,-0.566066956029028,0.341268536128608,1
PZA00362.1,8,163939189,271,1.13735971400016,0.417589409593299,1
PZA01316.1,8,164369718,271,0.116158536508974,0.391275221226902,1
PZA00001.8,8,164795650,271,2.08117780496895,0.373221933574234,1
PHM4786.9,8,164795880,271,1.82458082036124,0.342710335139545,1
PZA00904.1,8,165809816,271,0.404872796109478,0.321314988485358,1
PZA00641.8,8,166182700,271,0.364451755424844,0.799598864845177,1
PZA00641.7,8,166182794,271,-0.247360008247756,0.792710213616632,1
PZA01964.29,8,166984405,271,-0.476500864300164,0.342141617761175,1
PZA03446.1,8,168485696,271,-1.530543307758,0.417302472642707,1
PHM14046.9,8,169471006,271,-1.28766858613765,0.357081011753334,1
PZB01057.4,8,169540271,271,-0.0420044037145805,0.423969280735652,1
PZB01057.3,8,169540274,271,-0.551975320547176,0.433741067893575,1
PZB01057.1,8,169540340,271,0.00602866396300044,0.444496008887749,1
PZB01057.2,8,169540394,271,0.521897670490987,0.359136240230352,1
PZA03202.2,8,169912459,271,0.369616930757368,0.325938684887661,1
PZA03202.1,8,169912848,271,-1.38011776095139,0.294746404319487,1
PZA00189.21,8,170014413,271,1.36123396852481,0.369960722737996,1
PZA00760.1,8,171099906,271,0.235638518032323,0.364260219230914,1
PZA03538.1,8,171578191,271,1.08392699645996,0.331461587520105,1
PZA03537.1,8,171581059,271,1.18960999870363,0.59148012081176,1
PHM2749.10,8,171703522,271,-0.269259252804031,0.322965284213617,1
PZA01290.1,8,171827952,271,2.14545784450297,0.317334455987353,1
PZA02281.3,8,172057935,271,-0.0980348327945636,0.371031941871172,1
PZB01872.1,8,172323589,271,-1.99220595699127,0.309502618175087,1
PZB01872.2,8,172323795,271,0.423153296178947,0.847565524364053,1
PZA03062.7,9,3873116,271,0.705479248652185,0.344054339417705,1
PZA03062.15,9,3873152,271,0.629706854460428,0.779093255128118,1
PHM3925.79,9,3955377,271,-0.800589173620373,0.743056144864854,1
PZD00036.2,9,6992336,271,0.787833137070701,0.343663439740892,1
PZA01799.1,9,9885916,271,0.410207475742992,0.320337282996466,1
PZB00781.1,9,11101740,271,-0.339884872039512,0.31592615952072,1
sh1.4,9,11336778,271,1.9172972910711,0.320626377142427,1
sh1.3,9,11337226,271,1.15951427562194,0.328816588901284,1
sh1.2,9,11339352,271,-0.385599894119683,0.323121977790599,1
sh1.11,9,11339891,271,0.550307018346591,0.307964802954028,1
sh1.12,9,11340882,271,0.872663331808126,0.32805437484412,1
sh1.1,9,11341274,271,-2.28661897619866,0.503180218352397,1
PHM1218.6,9,11342096,271,0.781396141760093,0.357478085838996,1
PZA01195.3,9,11345280,271,-1.04647347713381,0.578507930691469,1
PZA00466.1,9,11972467,271,-0.0412923377299911,0.417957714736295,1
PHM5181.10,9,15582065,271,0.94061827797159,0.340135598947453,1
PZA02916.5,9,15582100,271,1.97904739393327,0.349681265061304,1
PZA02916.4,9,15582109,271,2.03418127805029,0.349362521721594,1
PZA02702.1,9,16228586,271,-0.241178254994571,0.416639094871545,1
PZA03431.1,9,16578365,271,-2.37831702886855,1.13112259177909,1
zmm3.1,9,16966211,NA,NA,NA,1
zmm3.2,9,16966263,NA,NA,NA,1
zmm3.4,9,16966348,NA,NA,NA,1
PZD00047.2,9,16966384,271,0.814335067175487,1.91390064523577,1
PZD00047.1,9,16966493,271,1.32536431024661,0.472540609362253,1
PZA03416.9,9,16979695,271,-1.40390323480456,0.709720178381431,1
PZA03416.7,9,16980092,271,1.96529213286107,0.498749696806437,1
PZA03416.8,9,16980100,271,1.39025157837387,1.15397781987727,1
PZA03416.6,9,16980188,271,0.181805248133682,0.477965830830472,1
PZA02996.9,9,17214904,271,-1.22990829597751,0.953178139148396,1
PHM9374.5,9,17653676,271,-0.640194377101329,0.329887892764835,1
PZA02844.1,9,17653885,271,-1.31952155645892,1.19300623498298,1
PZA00860.1,9,18684111,271,0.779563266830949,0.32975431158456,1
PZA03058.12,9,19292942,271,0.160411812989015,0.34119639742591,1
PZA03058.16,9,19292964,271,-0.688218593934162,0.32420981917725,1
PZA03058.17,9,19292988,271,-0.01936679769501,0.459647475847768,1
PZA03058.22,9,19293027,271,0.0897544340759201,0.458738339478351,1
PZA03058.21,9,19293212,271,-0.235086629578141,0.484787297708295,1
PZB00736.2,9,20516063,271,1.0495227843245,0.317625691903727,1
PZB00736.4,9,20516152,271,-1.22477711025365,1.12786624572827,1
PZA00583.4,9,20525979,271,0.768689199300666,0.31522288863652,1
PZA00583.17,9,20526173,271,0.137416256529469,0.476522202096017,1
PZA00438.4,9,21519206,NA,NA,NA,1
PZB01042.7,9,22040626,271,0.544499626213303,0.421728046331032,1
PZB01042.5,9,22040925,271,-1.07364693701401,0.40645313675508,1
PZB01042.3,9,22040955,271,-1.41251290993094,0.490092478459803,1
PZB01042.2,9,22040988,271,-0.482556467614978,0.425500785460246,1
PZB01042.1,9,22041092,271,1.53709873979715,0.548517744505846,1
PZB01042.6,9,22041257,271,0.814092393702465,0.639182100898117,1
PZB01042.8,9,22041375,271,-2.2159205705842,0.340233235164656,1
wx1.1,9,23215033,271,1.81855667276311,0.436723326650885,1
PZB00547.3,9,23215090,271,1.66815929796836,0.47178609216089,1
PZB00547.1,9,23215171,271,-1.77294248989831,0.349234191639601,1
PZB00544.1,9,23215722,271,-0.669866116211553,0.320442992141822,1
PZB00544.2,9,23215793,271,-0.0477948454552934,0.34244461606338,1
PZB00540.1,9,23217179,271,-1.38946459518032,0.328658433046786,1
PZA01999.3,9,23217376,271,0.639283025496439,0.43900207766497,1
PZB01110.6,9,24028336,271,-0.717797733876033,0.345556786660717,1
PZB01110.1,9,24028795,271,0.106812520286126,0.353063903603324,1
PZB01963.2,9,24376691,271,-0.14215209114401,0.483346670963553,1
PZB01963.4,9,24376774,NA,NA,NA,1
PZB01963.6,9,24376844,271,-0.400024687162328,0.409179755222072,1
PZB01963.5,9,24376908,NA,NA,NA,1
PZB01963.3,9,24376967,271,-0.184018434174157,0.36840240463794,1
PZB01963.1,9,24377057,271,0.201808106233251,0.362496685514161,1
PZA02648.2,9,25654718,271,0.46689132326064,0.375836683409099,1
PZA03113.5,9,26513930,271,-1.80953292427418,0.381432096891841,1
PZA03113.3,9,26514219,271,-0.612012132397954,0.335159977125662,1
PZA03113.4,9,26514227,271,-0.42471601482475,0.330373981437146,1
PZB00379.2,9,26661426,271,1.39564308412131,0.309924235203771,1
PZB00379.1,9,26661626,271,2.23912857456663,0.318929450424076,1
PZA00693.3,9,28318787,271,-0.564161846379617,0.368502953443965,1
PZB00959.1,9,28529745,271,0.0804242778938638,0.349554805462604,1
PZB02423.1,9,28529871,271,-0.897125273835667,0.522432856172296,1
PZB00235.2,9,34649110,271,-0.457489557610793,0.60640188563079,1
PZB00235.1,9,34649218,271,0.573736906287572,0.328712125590099,1
PZA02878.13,9,37421825,271,-0.0287969827272771,0.399195806226374,1
PZA02861.13,9,42849025,271,-0.364772555534105,0.40490142490821,1
PZA02861.12,9,42849080,271,1.06897548284884,0.395954590507807,1
PZA03469.1,9,42852770,271,1.18221118942865,0.394008161124939,1
PZA03097.4,9,44359301,271,-1.24190362632771,0.446821703023075,1
PZA03097.7,9,44359430,271,-0.31896968158561,0.373645692659858,1
PZB00014.1,9,46590628,271,-2.06286713245576,0.422587464401451,1
PZA03085.30,9,51080355,271,-1.11503219961083,0.372420175620572,1
PZB02422.1,9,59789379,271,0.376378011375118,0.461055256702581,1
PZA00588.1,9,59789907,271,0.105304045602517,0.329424466731594,1
PZA00588.2,9,59789931,271,-0.078024126636183,0.339273383137011,1
PZB01114.6,9,60776013,271,-0.033641869160983,0.351326104060894,1
PZB01114.2,9,60776186,271,0.573170474453301,0.530959871068616,1
PZB01114.1,9,60776323,271,-0.244061102042746,0.344649473301259,1
PZA00287.1,9,72258299,271,-0.302099809338335,0.416723414326523,1
PZA03057.3,9,73251868,271,1.47756836596873,0.444469415991427,1
PZA00925.2,9,73487579,271,-0.662136161748483,0.355162315331151,1
PZA01791.2,9,77467426,271,-1.19655745922364,0.323066707930588,1
PZA03759.2,9,80446876,271,-1.63125372041479,0.348134846889065,1
PZA03759.1,9,80446937,271,1.32297915368162,0.421566151297002,1
PZA03758.1,9,80499825,271,0.853923141909256,0.419790103241604,1
PZB00761.1,9,83959651,271,0.598684423335738,0.329739552661415,1
PZB00761.2,9,83960023,271,-0.530979024023955,0.547918648009814,1
PZA00070.5,9,85334547,271,2.27061282597057,0.321886900694618,1
PZA01861.1,9,85740054,271,-0.120656231742992,0.336984622584715,1
PZA02545.1,9,88057165,271,0.387562626690004,0.906162769804387,1
PZA00653.5,9,89363110,271,-0.621336886360714,0.317538262500381,1
PZA03595.2,9,90435061,271,-0.933505153744342,0.369998928104045,1
PZA03595.1,9,90435214,271,-1.07017078373718,0.348294837282481,1
PZA03595.3,9,90435381,271,-1.27203844421712,1.65347122310844,1
PZA03596.2,9,90436004,271,-1.14421258754265,0.346826029516755,1
PZA03596.3,9,90436140,271,0.21365316987763,0.650687559884768,1
PZA03596.1,9,90436248,271,0.579270035800453,0.338254245369075,1
PZA02897.12,9,94285743,271,-0.00249459292580989,0.332025706426276,1
PZA00947.1,9,96885738,271,0.413236178201666,0.339036586409637,1
PZB01899.3,9,98502706,271,1.02575747390637,0.315821435911949,1
PZB01899.2,9,98503011,271,0.193425674850567,0.302375522436313,1
PZA03253.1,9,103719503,271,1.20147675701079,0.36091181382514,1
PZA03253.2,9,103719660,271,0.724315839361042,0.383317675545889,1
PZA00514.6,9,104237516,271,0.0994402369145088,1.1124778153778,1
PZA00514.1,9,104237592,NA,NA,NA,1
PZB00967.2,9,104333938,271,0.881679224174189,0.385216508592118,1
PZB02480.2,9,104373145,271,0.420758603643725,0.384659488538598,1
PZB02480.1,9,104373476,271,-0.315253144340891,0.338101111513527,1
PZA00225.7,9,104537824,271,-0.0376893359402208,0.355670645963695,1
PZA00225.8,9,104537850,271,0.904695278305371,0.352170683775887,1
PZB01358.1,9,106774837,271,0.314631326249581,0.366532499794067,1
PZB01358.4,9,106774862,271,0.248469000966957,0.647119387456187,1
PZB01358.3,9,106774925,271,1.86537374667216,0.417809589427261,1
PZB01358.2,9,106775093,271,-0.414760248527742,0.365833466682926,1
PZB01652.1,9,106850853,271,0.901396199414024,0.336611553260125,1
PZA00015.5,9,109909820,271,-0.690248185165316,0.422466782997735,1
PZA03470.1,9,110522534,271,-0.484208190169075,0.447483397950298,1
PZB01913.2,9,110628874,271,0.819664636390955,0.549314119085114,1
PZB01913.1,9,110629231,271,0.40554962549519,0.314373014148071,1
PZB01869.2,9,111935442,271,1.23369428068488,0.625780527424684,1
PZB01869.4,9,111935545,271,0.847927379441467,0.357706254054361,1
PZB01869.1,9,111935626,271,-1.53991810338893,0.372548424316946,1
PZB01867.5,9,111935765,271,-0.827188638732643,0.358037175822689,1
PZB01867.2,9,111935837,271,1.25773815576987,0.326906436783788,1
PZA03235.2,9,114897449,271,0.717382303918819,0.36681371770863,1
PZA03235.3,9,114897648,271,0.187573646043414,0.821896305790202,1
PZA03235.1,9,114897665,271,-0.876201388592073,0.354220402353454,1
PZA02613.1,9,116763482,271,-0.573197466469617,0.503935360148215,1
PZB01292.2,9,117894780,NA,NA,NA,1
PZB01292.1,9,117894891,271,1.54050100676804,0.407485154185303,1
PZB01292.3,9,117895037,271,-0.918153127692078,0.605304262867442,1
PZA01819.1,9,118511506,271,0.651293418606639,0.368183822165979,1
PZB01432.1,9,124067174,271,-0.214630496335859,0.331210953283987,1
PZB01432.3,9,124067329,271,-0.973847931714563,0.374374952102297,1
PZB01432.4,9,124067391,271,-0.849501750428483,0.427780234955456,1
PZB01432.2,9,124067508,271,0.72747213718074,0.350762369660847,1
PZA00840.1,9,124112589,271,1.12140217978221,0.341823002360061,1
PZA00060.2,9,124619424,271,0.153809109768565,0.329599905332473,1
PZA00116.2,9,125052222,271,0.247455688994997,0.407693158054959,1
PZA00116.3,9,125052246,271,-0.54303902942792,0.415126618355513,1
PZA00213.7,9,126584310,271,2.65499325328602,0.310281181387194,0.975598422275903
PZA00213.19,9,126584378,271,1.25037474709704,0.5207585671024,1
PZB02504.1,9,128442190,271,1.66862164208036,0.306708710304209,1
PZB02504.3,9,128442195,271,0.451572515683149,0.305462923741385,1
PHM3330.25,9,128515170,271,0.971761936617663,0.347281744279204,1
PZA00568.19,9,129048317,271,-0.118435784176098,0.576984218015738,1
PZA02111.1,9,130251867,271,-1.76286977663646,0.45514277183032,1
PZB00080.2,9,130608245,271,0.396860823246019,1.34718532388735,1
PZB00080.1,9,130608305,271,-0.930758775604492,0.615566564948602,1
PZB02099.2,9,130611573,271,-0.180756804610422,0.866942807362278,1
PZA03669.1,9,130876521,271,-0.0411703260076432,0.69227682114643,1
PZA03670.1,9,130886940,271,1.16743039493418,0.341396950891777,1
PZA03671.1,9,130889568,271,-0.706699215183754,0.302856253543955,1
PZA02235.14,9,132119630,271,0.555650995052814,0.320124367829912,1
PZB00126.1,9,133389152,271,-0.0676794504495241,0.300345507253852,1
PZB00643.1,9,133448740,271,1.34543289776653,0.334993662990779,1
PZB00750.3,9,133448843,271,1.70900392551794,0.41083489738782,1
PZB00750.2,9,133449028,271,-0.928020912579883,0.454585052890218,1
PZA01096.1,9,133450713,271,0.799714977890027,0.388520914420615,1
PZB01436.2,9,135383612,NA,NA,NA,1
PZB01436.3,9,135383693,271,-1.05442755700576,0.474696698080206,1
PZB01436.1,9,135383906,271,-0.246115770552892,0.325724601435467,1
PZB00118.2,9,135842386,271,0.165634061000104,0.332112116057861,1
PZA02252.2,9,136597740,271,0.628059212560483,0.423969624555747,1
PZA00502.5,9,139381999,NA,NA,NA,1
PZA00502.1,9,139382140,271,-1.30615307893594,0.276465531709739,1
PZA01369.1,9,140926271,271,-0.0229558185644075,0.369218427452357,1
PHM816.29,9,142043997,271,-0.673810258467444,0.304325964687123,1
PZB00221.3,9,142271047,271,-1.87518556576898,0.327141494822113,1
PZB00221.6,9,142271097,271,-0.831745036381361,1.38819865460465,1
PZD00055.1,9,142271281,271,0.228036514902753,0.299948142858611,1
PZD00055.2,9,142271439,271,0.113694305435251,0.593715605330424,1
PZB00221.2,9,142271476,271,2.14037443840165,0.30151928630309,1
PZB00221.5,9,142271582,271,-1.97352987886857,0.335013840383889,1
PZB00221.7,9,142271657,271,0.276985252457384,0.351920908504036,1
PZA00323.3,9,142499873,271,-0.13831590109178,0.364264740296009,1
PZA00323.4,9,142500070,271,-0.2876553702768,0.360708155175018,1
PZA01715.2,9,142948449,271,-0.303694059469919,0.289117389927216,1
PZA01715.1,9,142948545,271,1.40152973905572,0.332824598057937,1
PZA02381.1,9,144723067,271,2.6811268503804,0.660012991219689,0.975598422275903
PZA00912.2,9,145148200,271,0.85085433051025,0.383728800390787,1
PZA02997.16,9,146470580,271,1.10246881624573,0.340545933704647,1
PZA02997.19,9,146470644,NA,NA,NA,1
PZA00832.1,9,147131097,271,1.75306994789365,0.356073352291993,1
PZA00579.2,9,147384886,271,1.39552194440088,0.32477242726967,1
PZA00579.6,9,147384958,271,-0.173140503104354,0.540550478758729,1
PZA03156.3,9,147821234,271,1.28252330586151,0.85544984971129,1
PZA02847.21,9,147826958,271,1.50514857852502,0.35659406179041,1
PZA00428.2,9,148430337,271,-0.0257410185708233,0.313851733930049,1
PHM13681.12,9,148713045,271,-0.861657888923829,0.313364610059016,1
PZA03405.1,9,148715252,271,-1.32571881391233,1.16302491192615,1
PZA00123.1,9,149398788,271,-1.28074753901663,0.656082441996554,1
PZD00050.3,9,149507714,271,1.13363985106721,0.426509996851638,1
PZD00050.2,9,149507835,271,0.300550556360518,0.562457930344873,1
PZA03573.2,9,150137968,271,-0.283469054252441,0.370937893599668,1
PZA03573.3,9,150138109,271,0.550358988980427,0.424497931650876,1
PZA03573.1,9,150138200,271,-0.783329279419665,0.441347955815724,1
PZA03573.4,9,150138319,271,0.461600707764151,1.2784792226576,1
PZA03572.2,9,150138962,271,-0.479006010368576,0.345253995644116,1
PZA00184.4,9,151289826,271,0.575732482549178,0.5214108837452,1
PZA00184.1,9,151289948,271,-0.535177350907233,0.36443651417134,1
PZA03332.1,10,838970,271,0.151656490222578,0.538587705825845,1
PZA02554.1,10,1939921,271,-0.076739987520328,0.403969711609907,1
PZA02221.20,10,1948030,271,1.23037685600199,0.314043688775384,1
PZA03216.2,10,2118915,271,0.293719031939923,0.301007465302498,1
PZA01313.2,10,3598262,271,1.96142042559053,0.285094370688993,1
PZA02095.10,10,5119007,271,0.600922125675258,0.422681859608086,1
PZA03078.29,10,6121273,271,0.83318242895396,0.315446584841982,1
PZA03078.33,10,6121326,271,0.676578689391453,0.566489163020199,1
PHM2828.83,10,6121374,271,1.01180257938839,0.302290793629608,1
PHM3765.7,10,7904882,271,0.686052514481411,0.498861807656367,1
PZA03563.1,10,8398476,271,-0.151824111907685,0.301093584362947,1
PZA03563.2,10,8398599,NA,NA,NA,1
PZA03571.2,10,8398973,271,-0.0417674842461172,0.439107889864246,1
PZA01883.2,10,8950935,271,0.793163332547607,0.435576380627997,1
PZB01301.7,10,9748233,271,-0.554546623895288,0.320329842056094,1
PZB01301.6,10,9748367,271,0.103567180613857,0.303582105180407,1
PZB01301.5,10,9748559,271,0.103581434655498,0.334522989854976,1
PZA00257.11,10,10432605,271,1.23383927337078,0.302099905265672,1
PZA00257.22,10,10432680,271,1.25950065690754,0.643671862706491,1
PZA00463.3,10,13546326,271,0.474101005814483,0.413147081486146,1
PZA02961.1,10,16264730,271,-0.579041993389007,0.416607628197288,1
PZA02961.6,10,16264897,271,1.73286015742648,0.31242639672892,1
PZA00656.4,10,17645859,NA,NA,NA,1
PZA00656.14,10,17645881,NA,NA,NA,1
PHM3922.32,10,17722937,271,0.467904681540131,0.346369896480114,1
PZA00079.1,10,18903460,271,-0.697031764874436,0.411112480373266,1
PZA00310.5,10,20451157,271,0.44631574913892,0.376692398306843,1
PZA02853.10,10,25965887,271,-0.659139054204457,0.53939505071598,1
PZA02853.7,10,25965933,271,-0.501145455560375,0.323805309582328,1
PZA00552.3,10,26982134,271,-0.128521731403855,0.781815210749629,1
PZA00552.4,10,26982383,271,-0.267998600524239,0.619520195597835,1
PZA03262.2,10,28596609,271,-1.0843401021294,0.418467558457409,1
PZA03262.1,10,28596640,271,0.766129738781087,0.405345718631885,1
PZA03137.3,10,28596680,271,-1.42043626447091,0.428352069439772,1
PZD00032.2,10,30830302,271,0.970332582249765,0.523564623025309,1
PZD00032.1,10,30830484,271,-0.189945035529904,0.326974277970106,1
PZD00032.4,10,30830707,NA,NA,NA,1
PZD00032.5,10,30830820,NA,NA,NA,1
PZD00032.3,10,30830960,271,1.42776639946136,0.802481033441655,1
PZD00033.2,10,30832690,271,-0.135198704143912,0.501426875505389,1
PZA02945.10,10,33619582,271,0.544104757286594,0.317024263850629,1
PZA02945.37,10,33619945,271,-0.259824338580483,0.310623158472492,1
PZB01178.1,10,42369806,271,-0.19759635878653,0.333653847294753,1
PZB00849.1,10,43580032,271,0.32833816085828,0.336900964874394,1
PZB00849.2,10,43580042,271,-0.137010712467257,0.616391087645189,1
PZA01597.1,10,61603191,271,-0.944595029219177,0.317636159214321,1
PZA00562.4,10,61763079,271,0.725238146688495,0.332803804042432,1
PZA00562.3,10,61763171,271,0.128062664673424,0.535788351096156,1
PZA00409.17,10,62062819,271,-0.696828613095498,0.328918409540464,1
PZA00409.15,10,62062890,271,-0.663150698428334,0.385371828991106,1
PZA00409.3,10,62062924,271,-0.272005977294984,0.34139440930272,1
PZA00174.1,10,66408538,271,0.0821742914123798,0.400660041824974,1
PZA00174.2,10,66408674,271,0.299804197305074,0.392883686393847,1
PZA00665.6,10,68803444,271,-0.989727196354104,0.442067371632018,1
PZA01677.1,10,70797556,271,1.22467696383462,0.368374981256225,1
PZA02941.2,10,71120160,NA,NA,NA,1
PZA02941.3,10,71120220,271,1.53414997832349,0.469754854959951,1
PZA02941.6,10,71120324,271,0.711892803534684,0.382694958819036,1
PZA00475.20,10,75521031,NA,NA,NA,1
PZA00475.25,10,75521139,NA,NA,NA,1
PZA01877.2,10,77492186,271,0.0999718480266278,0.441374505836797,1
PZB02029.1,10,78146208,271,0.36151404822714,0.287835625429579,1
PZA03157.2,10,81756950,271,0.550874991390523,0.390329602004876,1
PZB00409.1,10,84002430,271,0.134458371731638,0.396593529399286,1
PZA00587.3,10,84518272,271,-0.93581070145307,0.467273961201876,1
PZA03170.2,10,85296853,271,-0.739190707688257,0.395546550970408,1
PZA03170.1,10,85296889,271,-0.578930465263659,0.386671073355308,1
PZB02529.2,10,86319860,271,-0.0978526848219513,1.0902450244064,1
PZB02529.1,10,86320007,271,0.0247126465964304,0.31093524754774,1
PZA00337.4,10,86327620,271,-0.0869586655745317,0.321524916985632,1
PZA00337.3,10,86327722,271,-0.0630723923905551,0.334937586210517,1
PZA00814.1,10,87194491,271,-0.694602778729286,0.345295853873531,1
PZA03351.1,10,89122261,271,2.11170104762653,0.352722930198459,1
PZA00048.2,10,98582073,271,-1.6560531425474,0.338024915251288,1
PZA00048.1,10,98582149,271,-1.51374304352494,0.330770480073679,1
PZA00400.3,10,98866690,271,0.145745616267037,0.307456472786208,1
PZB01206.2,10,99238136,271,0.854619087527424,0.434670433791089,1
PZB01206.1,10,99238326,271,-0.982657658271367,0.365016015055711,1
PZA02398.2,10,99471436,271,-0.00886578549665601,0.333526071074897,1
PHM537.22,10,99471668,271,-0.67293531577127,0.380328627951509,1
PZA03585.1,10,104900730,271,2.37874593247688,0.424567010693903,1
PZA02993.5,10,106620017,271,1.82836658505435,0.394100560353809,1
PZA02993.6,10,106620041,271,0.294376827103475,0.377459671999187,1
PZA02993.14,10,106620146,271,-1.24921389997277,0.395197884610803,1
PZA00444.5,10,106780310,271,0.768570585081137,0.954934767005745,1
PZA00444.1,10,106780357,271,0.694565428120656,0.479725130044378,1
PHM18195.6,10,106780623,271,1.20390456662902,0.475457981587655,1
PZB00806.9,10,107950190,271,0.520496199746033,0.550533037071784,1
PZB00806.8,10,107950287,NA,NA,NA,1
PZB00806.4,10,107950370,271,0.863705952915272,0.453440044246704,1
PZB00806.6,10,107950399,271,-0.583259235144542,0.492221568039832,1
PZA00135.6,10,109542101,NA,NA,NA,1
PZA01292.1,10,109633741,271,-0.249702627690371,0.331565596796874,1
PZA01919.2,10,111260278,271,0.928217524904313,0.303439006115382,1
PZA02128.3,10,111608788,271,-0.950213954583347,0.422558147530031,1
PZA00215.3,10,111672770,271,-0.884798191640672,0.34995383995049,1
PHM13687.14,10,117796822,271,1.09298329795988,0.336711507935203,1
PZA00712.15,10,117797016,271,0.734609658851863,0.314324167081098,1
PZA00712.4,10,117797175,271,0.648748981706251,0.336277071813372,1
PZA02219.2,10,118308828,271,0.733815342817744,0.377224689203842,1
PZB00677.3,10,120604920,271,-0.957945132909209,0.522624158007126,1
PZB00677.4,10,120605201,271,-0.564153709113176,0.465396457067387,1
PZA03713.1,10,121489957,271,-0.546879352399914,0.362089560582543,1
PZA03711.2,10,121491031,271,0.319269710190584,0.471631596818193,1
PZA03711.3,10,121491202,271,0.936397471914062,0.728219686025764,1
PZA03711.1,10,121491271,271,-1.26545593002145,0.461774097824962,1
PZA03710.2,10,121491723,271,-0.726688573622159,0.447267927452421,1
PZA03710.4,10,121491895,271,0.0882010441521811,0.457250024516534,1
PZA03710.1,10,121491955,271,-0.674600392064852,0.403741164098028,1
PZA03710.5,10,121492057,271,-0.774069063322754,0.554451491852354,1
PZA03710.3,10,121492142,271,1.46999283377173,0.606518643109772,1
PZA03710.6,10,121492205,271,-0.334632237446802,0.387339919411703,1
PZA03709.1,10,121493027,271,1.79188004767431,0.509529364135777,1
PZA03709.2,10,121493288,271,-1.13916612191557,0.665993583348231,1
PZA00251.4,10,122517732,271,0.742516557760051,0.423917687809911,1
PZA00251.1,10,122517816,271,0.351577684895016,0.347935029394016,1
PZB02227.3,10,123741974,271,1.14291574779996,0.488739531806392,1
PZB02227.1,10,123742114,271,0.104882345775266,0.354326474876419,1
PZB02227.4,10,123742392,271,0.107021625344828,0.427206664884328,1
PZB02227.2,10,123742823,271,-0.926729308165393,0.328462817630397,1
PZA02821.5,10,123998923,271,-0.984744898648224,0.33312949221479,1
PZA03196.3,10,124005323,271,1.64715976049987,0.510116561553395,1
PZA03196.1,10,124005403,271,0.926078060597146,0.323398388738279,1
PZA00063.3,10,124523264,271,0.959599172088341,0.748698392859018,1
PZB01412.2,10,126573429,271,0.159974739075306,0.683724252180733,1
PZA03071.15,10,128463270,271,-1.39085287070926,0.361424826218527,1
PZA00647.9,10,129730703,271,-0.580960173685438,0.323187013808252,1
PZA00342.7,10,130170691,271,0.520953131727716,0.329136313064884,1
PZA00342.9,10,130170772,271,-0.735842187184336,0.376557352623211,1
PZA03115.1,10,130351968,271,-2.08986988867941,0.314887795083729,1
PZA03115.2,10,130352040,271,-1.40220861613355,0.340990871107239,1
PZA01241.2,10,130452676,271,2.6870522368184,0.330046251908348,0.975598422275903
PZA02320.1,10,132256848,271,0.744039559213143,0.337855849639578,1
PZA03164.2,10,132380594,271,0.489144861237542,0.349367941657717,1
PZA03164.3,10,132381021,271,-0.168519815732662,0.564763088457262,1
PZA03164.1,10,132381032,271,-0.00953913901927632,0.362877426920712,1
PZB01997.1,10,132732382,271,1.03139636608435,0.363697514636492,1
PZB01111.8,10,134034407,271,0.714567772135206,0.31836343312034,1
PZB01111.3,10,134034437,271,0.560883604758333,0.491947635056874,1
PZB01111.1,10,134034461,271,0.722541928679046,0.319391809839928,1
PZB01111.5,10,134034491,271,-0.762886383443737,0.463354564596532,1
PZB01111.7,10,134034686,271,-0.397025695354042,0.767171959911436,1
PZB01111.6,10,134034875,271,0.401329596881411,0.347382085061178,1
PZA03398.2,10,134805750,271,0.0282811542153525,1.3725929807347,1
PZA03398.1,10,134805853,271,0.579312157578093,0.425944302310664,1
PZA01456.2,10,135928293,271,-0.726045402775191,0.297807423591898,1
PHM18513.156,10,136530988,271,0.159825354286593,0.321005604188621,1
PHM15868.56,10,137132183,271,1.03120498174636,0.316172951681906,1
PZA02663.1,10,137627429,271,0.399754786425026,0.3028047903002,1
PZA03570.2,10,138760374,271,0.428510936349584,0.483234552405511,1
PZA03570.1,10,138760446,271,-0.143162843827174,0.318239702477275,1
PZA03569.2,10,138760685,271,0.440226286462574,0.538524088352698,1
PZA03229.1,10,139507065,271,0.489674363848089,0.305460352975475,1
PZA03229.4,10,139507136,271,-1.92820853632226,0.361485787799978,1
PZA03229.2,10,139507440,271,0.469062296311495,0.439818956507518,1
PZA01995.2,10,139616614,271,0.205604647906916,0.340474512900816,1
PZA03267.3,10,139717238,271,-0.0764747464118692,0.305568577047673,1
PZA03267.2,10,139717663,271,0.678031445072528,0.32823614538105,1
PZA03267.4,10,139717741,271,-0.32925005374472,0.299811748566037,1
PZA03132.3,10,139830278,271,0.675913930129617,0.401606614994023,1
PZB00239.1,10,140492616,NA,NA,NA,1
PZA03607.5,10,141828307,271,1.55498242555846,0.619006236857595,1
PZA03607.3,10,141828459,271,-0.911841738756494,0.37313397826896,1
PZA03607.2,10,141828530,271,0.611470710231606,0.355747461622695,1
PZA03607.1,10,141828531,271,0.699478057940386,0.35364268974408,1
PZA03607.4,10,141828691,271,0.364968593531722,0.397346907597262,1
PZA03606.1,10,141829598,271,-1.41517199148881,0.43997605927256,1
PZB02554.3,10,141829707,271,-1.08292249209294,0.903301569911833,1
PZB02554.2,10,141829795,271,1.09811137943136,0.34751414849607,1
PZB02554.1,10,141829860,271,0.79012952403777,0.374717032835433,1
PZA03605.1,10,141830532,271,-0.127184867728101,0.379221806874154,1
PZA03605.2,10,141830830,271,-0.29071470939489,0.615562630905163,1
PZA03604.2,10,141831736,271,0.690934635202879,0.374774552889809,1
PZA03604.1,10,141831767,271,0.532727187485158,0.381287173759729,1
PZA03604.3,10,141831821,271,-0.760517974284993,0.826362232168403,1
PZA00727.11,10,142854665,271,2.2948133944541,0.435977755214689,1
PZA00727.1,10,142854765,271,-1.46698303008133,0.379763784412865,1
PZA00130.9,10,143269455,271,-0.828379999619265,0.327629062211439,1
PZA00130.7,10,143269563,271,-0.0687222196266972,0.364662237750954,1
PZA02969.1,10,143676007,271,0.661673458777888,0.319599287955752,1
PZA02969.7,10,143676157,NA,NA,NA,1
PZA02969.8,10,143676207,271,-0.514098341536821,0.315128667664195,1
PZA02049.1,10,144025574,271,-0.795321224962876,0.342881850559158,1
PZA00007.2,10,144172190,271,0.922380650950097,0.362313505241654,1
PZA00007.1,10,144172316,271,1.52120361067778,0.315270377041859,1
PHM5435.25,10,144239494,271,-1.32654328778695,0.333381214118258,1
PZA00551.4,10,144239564,271,-1.04774060051417,0.311769256864075,1
PZB00769.2,10,144548839,271,-0.584518363508049,0.525141641225344,1
PZB00769.1,10,144548910,271,0.92356838760201,0.340422847930739,1
PZA01073.1,10,144549995,271,-0.707187195646646,0.362624529099723,1
PZB01471.2,10,145850233,271,1.4284287515157,0.540290454138248,1
PZB01471.3,10,145850362,271,0.842071690924004,0.314713466627087,1
PZB01471.1,10,145850422,271,0.924412061317427,0.334811616661773,1
PZA00062.4,10,146999711,271,-1.3102477133202,0.538489076075794,1
PZA00678.1,10,147762925,271,1.65849554790365,0.323252749801277,1
PZA00678.2,10,147762964,271,1.47489571407173,0.396406479170125,1
PZA00179.9,10,147819958,271,-0.0556637599665116,0.453977246339187,1
PZA02833.6,10,148332885,271,1.35293277092389,0.319299050369242,1
PHM1506.23,10,148488692,271,0.818153927787308,0.337410682833425,1
PZA03402.1,10,148816538,271,-1.93116228722937,0.731504903666354,1
PZA03429.1,10,148907116,271,-0.0598122952302557,0.757352172651564,1
