SNP,Chr,Pos,P.value,MAF,nobs,Effect,H&B.P.Value
PZB00859.1,1,157104,0.1142396516667,0.241935483870968,279,2.24319153099029,1
PZA01271.1,1,1947984,0.0636950072061182,0.489247311827957,279,2.3762435813044,1
PZA03613.2,1,2914066,0.306795146438423,0.288530465949821,279,-1.4157947460617,1
PZA03613.1,1,2914171,0.865715271971278,0.252688172043011,279,-0.257956074120418,1
PZA03614.2,1,2915078,0.182648719305578,0.469534050179211,279,1.85248895240588,1
PZA03614.1,1,2915242,0.184160521806949,0.469534050179211,279,1.86287848723523,1
PZA00258.3,1,2973508,0.484513610626061,0.283154121863799,279,-1.04810373420496,1
PZA02962.13,1,3205252,0.329658842400658,0.125448028673835,279,1.87587260011167,1
PZA02962.14,1,3205262,0.587714410140028,0.0967741935483871,279,1.25445533003871,1
PZA00599.25,1,3206090,0.595933406300061,0.10752688172043,279,-1.04144426186946,1
PZA02129.1,1,3706018,0.977947856717793,0.476702508960573,279,-0.0340323559627342,1
PZA00393.1,1,4175293,0.446696293638805,0.24910394265233,279,1.17987251162593,1
PZA02869.8,1,4429897,0.717314179273065,0.186379928315412,279,-0.589343449193814,1
PZA02869.4,1,4429927,0.37200875077001,0.216845878136201,279,-1.40364768973882,1
PZA02869.2,1,4430055,0.717983005913201,0.231182795698925,279,0.572963120094469,1
PZA02032.1,1,4490461,0.097324919560847,0.175627240143369,279,3.22257414617031,1
zagl1.5,1,4835434,1,0,279,NA,1
zagl1.2,1,4835558,0.664251969226575,0.046594982078853,279,-1.46957689475971,1
zagl1.6,1,4835658,0.348625549122045,0.0125448028673835,279,4.79413395733735,1
PZD00081.2,1,4836542,0.325848100440792,0.014336917562724,279,-4.67828429442649,1
zagl1.1,1,4912526,1,0,279,NA,1
PZB00919.1,1,5353319,0.347033878245564,0.229390681003584,279,1.40213968118521,1
PZB00919.2,1,5353655,0.171622295331765,0.0340501792114696,279,4.40007937451864,1
PHM2244.142,1,5562502,0.603642905741883,0.175627240143369,279,1.06011547930929,1
PZA03093.10,1,8075572,0.809766656662461,0.494623655913978,279,0.292104796221246,1
PZA00181.5,1,8366368,0.85411378217854,0.189964157706093,279,0.367444938650365,1
PZA00181.2,1,8366411,0.164915568847057,0.301075268817204,279,2.01458814903861,1
PZA00528.1,1,8367944,0.93562892413357,0.252688172043011,279,-0.131747022560199,1
PZA00175.2,1,8510027,0.046232033201762,0.417562724014337,279,-2.56386785280982,1
PZA00447.6,1,9023947,0.208437826305084,0.49820788530466,279,1.69812310534693,1
PZA00447.8,1,9024005,0.0173665617806809,0.492831541218638,279,-3.22655493289998,1
PZB01915.1,1,9029842,0.425083946175369,0.21505376344086,279,-1.21007892258865,1
PZA03128.1,1,9084948,0.500279868924916,0.302867383512545,279,0.92652178929821,1
PZA03128.3,1,9084979,0.447494257844861,0.182795698924731,279,1.24354847975751,1
PZA02284.1,1,9273299,0.297896753546168,0.451612903225806,279,-1.36440597202546,1
PZA00731.6,1,9300391,0.396806766588068,0.254480286738351,279,1.28440013808813,1
PZA00731.7,1,9300541,0.539687738633768,0.482078853046595,279,-0.846604455776633,1
PZA03518.1,1,10065344,0.506945880298956,0.0501792114695341,279,1.79183245714899,1
PZA03519.2,1,10065856,0.903728780725126,0.267025089605735,279,0.17647081283118,1
PZA03519.1,1,10066126,0.966201869111549,0.247311827956989,279,-0.062037467475796,1
PZA03520.1,1,10067544,0.807826931047839,0.310035842293907,279,-0.363426906093125,1
PZA03520.2,1,10067604,0.375804965961444,0.1415770609319,279,-1.86073213354743,1
PZA03520.3,1,10067746,0.705923569207522,0.0304659498207885,279,1.22114739767349,1
PZA03520.4,1,10067852,0.257573287600988,0.0663082437275986,279,-2.91436085193866,1
PZA03521.1,1,10068726,0.615979478146033,0.193548387096774,279,-0.855874415068474,1
PZA00106.9,1,10069039,0.267642668761138,0.154121863799283,279,-2.22229971858485,1
PZA00106.10,1,10069145,0.822506063553391,0.224014336917563,279,-0.383548869308845,1
PZA03551.1,1,12208400,0.287721920646267,0.476702508960573,279,1.3732262327389,1
PZA03551.2,1,12208569,0.610448348124409,0.275985663082437,279,-0.766581734970546,1
PZA03552.1,1,12209727,0.306043808919443,0.137992831541219,279,1.86694586970503,1
PZA03552.2,1,12209786,0.21595757007452,0.025089605734767,279,-4.57083473033715,1
PZA03557.1,1,12906197,0.644050590208909,0.189964157706093,279,0.696510347038083,1
PZA03558.3,1,12907213,0.469289138578618,0.254480286738351,279,-1.06363949172225,1
PZA03663.1,1,14463283,0.998797406484068,0.424731182795699,279,-0.00199308508955687,1
PZA03663.2,1,14463522,0.783430640990662,0.197132616487455,279,-0.42850064648585,1
PZA03662.2,1,14464249,0.419666522968867,0.0878136200716846,279,-1.82997067737943,1
PZA01497.1,1,14578834,0.0436176938362169,0.378136200716846,279,-2.75979123755687,1
PZA01652.1,1,14898863,0.0718809887364948,0.277777777777778,279,2.58648925410043,1
PZA02393.2,1,16530875,0.222995812351876,0.483870967741935,279,-1.57810400720767,1
PZB00648.4,1,17595070,0.539776985764217,0.053763440860215,279,-1.88422320223017,1
PZB00648.5,1,17595139,0.931345917862864,0.318996415770609,279,0.118834480965824,1
PZB00648.3,1,17595165,0.720116051532239,0.0232974910394265,279,-1.45897539193899,1
PZB00718.1,1,17601375,0.440861158988316,0.467741935483871,279,1.13736807358678,1
PZB00718.2,1,17601417,0.0577544692367584,0.227598566308244,279,-3.08540742525881,1
PZB00718.6,1,17601517,0.219676942367598,0.234767025089606,279,-1.90952552804105,1
PZB00718.3,1,17601571,0.360478096997026,0.254480286738351,279,1.40307778966314,1
PZB00718.5,1,17601655,0.415495279648995,0.0609318996415771,279,-2.81829122865532,1
PZA01030.1,1,17680592,0.225261193283458,0.0806451612903226,279,3.03714077196324,1
PZD00035.4,1,17900705,1,0,279,NA,1
PZA00358.12,1,18908016,0.960795157346661,0.349462365591398,279,-0.0683289648341019,1
PZA00425.9,1,21457466,0.879799349297521,0.0232974910394266,279,-0.619660416983372,1
PZA00425.11,1,21457474,0.673738316766285,0.494623655913978,279,0.513393096787885,1
PZA00425.4,1,21457569,0.953246664706497,0.489247311827957,279,0.074511872961823,1
PHM13619.5,1,22281738,0.625783917036756,0.405017921146953,279,0.64248851225157,1
PZA02487.1,1,22601426,0.241541399516301,0.32258064516129,279,1.7110152904104,1
PHM4531.46,1,22918337,0.575304850257913,0.195340501792115,279,0.886836934189455,1
PZD00096.1,1,23266657,0.581696616744095,0.227598566308244,279,0.902830030393923,1
PZD00097.2,1,23266988,0.717819492449481,0.032258064516129,279,1.23889847365684,1
PZD00097.1,1,23267335,0.683660523820983,0.433691756272401,279,0.526169932826607,1
PZD00098.2,1,23267835,0.827870636398285,0.103942652329749,279,0.441656718838899,1
PZD00098.1,1,23267898,0.29725526987928,0.419354838709677,279,-1.56258563582564,1
PZA02921.4,1,25035053,0.0336791570963627,0.408602150537634,279,-2.98687905718495,1
PZA02921.9,1,25035236,0.916170976428588,0.181003584229391,279,-0.178396245384801,1
PZB01957.2,1,26283149,0.270648933594325,0.1415770609319,279,2.36766586667713,1
PZB01957.3,1,26283224,0.749253806008448,0.109318996415771,279,-0.638507284963941,1
PZB01957.1,1,26283293,0.241691627917506,0.0663082437275986,279,3.76702175988462,1
PZA03004.10,1,26449707,0.459755221464912,0.184587813620072,279,-1.14479832527215,1
PZA03004.2,1,26449858,0.0342062039574752,0.057347670250896,279,-6.07116055065903,1
PZB02515.2,1,28084996,0.127693743117168,0.112903225806452,279,2.67987850215681,1
PZB02515.3,1,28085057,0.164220975178189,0.189964157706093,279,-2.05592936918763,1
PZB02515.1,1,28085224,0.190628601168931,0.483870967741935,279,1.73103204868397,1
PZB02058.2,1,28526476,0.845014494689024,0.460573476702509,279,0.250676877461728,1
PZB02058.3,1,28526850,0.641092114628699,0.471326164874552,279,-0.604358313183125,1
PZA00654.12,1,32583282,0.0421836772148198,0.0967741935483871,279,5.04309752893011,1
PZA00654.10,1,32583345,0.644481367748263,0.0501792114695341,279,-1.23168988503376,1
PZA02490.1,1,32627736,0.790906709900619,0.456989247311828,279,0.34420812735682,1
PZA02806.4,1,34326335,0.603792613745261,0.315412186379928,279,-0.802757314474942,1
PZA01455.1,1,34388212,0.720633185999831,0.295698924731183,279,-0.571612601475535,1
PZB01662.3,1,34478962,1,0,279,NA,1
PZB01662.2,1,34479054,0.422142801010035,0.0824372759856631,279,1.70891744079259,1
PZB01662.1,1,34479214,0.810209740731187,0.492831541218638,279,-0.348247059816259,1
PZA02686.1,1,34724095,0.371900990720799,0.103942652329749,279,2.03489935339697,1
PZA00017.1,1,35620725,0.608257864318053,0.35663082437276,279,0.733391350514493,1
PZA00017.4,1,35620809,0.733606872440609,0.198924731182796,279,-0.576401596087199,1
PZA00192.7,1,35621803,0.759241998184536,0.21326164874552,279,-0.505102729950564,1
PZA00192.6,1,35621919,0.646232528067217,0.186379928315412,279,-0.766133223720636,1
PZA03345.2,1,36548480,0.8280457839994,0.0483870967741935,279,0.553249297594031,1
PZA03345.1,1,36548526,0.556105401244505,0.281362007168459,279,-0.776665424225675,1
PZA03345.3,1,36548537,0.598492879647184,0.102150537634409,279,-1.08873058698479,1
PZA03345.5,1,36548621,0.455400533827052,0.10752688172043,279,-1.48395948965184,1
PZA02271.1,1,38607726,0.714747753738628,0.0591397849462365,279,1.08221909023741,1
PZB01440.2,1,40506950,1,0,279,NA,1
PZA00240.6,1,41231748,0.283197189913926,0.456989247311828,279,1.43688384193971,1
PZA00240.4,1,41231931,0.250802713273984,0.415770609318996,279,1.54385170107374,1
PHM3726.129,1,41390404,0.125337515287499,0.444444444444444,279,2.17506473839286,1
PZA00274.7,1,41505016,0.132255407898432,0.243727598566308,279,-2.30224006975772,1
PZA00274.14,1,41505211,0.440532811580956,0.317204301075269,279,1.01811529815291,1
PZA02376.1,1,44506999,0.0305323264588306,0.137992831541219,279,-3.87708330081475,1
PZA03243.7,1,44531771,0.936535338227865,0.0734767025089605,279,-0.190020015314477,1
PZA03243.3,1,44531888,0.856826361222571,0.413978494623656,279,-0.265655725830331,1
PZA03243.6,1,44532145,0.173831995130241,0.0286738351254481,279,-4.7451428015683,1
PZA03243.4,1,44532279,0.93335490540919,0.265232974910394,279,0.12938582089389,1
PZA03243.2,1,44532330,0.84494836484604,0.293906810035842,279,0.330541449176652,1
PZA03742.2,1,44535266,0.853156290496838,0.301075268817204,279,-0.306755216813397,1
PZA03742.1,1,44535423,0.763436658137287,0.292114695340502,279,-0.504369824064629,1
PZB00033.1,1,44691505,0.556288369259168,0.168458781362007,279,-1.42035562078663,1
PZB02517.1,1,45278871,0.738189659238117,0.234767025089606,279,-0.478654156938821,1
PZA00081.17,1,45675053,0.887157718623269,0.014336917562724,279,0.734902551211403,1
PZA00081.18,1,45675182,0.341691816385016,0.159498207885305,279,-2.12600621990583,1
PZA03183.3,1,46064887,0.0223477932967561,0.333333333333333,279,-3.14674410677742,1
PZA03183.4,1,46064981,0.778418059096632,0.24910394265233,279,-0.437459055876073,1
PZA03183.2,1,46065083,0.539328669768041,0.184587813620072,279,-1.04572109344915,1
PZA03183.5,1,46065084,0.746446252660661,0.136200716845878,279,0.66284621955133,1
PZB00872.1,1,46255037,0.572221235079217,0.21505376344086,279,-0.929220922996953,1
PZB00872.3,1,46255059,0.389410070447935,0.137992831541219,279,1.86434783973846,1
PZD00010.3,1,46810807,0.0800731071804252,0.0931899641577061,279,3.32530582388176,1
ts2.3,1,46810810,0.213395976887942,0.0448028673835126,279,-4.19090275778705,1
ts2.4,1,46810918,0.288007233819307,0.297491039426523,279,-1.52507088769783,1
PZA03100.4,1,47280990,0.500799573229428,0.274193548387097,279,1.02556388584457,1
PZA03673.2,1,49531663,0.894996810379816,0.198924731182796,279,0.209046274094202,1
PZA03673.1,1,49531723,0.892019795394702,0.21505376344086,279,0.200427679959353,1
PZA03672.1,1,49533656,0.923274705810924,0.1415770609319,279,-0.168753884806419,1
PZB02095.3,1,50136980,0.690082698277904,0.0340501792114695,279,-1.1512879692094,1
PZB02095.2,1,50137048,0.894733783826685,0.025089605734767,279,-0.488099761704191,1
PHM4913.18,1,50197162,0.186766147897806,0.367383512544803,279,1.80064310252824,1
PZA00468.7,1,50197644,0.429684715864118,0.0197132616487455,279,-3.65450025575818,1
PZA03168.1,1,51514610,0.457181825922151,0.35663082437276,279,-0.955718492035743,1
PZA03168.5,1,51514741,0.865717907701095,0.0949820788530465,279,-0.406065342800682,1
PZA03168.2,1,51514784,0.0516891555708398,0.310035842293907,279,2.58411960321471,1
PZA00617.16,1,53357515,0.128138655269829,0.175627240143369,279,2.37915161192539,1
PZA00617.5,1,53357638,0.673226848278885,0.231182795698925,279,0.605802091059495,1
PZA03746.2,1,53430906,1,0,279,NA,1
PZA03746.5,1,53431019,0.148409465157629,0.0340501792114696,279,4.75137262407326,1
PZA03746.1,1,53431113,0.602149258799615,0.367383512544803,279,-0.695108434611027,1
PZA03746.4,1,53431210,0.0534054950356313,0.03584229390681,279,6.0485562602723,1
PZA02737.1,1,54049220,0.0245565563524274,0.317204301075269,279,2.99699098173978,1
PZA02550.1,1,55173916,0.122090670024027,0.0985663082437276,279,3.54874072440272,1
PZA02114.1,1,56175806,0.926686989561631,0.0913978494623656,279,-0.275202390747598,1
PZB01062.2,1,56846640,0.283001578935745,0.243727598566308,279,-1.60589478035862,1
PZB01062.3,1,56846728,0.686482752245977,0.433691756272401,279,0.528707480644656,1
PZB01062.1,1,56846992,0.516892600503966,0.121863799283154,279,-1.21983787775792,1
PZB01273.3,1,56885616,1,0,279,NA,1
PZB01273.2,1,56885823,0.918596384913095,0.275985663082437,279,-0.138511440783589,1
PZB01273.1,1,56885950,1,0,279,NA,1
PZB01273.4,1,56886064,1,0,279,NA,1
PZA00328.1,1,59647300,0.659412414305893,0.175627240143369,279,0.792473120602006,1
PZA03561.1,1,60212051,0.605523486076533,0.419354838709677,279,-0.646262440469863,1
PZA03561.4,1,60212209,0.47874617085251,0.0519713261648745,279,2.66566864860201,1
PZA03561.2,1,60212360,0.367262678150728,0.243727598566308,279,-1.39758839461971,1
PZA00378.9,1,63030387,0.0816572102054079,0.159498207885305,279,3.24809108139426,1
PZA00294.20,1,63913289,0.0532387764830673,0.164874551971326,279,-3.35646646438287,1
PZA00294.22,1,63913517,0.264017387755482,0.408602150537634,279,-1.46654025117183,1
PZA00294.4,1,63913569,0.465604140465705,0.222222222222222,279,1.10397064895414,1
PZA03189.2,1,64260629,0.689932852301552,0.315412186379928,279,0.549003915659051,1
PZA03189.3,1,64260661,0.0993772951870622,0.168458781362007,279,-2.90131230146937,1
PZA03189.4,1,64261105,0.683188016430504,0.453405017921147,279,-0.526501428186437,1
PZA03189.1,1,64261162,0.348889175379429,0.444444444444444,279,1.29341021925938,1
PZA00263.13,1,65108131,0.157300818573378,0.267025089605735,279,2.00001082454825,1
PHM5098.25,1,65825628,0.364747722111707,0.10573476702509,279,1.72671681774058,1
PZA02791.3,1,68322855,0.772084238016112,0.315412186379928,279,0.407958775841837,1
PZA02791.6,1,68322875,0.863996740405386,0.275985663082437,279,0.243430218801174,1
PZA00714.1,1,74579886,0.565877729590356,0.295698924731183,279,0.761470467661354,1
PZA00714.6,1,74580051,0.8393806896093,0.166666666666667,279,-0.395230243560414,1
PZA01267.3,1,76054042,0.183539999223008,0.388888888888889,279,1.75368027719962,1
PZA00752.1,1,80803012,0.809428938304086,0.0967741935483871,279,-0.567208569597938,1
PZA01135.1,1,82563962,0.742153752703253,0.172043010752688,279,0.572932331088432,1
PZA00119.4,1,83595286,0.612972003471014,0.164874551971326,279,0.796808479256545,1
PZA00119.1,1,83595353,0.626636066034033,0.442652329749104,279,-0.628529313464271,1
PZA00593.1,1,87910951,1,0,279,NA,1
PZA00593.2,1,87911166,0.177509339776825,0.00896057347670251,279,9.28279892738639,1
PZB01235.1,1,88380734,0.570365473875119,0.487455197132617,279,0.740922735175158,1
PZB01235.2,1,88380741,0.361227350959188,0.0913978494623656,279,-2.09302621371036,1
PZB01235.3,1,88380847,0.775228261452532,0.0627240143369175,279,-0.964618040218834,1
PZB01235.4,1,88380865,0.623290825920562,0.170250896057348,279,-0.903453072655663,1
PZA00692.4,1,88863332,1,0,279,NA,1
PZA03240.1,1,90772226,0.195267711983829,0.474910394265233,279,-1.90090096479921,1
PZA03240.2,1,90772275,0.228186237476619,0.46415770609319,279,1.71765039837321,1
PZA03240.4,1,90772459,0.699898936523303,0.0878136200716846,279,0.857133555010442,1
PZA03240.5,1,90772644,0.375392239521504,0.0483870967741935,279,-2.51348836039456,1
PZA03465.1,1,91279352,0.796400157367692,0.114695340501792,279,0.608752767511982,1
PZA03407.2,1,91391968,0.105639134243323,0.405017921146953,279,-2.27588918830508,1
PZA03407.5,1,91392329,0.409550080141958,0.0501792114695341,279,2.24295606457,1
PZA03407.3,1,91392495,0.168396615888763,0.224014336917563,279,-2.16392619419608,1
PZA03407.4,1,91392609,0.913106944778823,0.0537634408602151,279,0.302260278167369,1
PZA00944.1,1,91429024,0.80465815760183,0.290322580645161,279,-0.353498798087377,1
PZA00944.2,1,91429158,0.059469892052867,0.123655913978495,279,3.71509998461589,1
PZA00705.1,1,95897136,1,0,279,NA,1
PZA00705.5,1,95897171,1,0,279,NA,1
PHM9418.11,1,96545939,0.384637488606597,0.324372759856631,279,1.28584946514865,1
PZA02763.1,1,101421538,0.540763608993124,0.413978494623656,279,-0.762795564327651,1
PZA03014.21,1,102663629,0.35169266576754,0.032258064516129,279,-3.64269469314061,1
PZA03014.10,1,102663772,1,0,279,NA,1
PZA03014.9,1,102663802,0.50314073762259,0.0537634408602151,279,2.20690166743097,1
PZA00301.3,1,104998371,1,0,279,NA,1
PZA00939.1,1,106026234,0.495533744117854,0.424731182795699,279,-0.880973185934063,1
PZA01254.2,1,106204446,0.0784525034950069,0.318996415770609,279,2.45571727782269,1
PZA02070.1,1,114236990,0.799623691008396,0.10573476702509,279,0.571574927796661,1
PZA00205.7,1,118507445,0.108810074800105,0.211469534050179,279,2.55387406476737,1
PZA00010.5,1,119703101,0.0895215372749997,0.340501792114695,279,2.33861598265478,1
PZA03086.6,1,123936196,0.552738768614132,0.0591397849462365,279,-1.5877746822876,1
PZB01067.2,1,123936959,0.224557290714694,0.157706093189964,279,-2.18880115016816,1
PZB01067.1,1,123937824,0.448363720141145,0.0483870967741935,279,-2.08691622817328,1
PZA03394.1,1,137862451,0.817942514673512,0.145161290322581,279,-0.393305829510288,1
PZA02577.1,1,148524993,0.506862884162292,0.344086021505376,279,-0.902785479124172,1
PZA03200.2,1,148694799,0.281378696539405,0.433691756272401,279,-1.40883835861584,1
PZA03200.3,1,148694900,0.435958198405243,0.121863799283154,279,-1.69445029573069,1
PZA03200.1,1,148694930,0.724037138552407,0.422939068100358,279,-0.450516060639321,1
PZA03028.5,1,150749370,0.805632239356316,0.0842293906810035,279,-0.492568977228398,1
PZA02741.1,1,161072169,0.780616933614459,0.306451612903226,279,-0.374580092014915,1
PZA00098.14,1,161472433,0.144982911976915,0.0663082437275986,279,4.23460945148529,1
PZA00098.12,1,161472477,1,0,279,NA,1
PZA00660.20,1,170342897,0.576449652707543,0.0609318996415771,279,-1.58516297491151,1
PZA02963.4,1,173860693,0.137414359901071,0.0286738351254481,279,-5.49901865968513,1
PZA02963.5,1,173860756,0.652360361896759,0.0931899641577061,279,-1.00129268906457,1
PZB00963.3,1,173861482,0.92164639753114,0.00896057347670251,279,-0.656671697545512,1
PZB00963.2,1,173861543,0.0978695642627375,0.0681003584229391,279,4.56764691780593,1
PZB00963.1,1,173861608,0.64861370810479,0.0053763440860215,279,3.66349153686082,1
PZB00801.1,1,174183331,0.0722877654769316,0.340501792114695,279,2.54515180250009,1
PZA03581.1,1,175157930,0.214688867427724,0.415770609318996,279,1.60606534356813,1
PZA03581.2,1,175158066,0.679283917662671,0.152329749103943,279,0.769131721310254,1
PZA03580.2,1,175158899,0.62948888677706,0.385304659498208,279,0.620110779619367,1
PZA03580.4,1,175158988,0.900279850594571,0.157706093189964,279,-0.231482832387466,1
PZA03580.5,1,175159119,0.232489520168586,0.0125448028673835,279,6.71757628047107,1
an1.5,1,175504926,0.00136223270700747,0.381720430107527,279,4.76470721189881,1
PZA03540.1,1,177870650,0.0726303100304302,0.039426523297491,279,7.28288863696033,1
PZA00455.4,1,179852076,0.0689755194183655,0.159498207885305,279,3.22987970292392,1
PZA00484.5,1,180171012,0.713153826179083,0.218637992831541,279,0.597596485281986,1
PZA00484.6,1,180171048,0.639633327622087,0.0501792114695341,279,1.21568985278293,1
PZA02191.1,1,182386577,0.158130052604467,0.197132616487455,279,-2.35490166381548,1
PZA03112.1,1,182391102,0.827089029054092,0.120071684587814,279,-0.41692590234052,1
PHM1968.22,1,183647544,0.656953902085696,0.306451612903226,279,0.679105151236842,1
PZA00068.1,1,183831590,0.358090769014857,0.277777777777778,279,-1.40591402808157,1
PZA03531.1,1,184088942,0.53441377012295,0.0376344086021505,279,-3.18686657593556,1
PZB00149.1,1,188047564,0.0602330431064046,0.224014336917563,279,-2.72436103936253,1
PZB00149.2,1,188047739,0.233781828223409,0.238351254480287,279,-1.81851877418832,1
PZA00544.14,1,188047772,1,0,279,NA,1
PZB00454.2,1,188047850,0.0252279975796423,0.120071684587814,279,-4.411136883991,1
PZB00454.6,1,188048080,0.449443212947077,0.010752688172043,279,4.35023492304744,1
PZA00650.8,1,189467910,0.059717433198721,0.0448028673835126,279,5.37024065246991,1
PZD00053.5,1,193887303,0.660644508986598,0.154121863799283,279,0.745665625332356,1
PZD00053.4,1,193887369,0.988714308352088,0.365591397849462,279,-0.018573392677566,1
PZA00619.3,1,195425179,0.605193170381307,0.154121863799283,279,1.03324344242733,1
PZA03427.1,1,195589422,0.0224837290925656,0.261648745519713,279,-3.3809190512587,1
PZA03427.2,1,195589541,0.0201188456334174,0.247311827956989,279,-3.49156188559123,1
PZA02467.10,1,196927608,0.338708689872881,0.326164874551971,279,1.4428837833732,1
PZA00435.4,1,199755501,0.0551743543918591,0.318996415770609,279,2.60345910765556,1
PZA00435.5,1,199755531,0.0394854827925085,0.422939068100358,279,-2.71322621994338,1
PZA03074.24,1,201295597,0.678966256850942,0.161290322580645,279,0.699655872171697,1
PZA03074.27,1,201295773,0.867600069635591,0.193548387096774,279,0.291167023860872,1
PZA03685.1,1,201677505,0.10513645249255,0.0412186379928315,279,4.85894652441823,1
PZA03686.1,1,201677675,0.894462924118199,0.152329749103943,279,0.216484669741388,1
PZA03686.2,1,201677764,1,0,279,NA,1
PZB00400.1,1,202132005,0.437214396751651,0.379928315412186,279,1.02800901286242,1
PZB00393.2,1,202135195,0.410790214136267,0.480286738351254,279,-1.08676721518985,1
PZB01156.3,1,202381257,0.18282911412966,0.175627240143369,279,-2.32182971290999,1
PZB01077.7,1,202619562,0.932812972185664,0.116487455197133,279,-0.170214737187206,1
PZB01077.1,1,202619843,0.160283792619416,0.43010752688172,279,1.90927246113228,1
PZB01077.3,1,202619995,0.335645408484094,0.240143369175627,279,-1.48298873914718,1
PZB01077.2,1,202620610,0.151271893894468,0.10752688172043,279,3.02991432728949,1
PZA01216.1,1,203035464,0.0773204898333185,0.487455197132617,279,-2.38848329105169,1
PZA00131.14,1,203385274,0.666370412599737,0.164874551971326,279,-0.751199175144568,1
PZA00131.15,1,203385307,0.673537029970419,0.0555555555555556,279,1.61200102063375,1
PZB00991.1,1,203879850,0.462024413910569,0.159498207885305,279,-1.23805634834179,1
PZA01391.1,1,204199305,0.337644992430365,0.121863799283154,279,-2.10726983445079,1
PHM5480.17,1,204199508,0.264955972632918,0.263440860215054,279,1.64306004212866,1
PZB00728.1,1,206168095,0.487598176933159,0.5,279,0.925140601479132,1
PZB00728.2,1,206168158,0.990987135198801,0.261648745519713,279,-0.0167785309164712,1
PZA03218.1,1,206590338,0.445228023863669,0.401433691756272,279,1.01491296286149,1
PZA03218.2,1,206590497,0.889689041331276,0.134408602150538,279,-0.275706864647679,1
PZA01019.1,1,208143724,0.971349822581783,0.46594982078853,279,0.0455045341304916,1
PZA03194.2,1,212244300,0.0976222882246145,0.324372759856631,279,2.22586882849299,1
PZA03194.1,1,212244425,0.364759512682634,0.424731182795699,279,1.32708964122242,1
PZA03193.3,1,212307127,0.895812702862686,0.112903225806452,279,0.277969987452688,1
PZA03193.1,1,212307274,0.837524859648759,0.471326164874552,279,0.260746533441864,1
PZA03193.2,1,212307461,0.433048567997216,0.0483870967741935,279,-3.36666318267754,1
PZA02014.3,1,212557676,0.156618016766655,0.338709677419355,279,-2.02050821749385,1
PZA03276.2,1,213323483,0.237057242064019,0.155913978494624,279,1.89367208136361,1
PZA03276.4,1,213323513,0.394435179524199,0.0860215053763441,279,-1.81699164489367,1
PZA03276.3,1,213323599,0.276702833397236,0.267025089605735,279,1.51838147634839,1
PZA03276.1,1,213323899,0.347124808672885,0.365591397849462,279,1.21878518622216,1
PZA03265.3,1,214745681,0.194843881333674,0.224014336917563,279,2.04160670424359,1
PZA03265.4,1,214745789,0.691500991935318,0.132616487455197,279,-0.747250324755585,1
PZA03265.2,1,214746095,0.994298116198234,0.14336917562724,279,0.0123128255061205,1
PZA00289.11,1,215472483,0.53692099724056,0.247311827956989,279,1.02340871872076,1
PHM6043.19,1,216927159,0.419739627094374,0.10573476702509,279,1.75252545294387,1
PZB02171.1,1,216988578,0.844985025443998,0.292114695340502,279,-0.268592080914329,1
PZB02171.2,1,216988754,1,0,279,NA,1
PZA03545.1,1,216989434,0.714704305259212,0.017921146953405,279,1.69010739985759,1
PZA03741.1,1,216989646,0.564554706674938,0.336917562724014,279,-0.759949400941714,1
PZA00369.11,1,219201415,0.214861803926864,0.028673835125448,279,4.69642343185114,1
PZA00369.1,1,219201506,0.792435323028539,0.1415770609319,279,0.447694789776701,1
PZA03632.3,1,219400051,0.318718260384102,0.120071684587814,279,-1.9200806049522,1
PZA03632.1,1,219400178,0.944324814841492,0.43010752688172,279,0.0903812382240083,1
PZA03632.2,1,219400314,0.874609792581708,0.152329749103943,279,-0.275425643186756,1
PZA03631.1,1,219400450,0.402305112134267,0.0734767025089606,279,1.92012913311075,1
PZA03631.2,1,219400526,0.154950457020832,0.0161290322580645,279,-6.47657631593612,1
PZA03630.1,1,219401036,0.815573370298928,0.310035842293907,279,0.324174560186302,1
PZA03630.2,1,219401367,0.447693306755777,0.0860215053763441,279,-1.65951853997303,1
PZA03443.1,1,222014810,0.183724127345429,0.256272401433692,279,-1.85294431705613,1
PHM15871.11,1,222427156,0.666754014225709,0.154121863799283,279,-0.861034294182151,1
PZA02117.1,1,223466480,0.388505470120345,0.431899641577061,279,-1.14361712058987,1
PZA00403.5,1,223466873,0.231659561031033,0.340501792114695,279,1.6887459540622,1
PZB01979.2,1,224421551,0.427489606000452,0.379928315412186,279,1.04194419122614,1
PZB01979.3,1,224421962,0.64531314349932,0.290322580645161,279,-0.698760667834229,1
PZA00658.21,1,224518409,0.376760818597789,0.222222222222222,279,1.47486073244041,1
PZA00658.19,1,224518576,0.480741124021958,0.236559139784946,279,-1.06426279557416,1
PHM2478.22,1,226781494,0.175218205566094,0.148745519713262,279,2.71674140580005,1
PZA00664.3,1,227542648,0.0964476379835568,0.43010752688172,279,-2.04957813837694,1
umc128.2,1,227602208,0.866964015325848,0.455197132616487,279,-0.211984769011297,1
PZA03001.18,1,231037244,0.40551581050268,0.0896057347670251,279,-2.03070351905735,1
PZA03001.15,1,231037305,0.524284549864855,0.304659498207885,279,0.979640740830473,1
PZA03001.9,1,231037458,0.6834501992608,0.306451612903226,279,-0.628971471091142,1
PZB01647.2,1,231039050,0.994044797413864,0.043010752688172,279,-0.0273361649415267,1
PZB01647.1,1,231039372,0.376793265077782,0.299283154121864,279,1.35311878374075,1
PZB00116.3,1,233400962,1,0,279,NA,1
PZB00011.1,1,233401031,0.605108512475811,0.444444444444444,279,0.69989243479374,1
PZB00116.1,1,233401072,0.0767149673985665,0.347670250896057,279,2.42045270692523,1
PZB00011.6,1,233401162,0.291933881330241,0.120071684587814,279,-2.07183703753429,1
PZB00116.2,1,233401241,0.552754070097127,0.442652329749104,279,0.800521778017333,1
PZA00381.3,1,237639087,0.780770371945834,0.243727598566308,279,0.41633300342686,1
id1.9,1,238901790,0.617681553060902,0.03584229390681,279,1.70223281747452,1
id1.8,1,238901929,1,0,279,NA,1
id1.6,1,238902012,0.697634552090379,0.225806451612903,279,0.6666282879603,1
id1.3,1,238902078,0.892696923185974,0.225806451612903,279,0.226030935014718,1
id1.2,1,238902091,0.56175869531745,0.222222222222222,279,0.988250588250206,1
PZB02144.4,1,238902135,0.990312804157966,0.243727598566308,279,0.0204010796706866,1
PZB02144.5,1,238902252,0.610709469422511,0.146953405017921,279,-0.961860627968664,1
an1.4,1,240498509,0.0833747416134228,0.0860215053763441,279,4.07099131040586,1
PZB00148.3,1,240498948,0.318983081769013,0.222222222222222,279,-1.56403715053255,1
PZB00425.1,1,240499513,0.166616599795747,0.188172043010753,279,2.4014295982806,1
PZB00237.2,1,240501065,0.89337544521482,0.078853046594982,279,0.314807989089369,1
PZB00237.1,1,240501138,0.290768712248519,0.220430107526882,279,-1.78384736080872,1
PZA03301.2,1,240574247,0.0920052597472446,0.268817204301075,279,2.38457103011443,1
PZA03301.5,1,240574310,0.567457833500696,0.114695340501792,279,-1.16333508806824,1
PZA03301.3,1,240574367,0.248698546066529,0.159498207885305,279,-2.05222188800192,1
PZA03666.3,1,241424828,0.104253211827371,0.311827956989247,279,2.09061479474349,1
PZA03665.2,1,241430615,0.726742481428541,0.28673835125448,279,-0.488544477593001,1
PZA03664.1,1,241432880,0.44303700570823,0.442652329749104,279,-0.949459513445172,1
PZA03214.3,1,245136244,0.00447649806440908,0.161290322580645,279,4.87781552120841,1
PZA03214.2,1,245136273,0.509628485969424,0.224014336917563,279,-0.994515094755186,1
PZA03214.1,1,245136387,0.330301050445724,0.35663082437276,279,1.25113618519169,1
PZA00137.2,1,247821390,0.531014639584136,0.383512544802867,279,0.861998624075285,1
PZA03064.6,1,248503298,0.458853668198044,0.336917562724014,279,0.935550437860932,1
PZA03404.1,1,249259485,0.99644597646536,0.431899641577061,279,-0.00555876271927902,1
PHM16605.19,1,251142538,0.331465942157758,0.152329749103943,279,-1.66107621046575,1
PZA00411.1,1,251196990,0.950230201357792,0.0376344086021505,279,0.214364755766244,1
PZA02269.4,1,252721946,0.823058454754436,0.240143369175627,279,-0.332849173407175,1
PZA02269.3,1,252722026,0.57239922330642,0.297491039426523,279,-0.769369435649939,1
PZA00318.2,1,255148812,0.213993217478636,0.189964157706093,279,-2.03317089024995,1
PZA00318.5,1,255148947,0.485658036079739,0.112903225806452,279,1.24952498151237,1
PZA03387.1,1,255487200,0.871306729797564,0.313620071684588,279,-0.207439269047261,1
PHM14475.7,1,256245118,0.862339225210283,0.491039426523298,279,0.207679077172272,1
PZA03434.1,1,257050459,1,0,279,NA,1
PZA01588.1,1,258495441,0.483505818078425,0.498207885304659,279,0.936149110486632,1
PZA00339.3,1,260297200,0.576049824696142,0.347670250896057,279,0.737367411058233,1
PZA00094.2,1,260688178,0.66412805183984,0.254480286738351,279,0.650871464132888,1
PZB02476.1,1,261275414,0.809365700685931,0.123655913978495,279,-0.484065259120385,1
PZB02476.2,1,261275857,0.221678479426716,0.00716845878136196,279,9.01485395864626,1
PZA01921.19,1,261313982,0.800965057085334,0.265232974910394,279,-0.375402347352158,1
PZA00709.19,1,261859081,0.469001889213751,0.387096774193548,279,-0.906886081024275,1
PZA02985.5,1,262339533,0.765200410996432,0.448028673835125,279,0.41383079704751,1
PZA03457.1,1,262715518,0.0832367737347108,0.292114695340502,279,3.04327186351101,1
PZA00013.8,1,263276112,0.957665923661165,0.336917562724014,279,0.0736471098173272,1
PZA00013.9,1,263276335,0.995418553057297,0.329749103942652,279,0.00808710268585555,1
PZA03392.2,1,263337129,0.943916902983671,0.0949820788530466,279,0.161655636043064,1
PZA03392.1,1,263337243,0.122461551270826,0.236559139784946,279,2.39985457898456,1
PZA00356.8,1,263637986,0.727496011275305,0.0537634408602151,279,-1.04398051011189,1
tb1.1,1,264847299,1,0,279,NA,1
tb1.3,1,264847349,1,0,279,NA,1
tb1.20,1,264847406,0.744421233710739,0.103942652329749,279,-0.679082971931786,1
tb1.19,1,264847429,0.793358285678265,0.120071684587814,279,-0.518108478583775,1
tb1.18,1,264847469,0.8684479772627,0.123655913978495,279,-0.329821277501258,1
tb1.17,1,264847517,0.979371732549671,0.010752688172043,279,-0.153907809838458,1
tb1.15,1,264847721,0.615476465410455,0.372759856630824,279,-0.615549401042716,1
tb1.14,1,264847950,0.481373305488798,0.123655913978495,279,-1.37830145183189,1
tb1.13,1,264847982,0.78166444924422,0.164874551971326,279,-0.502366048840006,1
tb1.12,1,264847985,0.647159225483091,0.10752688172043,279,1.04488478592433,1
tb1.11,1,264848126,0.354453145251733,0.0412186379928315,279,3.31451505219445,1
tb1.8,1,264848659,0.914968291564726,0.032258064516129,279,0.414312703841247,1
tb1.5,1,264849536,0.320382955534821,0.0519713261648745,279,-2.95114553265547,1
PZD00083.4,1,264855731,0.0922964177522567,0.0896057347670251,279,3.75319652002963,1
PZD00083.3,1,264856041,0.294895417309793,0.125448028673835,279,-2.20978290319386,1
PZD00083.2,1,264856106,0.0855443939701605,0.0842293906810036,279,3.95356560528809,1
d8.1,1,265199563,0.844796624869323,0.313620071684588,279,0.312932531512686,1
d8.2,1,265199818,0.90879377135438,0.197132616487455,279,0.224166863464598,1
d8.3,1,265199938,0.598837070899924,0.311827956989247,279,-1.16760641290395,1
PZB00226.1,1,265201499,0.779848121079435,0.14336917562724,279,0.517884186082893,1
PZB01725.2,1,266953775,0.962035896620627,0.224014336917563,279,-0.0684740863386574,1
PZB01725.1,1,266954041,0.176991277164222,0.421146953405018,279,-1.73555682855156,1
PZB01728.5,1,266955761,0.518371903171726,0.0340501792114696,279,-2.64600185376476,1
PZB01728.6,1,266955990,0.494240806205422,0.170250896057348,279,1.08586696436782,1
PZB01728.7,1,266956231,0.375035502139733,0.186379928315412,279,1.3571431559216,1
PZA02812.43,1,267615478,0.985700101035755,0.268817204301075,279,-0.0258074139426538,1
PZA02812.34,1,267615649,0.607373364291322,0.28494623655914,279,-0.747162304606281,1
PZA00364.2,1,268082543,0.72573205609273,0.209677419354839,279,-0.54660623617664,1
PZA00364.5,1,268082607,0.301917771936008,0.175627240143369,279,-1.75251809088766,1
PZB00083.1,1,268369569,0.731375566175045,0.28673835125448,279,0.492751125459268,1
PZB00083.3,1,268369718,0.691458927864203,0.168458781362007,279,0.717199780940541,1
PZB00895.4,1,268369850,0.998331929533969,0.0501792114695341,279,-0.00579353741333222,1
PZB00895.3,1,268369942,0.81387767334894,0.10752688172043,279,0.494566997208882,1
PZB00895.1,1,268370364,0.760697757528343,0.252688172043011,279,0.503544597281575,1
PZB00895.2,1,268370415,0.918434727687046,0.372759856630824,279,-0.139605559426436,1
PZB00008.1,1,268371949,0.614563176421106,0.304659498207885,279,1.04966947361347,1
PZB00063.1,1,268373103,1,0,279,NA,1
PZB00063.6,1,268373267,0.577930092494796,0.114695340501792,279,-1.21763442044538,1
PZB00063.2,1,268373269,0.516839865641591,0.130824372759857,279,1.24339840173257,1
PZB00176.5,1,268373293,0.704759295080298,0.068100358422939,279,-0.907130300576682,1
PZB00063.3,1,268373339,0.399437432735126,0.342293906810036,279,1.19368933019191,1
PZB00063.4,1,268373504,0.298341897446223,0.498207885304659,279,-1.43761876049591,1
PZB00063.5,1,268373562,0.622146024208778,0.381720430107527,279,0.702943190153735,1
PZA02278.1,1,270002291,0.35460384757636,0.198924731182796,279,1.76644078294254,1
PZB01427.4,1,270364551,0.447037956987703,0.154121863799283,279,-1.3905703346695,1
PZB01427.5,1,270364633,0.389827077740236,0.057347670250896,279,-2.11634705978591,1
PZA02698.3,1,272318990,0.37571634189266,0.206093189964158,279,-1.64388431855255,1
PZA00698.4,1,273531917,0.299419943097245,0.100358422939068,279,2.07754235427787,1
PZA02520.1,1,275190900,0.092281871908236,0.256272401433692,279,-2.75319154099987,1
PZB00068.1,1,275982031,0.352236008234578,0.415770609318996,279,-1.22521398733558,1
PZB00184.2,1,275983349,1,0,279,NA,1
PZB00184.1,1,275983520,1,0,279,NA,1
PZB00018.4,1,275983631,0.048486616475192,0.399641577060932,279,2.65443039622689,1
PZB00018.3,1,275983798,0.583999441320316,0.0842293906810035,279,-1.22701031888888,1
PZB00178.2,1,275983912,0.104271844934095,0.293906810035842,279,-2.30170797515846,1
PZD00039.4,1,276320129,0.535075599108662,0.161290322580645,279,-1.05095395304142,1
PZD00039.2,1,276320365,0.321528074535408,0.277777777777778,279,-1.43776109105034,1
PZD00039.3,1,276321097,0.826018973383909,0.186379928315412,279,0.349386088174329,1
PZA01978.23,1,276645374,0.728078873983741,0.424731182795699,279,0.469567881425316,1
PZA02204.1,1,278690966,0.504924798288021,0.444444444444444,279,0.866745551623847,1
PZA00610.15,1,280215046,0.340608685767547,0.121863799283154,279,-1.82561855977603,1
PZA00610.9,1,280215196,0.502416751865736,0.137992831541219,279,-1.16272107145427,1
PZA03188.2,1,280719532,0.082927205840081,0.405017921146953,279,-2.39171767462114,1
PZA03188.1,1,280719719,0.176900236567817,0.383512544802867,279,-1.81721629109361,1
PZA03188.3,1,280719787,0.39771471274166,0.274193548387097,279,-1.24961268239225,1
PZA03188.4,1,280719882,0.00025277526381663,0.283154121863799,279,-5.8029192176636,0.591353284703771
PZA02957.4,1,281818425,0.548388955415657,0.148745519713262,279,1.00210031429544,1
PZA03020.8,1,282044048,0.367317213986136,0.295698924731183,279,1.27712588780954,1
PZA00245.16,1,284407357,0.964082297195524,0.28494623655914,279,-0.0643726247114736,1
PZA00245.14,1,284407382,0.493013739610844,0.0340501792114696,279,-2.29589987805524,1
PHM18705.23,1,284564734,0.413041758381228,0.388888888888889,279,-1.18687762258186,1
PZB01403.2,1,285273545,0.950116987866327,0.0896057347670251,279,0.143093507922735,1
PZB01403.5,1,285273773,0.239421119335354,0.046594982078853,279,4.13722903935364,1
PZB01403.1,1,285273845,0.00827467254585786,0.410394265232975,279,3.43383410817159,1
PZB01403.3,1,285273907,0.366972511911633,0.0698924731182796,279,2.15550718647336,1
PZB01403.4,1,285274032,0.399469547919842,0.0627240143369175,279,2.28112590187793,1
PZB01400.1,1,285364096,0.904322762300803,0.146953405017921,279,0.201114857476882,1
PZB01400.5,1,285364179,0.954521730569566,0.125448028673835,279,0.104812446058121,1
PZB01400.3,1,285364244,0.703031732136566,0.0340501792114696,279,-1.2101970679669,1
PZB01400.4,1,285364382,0.804698084868418,0.032258064516129,279,-0.797396459843668,1
PZB01400.2,1,285364454,0.925474436376217,0.046594982078853,279,-0.278366481125911,1
PZB01394.1,1,285421542,0.892458340392586,0.193548387096774,279,0.211360914380364,1
PZB01394.4,1,285421736,0.551431581873725,0.236559139784946,279,-0.882339396245726,1
PZB01394.2,1,285421905,0.165255507819327,0.405017921146953,279,-1.80156493076785,1
PZA00894.7,1,285891340,0.470857683070859,0.318996415770609,279,-1.03986492563525,1
PZA03037.8,1,285977254,0.801524683840453,0.109318996415771,279,0.491927965655652,1
PZA03037.3,1,285977341,0.679472813982591,0.114695340501792,279,0.81490383811699,1
PZA03037.2,1,285977386,0.132309903236614,0.474910394265233,279,2.01909898357242,1
PZB00119.1,1,286269951,0.789454413958053,0.446236559139785,279,0.357841525033737,1
PZB00119.3,1,286270485,0.24915848998734,0.236559139784946,279,-1.81474630138598,1
PZB02440.1,1,286271514,0.0304188273512559,0.159498207885305,279,4.12200608715114,1
PZB02513.3,1,286271692,0.845571914828809,0.172043010752688,279,-0.321539124493952,1
PZB02513.1,1,286271849,0.475871863670717,0.301075268817204,279,-1.1030468184488,1
PZB02513.4,1,286272166,0.232721477178276,0.0663082437275986,279,-3.11035216217823,1
PZA03305.3,1,286642520,0.0706754810956224,0.290322580645161,279,2.72058862039809,1
PZA03305.1,1,286642578,0.273973129210471,0.308243727598566,279,-1.59007228598752,1
PZA03305.4,1,286642691,0.126613579557684,0.0161290322580645,279,8.61546982576377,1
PZA03305.7,1,286642715,0.423965916898888,0.362007168458781,279,1.23601572180338,1
PZA03305.5,1,286642725,0.378183739973468,0.336917562724014,279,-1.34748659707959,1
PZA03305.2,1,286642765,0.0180739718721737,0.344086021505376,279,-3.2244048545862,1
PZA03076.10,1,287175779,0.681647173399738,0.379928315412186,279,0.615219191848889,1
PZA03111.2,1,287179850,0.0664616145649283,0.204301075268817,279,-2.86981540330008,1
PZA02837.5,1,287641039,0.719273854675597,0.405017921146953,279,-0.495577403755959,1
PZA02837.6,1,287641051,0.330041840952695,0.473118279569892,279,-1.29163596682539,1
PZB01226.1,1,288439770,0.888979164299541,0.0232974910394265,279,-0.559554727706182,1
PZB01227.3,1,288441116,0.923831809672118,0.189964157706093,279,0.166669025555537,1
PZB01227.1,1,288441342,0.848034545146457,0.435483870967742,279,-0.260276373976778,1
PZA03556.2,1,290049345,0.324936874325779,0.491039426523298,279,1.29493223206057,1
PZA03556.3,1,290049468,0.985095463489884,0.448028673835125,279,0.0233910626859719,1
PZA00520.4,1,290199645,0.906757630256686,0.100358422939068,279,0.247710257577354,1
PZA02044.1,1,290807362,0.852172414800737,0.218637992831541,279,-0.302814750073921,1
PZB02502.3,1,291031959,1,0,279,NA,1
PZB02502.5,1,291032046,0.920428528442483,0.0806451612903226,279,0.218283195364863,1
PZB02502.2,1,291032289,0.244932118640107,0.0627240143369176,279,3.03982169790795,1
PZB02502.1,1,291032576,0.219205944406872,0.446236559139785,279,-1.53771321352799,1
PZA00385.1,1,291738801,0.645067618345406,0.3584229390681,279,0.648951501298025,1
PZA00385.3,1,291738809,0.444409933259102,0.202508960573477,279,1.31085963218765,1
PZD00069.3,1,291833188,0.707520245779095,0.111111111111111,279,0.752402955472966,1
PZD00069.5,1,291833767,0.19199158916209,0.0627240143369175,279,3.1807269746076,1
PZD00069.4,1,291834351,0.0310543142714764,0.166666666666667,279,-3.40381211158267,1
PZA00307.12,1,291983606,0.773236919525464,0.0448028673835125,279,-0.944475843466377,1
PZA00307.14,1,291983663,0.338367903204573,0.397849462365591,279,-1.28359914403943,1
PZA00276.18,1,292092865,0.256908836643359,0.17741935483871,279,-1.83777610783598,1
PZA00991.2,1,292560595,0.815553602124806,0.189964157706093,279,0.439065804996894,1
PZA00235.6,1,292728854,0.952619347902303,0.21505376344086,279,-0.0911489727839385,1
PZA00235.8,1,292728923,0.298068312941888,0.139784946236559,279,-1.94691244566298,1
PZA00623.3,1,293632633,0.704882049875834,0.121863799283154,279,0.813010916816827,1
PZA00623.2,1,293632755,0.152263756965385,0.376344086021505,279,-1.88155568071839,1
PZA00623.1,1,293632805,0.0334127818711604,0.462365591397849,279,-2.91383068573175,1
PZA02359.10,1,293907804,0.623411081636004,0.46415770609319,279,0.643287649132117,1
PHM9807.9,1,294311411,0.298401697566987,0.170250896057348,279,1.85147538866764,1
PZA01238.2,1,294333956,0.467458274784656,0.387096774193548,279,-1.01140191832336,1
PZA01068.1,1,294472124,0.762332827766905,0.347670250896057,279,0.409617125076206,1
PZA00343.26,1,294646173,1,0,279,NA,1
PZA00343.31,1,294646235,0.438033580262718,0.370967741935484,279,-1.05308600193283,1
PZA00343.11,1,294646407,0.656211959762478,0.189964157706093,279,0.669424281508608,1
PZA00703.1,1,294674358,0.878175483562397,0.446236559139785,279,-0.208190135422012,1
PZA03018.9,1,294904680,0.754073222179438,0.0806451612903226,279,-0.766950010359736,1
PHM1275.22,1,294904743,0.0330189129618619,0.317204301075269,279,2.84755803549751,1
PZA03018.16,1,294904764,0.408400673718921,0.28673835125448,279,-1.18611115780401,1
PZA00243.24,1,295770969,0.0862326303232504,0.32258064516129,279,-2.51375216829224,1
PZA00243.1,1,295771060,0.274207950757186,0.412186379928315,279,-1.51280663332745,1
PZA00243.25,1,295771335,0.40784136102192,0.136200716845878,279,-1.67207356688079,1
PZA00856.2,1,295785198,0.93073334199786,0.331541218637993,279,0.113281532628802,1
PZA01807.1,1,297315711,0.409049333418947,0.256272401433692,279,-1.3440944337203,1
PZA00432.4,1,297570924,0.948605645567423,0.456989247311828,279,-0.0831747998285475,1
PZA00477.5,1,298082468,0.162005388056133,0.279569892473118,279,2.02326440571747,1
PHM7616.35,1,298082534,0.123884329100863,0.258064516129032,279,2.31799823555845,1
PZB01937.1,1,298412935,0.0888518286303591,0.272401433691756,279,-2.32713242014911,1
PZA00230.5,1,298412984,0.104686107791338,0.161290322580645,279,-2.8621004591411,1
PZB01937.2,1,298413091,0.723171110222598,0.118279569892473,279,0.721802248650299,1
PZB01937.3,1,298413352,0.641424870287187,0.127240143369176,279,-0.847484193848758,1
PZA00506.2,1,299170077,0.333970311615912,0.0627240143369175,279,-2.74868525370666,1
PZA03310.3,2,736367,1,0,279,NA,1
PZA03310.2,2,736559,0.0513938309316554,0.0197132616487455,279,-9.08759850567933,1
PZA00680.1,2,1081781,0.983156416339374,0.0913978494623656,279,0.0486476240063336,1
PZA00680.3,2,1081791,0.65218039587321,0.333333333333333,279,0.596049099262782,1
PZA00732.5,2,1174310,0.873872395593314,0.089605734767025,279,-0.332638520958476,1
PZA00732.2,2,1174438,0.368947681978109,0.184587813620072,279,1.46189363310309,1
PHM5817.15,2,1220908,0.885684192874834,0.374551971326165,279,0.191623947023958,1
PZA00365.3,2,1221350,0.744230743533634,0.451612903225806,279,-0.433023212686863,1
PZA00365.2,2,1221385,0.333897785820139,0.410394265232975,279,-1.30363307389648,1
PZB02366.2,2,2483775,0.0517701372344895,0.123655913978495,279,3.78152820273125,1
PZA02133.10,2,2483787,0.600893309416653,0.318996415770609,279,0.718834892574407,1
PHM1511.14,2,2483836,0.984225712728844,0.353046594982079,279,0.0255377192497019,1
PZB02366.1,2,2483916,0.638199691518556,0.0501792114695341,279,1.23991690667932,1
PZB02366.3,2,2483998,0.306479927596521,0.0268817204301075,279,-5.34488883709454,1
PZA00525.16,2,2527199,0.576852429685627,0.139784946236559,279,1.00265250492794,1
PZA00525.2,2,2527379,0.463857657991442,0.378136200716846,279,0.945740842937862,1
PZA00525.17,2,2527442,0.58202513992069,0.283154121863799,279,0.859767547921823,1
PZA02175.1,2,2793372,0.192887633534554,0.306451612903226,279,1.75233120193921,1
PZA02681.8,2,2795242,0.755558819655241,0.379928315412186,279,0.452055917589615,1
PZB02145.4,2,3173134,0.653652387562439,0.010752688172043,279,2.62675013118111,1
PZB02145.2,2,3173329,0.745794337079615,0.440860215053763,279,0.401526815019613,1
PZB02145.1,2,3173529,0.908555338527794,0.43010752688172,279,-0.157154558751849,1
PZB01233.6,2,3376157,0.724676547641523,0.0609318996415771,279,0.991752258145586,1
PZA00172.11,2,4177434,0.72022867330918,0.0842293906810036,279,-0.871128447024264,1
PZA00172.12,2,4177515,0.854902008610753,0.295698924731183,279,0.262750498981436,1
PZA00613.21,2,4180573,0.38148019637793,0.068100358422939,279,-2.34400715837467,1
PZA00613.20,2,4180603,0.738317007834651,0.0663082437275986,279,0.963473687056146,1
PZA00613.22,2,4180789,0.842638088594687,0.331541218637993,279,-0.290517315667256,1
PZA00396.9,2,4679573,0.0621707012792207,0.439068100358423,279,-2.73257764916969,1
PZA00396.10,2,4679610,0.340310099712562,0.363799283154122,279,-1.42501122144327,1
PZB02518.1,2,5058124,0.053270099068313,0.448028673835125,279,-2.56703388147852,1
PZA00200.8,2,5821096,0.682790989792426,0.444444444444444,279,0.526676062755548,1
PZA00200.9,2,5821159,0.925060344715298,0.0770609318996416,279,0.228924096861923,1
PZA02081.1,2,5923120,0.909729616322255,0.170250896057348,279,0.260711511243635,1
PZA00237.6,2,6041279,0.904927578951135,0.209677419354839,279,-0.18153142272173,1
PZA00237.2,2,6041506,0.785786701559466,0.224014336917563,279,-0.482853278492365,1
PZA00628.7,2,6425970,0.447235566505497,0.370967741935484,279,-1.00867526062772,1
PZA01935.10,2,6470320,0.240008225679417,0.347670250896057,279,1.79452273889274,1
PZA03747.7,2,7473076,0.0935690652638214,0.0501792114695341,279,5.14335470843401,1
PZA03747.4,2,7473327,0.427866774312364,0.1415770609319,279,1.43834773795681,1
PZA03747.2,2,7473491,0.0210493932608109,0.259856630824373,279,3.37569304015343,1
PZA03747.1,2,7473644,0.563697929756899,0.272401433691756,279,0.957528490804983,1
PZA03747.5,2,7473868,1,0,279,NA,1
PZA03748.2,2,7480688,0.377801521005664,0.168458781362007,279,1.41788804791625,1
PZA03748.3,2,7480880,0.0242247758409518,0.301075268817204,279,3.16373477735857,1
PZA03748.4,2,7481006,0.247834724186164,0.0609318996415771,279,-3.43846238788509,1
PZA03748.1,2,7481079,0.679117622678568,0.197132616487455,279,-0.668628888302929,1
PZA03701.1,2,7481522,0.191936646510437,0.469534050179211,279,1.75548477498172,1
PZA03700.3,2,7482182,0.981580706710389,0.0627240143369175,279,0.0680013414640541,1
PZA03700.2,2,7482369,0.954780629510163,0.155913978494624,279,0.110316904888279,1
PZA03699.1,2,7482709,0.0589980493597716,0.209677419354839,279,3.27456483376649,1
PZB00108.2,2,9400242,0.120228083598343,0.191756272401434,279,-3.77677000509004,1
PZB00108.4,2,9400477,0.819739306231485,0.354838709677419,279,0.314518635839205,1
PZB00517.4,2,9400593,0.514128393049581,0.0232974910394265,279,2.86849812276546,1
PZB00517.2,2,9400673,0.892811326125305,0.433691756272401,279,-0.184341246798504,1
PZB00901.7,2,9400770,0.724311917941681,0.0376344086021505,279,-1.52502297637537,1
PZB00901.4,2,9401003,0.533237913879237,0.401433691756272,279,0.851195052128797,1
PZB00089.3,2,9401124,0.246949783352734,0.224014336917563,279,2.00358647500459,1
PZB00901.6,2,9401212,0.742843206267433,0.234767025089606,279,-0.506755380134302,1
PZB00089.2,2,9401239,0.528476554258117,0.406810035842294,279,-0.844610587729504,1
PZB00901.3,2,9401316,0.813685253110615,0.365591397849462,279,-0.331601686971808,1
PZB00901.5,2,9401336,0.323656580060959,0.326164874551971,279,1.31762566365723,1
PZA02272.3,2,9917183,0.811580358461323,0.349462365591398,279,-0.32826829790732,1
PZA00620.3,2,10429405,0.616166050041892,0.448028673835125,279,0.634752341432172,1
PZA00620.2,2,10429605,0.438149825103533,0.39426523297491,279,-1.02540035878954,1
PZA00176.8,2,10533421,0.453130681664715,0.308243727598566,279,-1.08273554128777,1
PZA03336.3,2,11193471,0.780790407819577,0.209677419354839,279,0.411067297102005,1
PZA00259.1,2,11678938,0.90138778884159,0.422939068100358,279,0.230250174267584,1
PZA00008.1,2,11924901,0.87227638128813,0.134408602150538,279,0.294093164018838,1
PZB00219.1,2,12543294,0.321460715668552,0.317204301075269,279,-1.39695487744424,1
PZB00219.3,2,12543497,1,0,279,NA,1
PZB00219.2,2,12543545,0.8381817155746,0.0609318996415771,279,0.591254140552452,1
zfl2.3,2,12544637,0.426621375885953,0.5,279,1.01441239411997,1
zfl2.9,2,12544790,0.577053934563824,0.170250896057348,279,-1.12739766429127,1
PZA03136.4,2,13199808,0.541726937334508,0.0913978494623656,279,-1.35518737757978,1
PZA03210.1,2,13242487,0.124431373177521,0.225806451612903,279,-3.09191680741804,1
PZA00108.12,2,13779884,0.0559304793253602,0.10752688172043,279,-4.01449438634728,1
PZA00108.4,2,13779970,0.354270468730989,0.46415770609319,279,1.20789159374694,1
PZA01753.1,2,14751136,0.699702832051775,0.186379928315412,279,0.731701071533854,1
PZA03559.2,2,15810122,0.722957237989544,0.032258064516129,279,1.77402332561961,1
PZA03559.1,2,15810363,0.00787865538122428,0.426523297491039,279,-3.40100502555375,1
PZA00459.5,2,17015152,0.0652804185591545,0.390681003584229,279,-2.3303959711716,1
PZA02814.2,2,17268906,0.392974009607495,0.467741935483871,279,-1.10086949886421,1
PZA03442.1,2,18125201,0.484177854935124,0.1415770609319,279,1.2694937971274,1
PZA00497.4,2,19837491,0.937833205136618,0.263440860215054,279,0.11411670138132,1
PZA00497.1,2,19837545,0.27310388042732,0.292114695340502,279,1.66150779995927,1
PZA03228.2,2,20042233,0.63738667888419,0.146953405017921,279,-0.879233873526746,1
PZA03228.3,2,20042386,0.704308114310912,0.329749103942652,279,-0.521977729612489,1
PZA03228.4,2,20042412,0.305976974367622,0.195340501792115,279,2.21642764644183,1
PZB00793.1,2,20722170,0.437722058790201,0.451612903225806,279,0.986782387665452,1
PZB00793.2,2,20722655,0.946640544830559,0.267025089605735,279,-0.0967630178003329,1
PZB02020.3,2,20954147,0.623793637896676,0.0161290322580645,279,2.51662658729531,1
PZB02020.2,2,20954874,1,0,279,NA,1
PZB02017.1,2,20958246,0.388452610639166,0.229390681003584,279,1.40799784033043,1
PZB02017.2,2,20958307,0.612598902041804,0.102150537634409,279,-1.00350392504953,1
PZB02017.5,2,20958456,1,0,279,NA,1
PZB02017.4,2,20958530,0.37744338614978,0.0125448028673835,279,-4.65463837968684,1
PZB02017.3,2,20958616,0.235140546202771,0.10573476702509,279,-2.34020826746389,1
PZA00349.3,2,21201165,0.557268535501983,0.0519713261648745,279,1.5860721354182,1
PZA03635.1,2,21202350,0.432929996676833,0.231182795698925,279,1.26796889537512,1
PZA03634.2,2,21203177,0.393598716284002,0.046594982078853,279,2.78083739765803,1
PZA03634.1,2,21203230,0.11320902405391,0.263440860215054,279,2.54042134582174,1
PZA03633.1,2,21203782,0.360516103042114,0.00896057347670254,279,-5.77510366887989,1
PZA00590.1,2,21991242,0.606680337300388,0.234767025089606,279,0.81095300018608,1
PZA01879.1,2,22196255,0.456363489366093,0.132616487455197,279,1.39308618965429,1
PZA00471.2,2,22429044,0.183552493218552,0.155913978494624,279,-2.50679772024462,1
PZA00471.1,2,22429119,0.353923760290145,0.111111111111111,279,1.93931528724525,1
PZA03350.1,2,22805046,0.36460459292683,0.0161290322580645,279,-4.35832019399802,1
PZB02167.2,2,22805327,0.581719266439161,0.0483870967741935,279,-1.57941041747982,1
PZB02167.1,2,22805742,0.950455163184986,0.0663082437275986,279,0.162382242960272,1
PZB02194.1,2,22808653,0.507524899461471,0.354838709677419,279,-0.919522638690111,1
PZA00102.8,2,24893433,0.100622706860706,0.102150537634409,279,-3.13882060714037,1
PZA00102.6,2,24893463,0.0811327179741415,0.120071684587814,279,3.29494804541579,1
PZA01755.1,2,25230561,0.784981364254257,0.387096774193548,279,0.368231064672018,1
PZA03642.1,2,25924769,0.557461932497009,0.123655913978495,279,1.17993882066817,1
abph1.20,2,27403404,0.671748948936215,0.234767025089606,279,-0.657651308781103,1
abph1.19,2,27403428,0.571218324634461,0.0806451612903226,279,-1.58684326352804,1
PZB02035.2,2,27403490,0.913240804849376,0.170250896057348,279,-0.177320750893465,1
PZB02035.3,2,27403594,0.723322861243301,0.259856630824373,279,0.526512050225701,1
PZB02035.4,2,27403660,0.943990553522333,0.188172043010753,279,-0.109465126107346,1
PZB02035.1,2,27403823,0.266751428347705,0.277777777777778,279,-1.57222967125049,1
abph1.22,2,27403892,1,0,279,NA,1
abph1.15,2,27403986,0.877845614602747,0.478494623655914,279,-0.204353300906058,1
abph1.10,2,27404108,0.448229391189351,0.338709677419355,279,-1.09662456744788,1
abph1.9,2,27404126,0.518816501162721,0.297491039426523,279,0.964906189146696,1
abph1.5,2,27404261,0.416977848042408,0.0896057347670251,279,-1.9048843885412,1
abph1.3,2,27404343,0.865036483861148,0.157706093189964,279,0.297319053133127,1
abph1.1,2,27404419,0.669842461343364,0.188172043010753,279,-0.722532984161004,1
PZA03568.1,2,27790383,0.344906591823667,0.139784946236559,279,-2.04473379750927,1
PZA03568.2,2,27790401,0.813235632124093,0.209677419354839,279,-0.402324211273527,1
PZA03568.3,2,27790566,0.315561341297241,0.0842293906810036,279,2.36640533134822,1
PZA03567.1,2,27791160,0.475275345956634,0.175627240143369,279,1.20927841415914,1
PZA01374.1,2,28316042,0.336182292516302,0.0931899641577061,279,2.78202232223057,1
PZA03121.2,2,29977973,0.625743302758603,0.191756272401434,279,-0.787622328529145,1
PZA01336.1,2,31394426,0.661974438715474,0.256272401433692,279,-0.671850945203059,1
PZA03319.1,2,31946302,0.761986633396232,0.347670250896057,279,-0.396673548088977,1
PZB02523.1,2,32949215,0.236074267009355,0.175627240143369,279,2.29320749843408,1
PZA00061.1,2,33824834,0.687186691354667,0.378136200716846,279,0.535883152482849,1
PZA02378.7,2,35040818,0.222653553237874,0.396057347670251,279,-1.65317758611892,1
PZB00257.1,2,35753260,0.707557910076998,0.0537634408602151,279,-0.986682443026913,1
PZA02793.33,2,36943058,0.722162388492555,0.17741935483871,279,0.5870777890568,1
PZA03328.6,2,37328085,0.390770135950416,0.164874551971326,279,-1.38045649722575,1
PZA03328.4,2,37328160,0.448434075155029,0.150537634408602,279,-1.30050465540483,1
PZA03328.2,2,37328339,0.833126331722531,0.121863799283154,279,0.390640120244017,1
PZA03328.7,2,37328362,0.703665349118785,0.102150537634409,279,0.760153612648278,1
PZA03328.3,2,37328439,0.754235086740547,0.1415770609319,279,-0.570907854144163,1
PZA00730.2,2,38352327,0.232221984380358,0.132616487455197,279,-2.11698585605735,1
PZB01230.2,2,39040619,0.293669159785526,0.421146953405018,279,-1.32407373663642,1
PZB01230.1,2,39040641,0.770576002521151,0.127240143369176,279,-0.524792513202896,1
PZB01230.5,2,39040780,0.34819050550774,0.154121863799283,279,1.60857564446798,1
PZB01231.4,2,39041029,0.769677812144549,0.256272401433692,279,-0.473900135802869,1
PZB01231.1,2,39041048,0.355683669737445,0.353046594982079,279,-1.22092102329908,1
PZB01231.2,2,39041117,0.814105869531797,0.207885304659498,279,-0.356991795796726,1
PZB01231.3,2,39041317,0.737994422875369,0.367383512544803,279,0.461562276599141,1
PHM10404.8,2,40967991,0.777097209698624,0.474910394265233,279,0.362172610476091,1
PZA03233.3,2,41493308,1,0,279,NA,1
PZA03233.1,2,41493380,0.313907971720113,0.222222222222222,279,-1.45029029206839,1
PZB01047.1,2,42722721,0.751662655643942,0.387096774193548,279,-0.380278123161372,1
PZA00226.6,2,43256857,0.939097296283174,0.0627240143369176,279,-0.202780656596,1
PZA00226.7,2,43256960,0.909462016315942,0.207885304659498,279,0.167464138079057,1
PZB00017.1,2,43923075,0.250089277354381,0.0591397849462366,279,3.82391118090292,1
PZB00183.1,2,43923340,0.0837722675711464,0.370967741935484,279,2.20266616076854,1
PZB00165.4,2,43923359,0.0343039252103481,0.114695340501792,279,-4.29632778996005,1
PZB00183.2,2,43923377,0.277768761368863,0.218637992831541,279,1.67970854437758,1
PZB00165.2,2,43923473,0.813482955976207,0.378136200716846,279,-0.305334224432809,1
PZA02808.16,2,44606521,0.907362882255913,0.317204301075269,279,-0.156141311271338,1
PZA02808.14,2,44606542,0.537573617045679,0.0716845878136201,279,-1.48738357519402,1
PZA02808.12,2,44606596,0.929738366415759,0.057347670250896,279,-0.212729508087699,1
PZB01370.1,2,44880958,0.592546696723799,0.28673835125448,279,0.739158200919529,1
PZB01370.2,2,44881342,0.737341474838115,0.224014336917563,279,-0.50006396053712,1
PZA02450.1,2,47575949,0.0941988660377311,0.292114695340502,279,-2.31826342107796,1
PZA02774.1,2,49160699,0.713791508008894,0.200716845878136,279,0.62265328218981,1
PZA02168.1,2,51780601,0.815505072794229,0.270609318996416,279,-0.363748789548223,1
PZA03629.1,2,51784790,0.562594841863724,0.317204301075269,279,-0.815617214949068,1
PZA03629.2,2,51785014,0.542797683054447,0.491039426523298,279,-0.707362316212043,1
PZA03628.1,2,51785080,1,0,279,NA,1
PZA03627.1,2,51785517,0.514593395361893,0.275985663082437,279,0.938625179538671,1
PZA03627.3,2,51785620,0.645926860347272,0.186379928315412,279,0.762472582371401,1
PZB02209.1,2,56773455,0.578808523931089,0.224014336917563,279,-0.864883767341051,1
PZB02209.2,2,56773640,0.325501771115378,0.120071684587814,279,1.87530060620099,1
PZB02209.3,2,56773916,0.568638358952499,0.025089605734767,279,-2.39974226010246,1
PZA00394.15,2,56930205,0.717491295359823,0.46594982078853,279,-0.675350827051951,1
PZA00394.11,2,56930271,0.406397119651777,0.146953405017921,279,-1.37163011363362,1
PZA03756.1,2,58354634,0.5262239668903,0.456989247311828,279,0.830502588804493,1
PZA03756.2,2,58354695,0.143084277360941,0.351254480286738,279,1.92505650080927,1
PZB01325.1,2,58472853,0.646919969426236,0.132616487455197,279,0.924067588486775,1
PZA00635.7,2,59600768,0.722095129505628,0.412186379928315,279,0.473590992857935,1
PZA00635.4,2,59600797,0.242187899584832,0.473118279569892,279,-1.59800581017058,1
PZA00635.1,2,59600932,0.366570808554292,0.401433691756272,279,1.24378770890106,1
PHM10321.11,2,62802971,0.861940525629798,0.492831541218638,279,0.226812046491453,1
PHM3457.6,2,62804122,0.344660666586619,0.446236559139785,279,1.24317648921503,1
PZA02881.9,2,62804286,0.511945040880983,0.351254480286738,279,-0.879187772296711,1
PZA00280.14,2,62870552,0.202076889999928,0.0232974910394266,279,6.0787797817713,1
PZA00442.4,2,63547171,0.433360474816273,0.349462365591398,279,-1.05818184349522,1
PZA00442.3,2,63547199,0.835732431451715,0.360215053763441,279,-0.279365902294792,1
PZA03410.1,2,68655603,0.480142552322985,0.114695340501792,279,-1.31101753238842,1
PZA00170.1,2,69623218,0.0329117324110669,0.182795698924731,279,-3.27176039978281,1
PZA03358.4,2,74221735,0.62345196731493,0.0645161290322581,279,1.17815462110747,1
PZA03358.2,2,74221816,0.99967415146622,0.0412186379928315,279,-0.00124428268224364,1
PZA03358.1,2,74221900,0.63555190255188,0.0609318996415771,279,1.15250192530082,1
PZA03358.3,2,74221960,0.689670385759015,0.0788530465949821,279,-0.942635428685291,1
PZA02946.8,2,83201598,0.4298318207744,0.397849462365591,279,-1.1052581503031,1
PZA01902.1,2,89520665,0.470598828238751,0.078853046594982,279,2.3475238139882,1
PZA02549.3,2,103493947,0.775485981802191,0.154121863799283,279,0.553885638258019,1
PZB00607.1,2,104938493,0.325597249515946,0.288530465949821,279,-1.46719631271888,1
PZA00291.7,2,107146789,0.35923702058718,0.182795698924731,279,-1.41803117869244,1
PZB02521.1,2,118120373,0.825926015367777,0.308243727598566,279,-0.31264968648932,1
PZA00485.2,2,121241431,0.907973531946232,0.32258064516129,279,0.163776856008058,1
PHM3626.3,2,125642617,0.935030471534062,0.453405017921147,279,-0.10234565663425,1
PZA02966.10,2,128180134,0.234342494478873,0.0663082437275986,279,-2.86722834445112,1
PZA02966.11,2,128180206,0.655768583807972,0.283154121863799,279,0.611464157665025,1
PZA03278.1,2,128573571,0.309898339370302,0.476702508960573,279,-1.30671645649592,1
PZA03278.2,2,128574019,0.831978008937737,0.288530465949821,279,0.290008399355934,1
PZA02831.2,2,131092176,0.223371310942544,0.216845878136201,279,1.82668154643727,1
PZA02831.5,2,131092323,0.72987470998694,0.0752688172043011,279,0.787760763153404,1
PZA02831.6,2,131092420,0.47114945686687,0.136200716845878,279,-1.25948860492878,1
PZB01969.3,2,136267079,0.725033661236778,0.103942652329749,279,-0.733682549978051,1
PZB01969.1,2,136267342,0.505758048715313,0.010752688172043,279,3.86000473928463,1
PZB01969.4,2,136267476,0.500550753068907,0.0125448028673835,279,-3.77394882756516,1
PZB01969.2,2,136267644,0.256867407778129,0.0931899641577061,279,2.61938128652477,1
PZB01487.1,2,139752027,0.365368019953981,0.263440860215054,279,-1.26491381134013,1
PZB01487.2,2,139752077,0.705700949356217,0.118279569892473,279,-0.770497803024482,1
PZB02511.1,2,140014895,0.132405514524509,0.326164874551971,279,1.97599587816672,1
PZA00140.7,2,140264825,0.498513041927827,0.0752688172043011,279,-1.60239373984238,1
PZA00140.6,2,140264872,0.651762135487518,0.0752688172043011,279,1.06134649139622,1
PZA00277.13,2,141942735,0.013345266030572,0.222222222222222,279,3.86854865157271,1
PZA00277.9,2,141942814,0.00250956176888998,0.193548387096774,279,5.0788586460418,1
PZA02626.1,2,144527921,0.494165635523244,0.451612903225806,279,-1.46914863393832,1
PZA00029.12,2,144528504,0.232306987812013,0.123655913978495,279,2.20685503005993,1
PZA00029.11,2,144528591,0.568230267293351,0.043010752688172,279,-1.72217559647649,1
PZB01285.2,2,145724799,0.885563854468759,0.0197132616487455,279,-0.608869145027409,1
PZB01285.1,2,145725068,0.196215586532198,0.032258064516129,279,6.53374123058262,1
PZA03211.5,2,148837537,0.313426953834398,0.222222222222222,279,-1.6736045260883,1
PZA03211.3,2,148837564,0.873380837575947,0.313620071684588,279,-0.214689878883769,1
PZA01280.2,2,149428645,0.84125698347834,0.408602150537634,279,-0.249742633046904,1
PZA01537.2,2,150984061,0.591369539117574,0.442652329749104,279,-0.677308477046092,1
PZA02939.6,2,157152608,0.503466033732536,0.021505376344086,279,-3.09550365126334,1
PZA02939.5,2,157152675,0.458016220630319,0.148745519713262,279,1.32195451265011,1
PZA00133.1,2,157316199,0.717335604844751,0.0913978494623656,279,0.910188531152967,1
PZA00133.3,2,157316321,0.101229308888815,0.166666666666667,279,2.9267132475947,1
PZA03539.1,2,157316550,0.0621953703558878,0.186379928315412,279,-3.20897677837754,1
PZA03390.1,2,158767674,0.734319075962015,0.0555555555555556,279,-0.900783787823546,1
PZA03083.7,2,159619959,0.658651450383353,0.032258064516129,279,1.72627308564528,1
PZB02119.1,2,160112653,0.618890281286687,0.039426523297491,279,-2.05611200954084,1
PZB02235.2,2,160125437,0.377220682788935,0.014336917562724,279,4.75776562061659,1
PZB02235.5,2,160125620,0.59076046759338,0.157706093189964,279,-1.01974496086548,1
PZB02235.3,2,160125895,0.609891113790931,0.0663082437275986,279,-1.22362272574269,1
PZB02235.4,2,160126422,1,0,279,NA,1
PZA00367.2,2,161879250,0.552511626740877,0.150537634408602,279,-1.00767802315389,1
PZA00367.6,2,161879515,0.025111271980809,0.0681003584229391,279,5.6151495692601,1
PZA00478.7,2,162823104,0.750731260076923,0.03584229390681,279,1.21599919780978,1
PZA01321.1,2,164561951,0.641398524507018,0.28673835125448,279,0.683582053826997,1
PZA03692.1,2,166659759,0.711778901810467,0.437275985663082,279,0.519168087679102,1
PZA03688.3,2,166660386,0.633195580576376,0.492831541218638,279,0.650959103977473,1
PZA03688.2,2,166660485,1,0,279,NA,1
PZA03690.1,2,166660980,0.629219427553794,0.442652329749104,279,-0.67462346553653,1
PZA03690.2,2,166661063,0.718928996103579,0.39247311827957,279,-0.502515567015509,1
PZA02841.3,2,167759219,0.871405538691961,0.0734767025089605,279,-0.407711640189923,1
PZA02841.5,2,167759231,0.461338511956658,0.191756272401434,279,1.29037201457406,1
PZA03418.1,2,168377989,0.722815608659913,0.0878136200716846,279,-0.728644140534942,1
PZA03418.2,2,168378080,0.81531075198507,0.0842293906810035,279,0.490414590791547,1
PZA01638.1,2,168860137,0.151564109496424,0.132616487455197,279,-2.80019067655256,1
PZA00515.10,2,169265278,0.921478164978463,0.288530465949821,279,-0.135387970759448,1
PZA00637.4,2,169524428,0.171935764970612,0.387096774193548,279,1.7957073134447,1
PZA03708.1,2,169976110,0.591347713168486,0.369175627240143,279,-0.739390622548528,1
PZA03708.3,2,169976308,0.631839828235124,0.0161290322580645,279,2.1763627019475,1
PZA03707.2,2,169989245,0.171900424948699,0.0340501792114695,279,4.41041049476479,1
PZA03707.1,2,169989408,0.7878167671727,0.372759856630824,279,0.369706514585348,1
PZA00495.5,2,170377814,0.970725729953039,0.456989247311828,279,-0.0512015302055948,1
PZA00495.3,2,170377897,0.728955052551901,0.415770609318996,279,-0.478825652144722,1
PZA00495.4,2,170377910,0.591089844595342,0.46594982078853,279,0.755071518422332,1
PZA03644.4,2,170899166,0.699158713482718,0.021505376344086,279,1.60734889451396,1
PZA03644.2,2,170899280,0.657902100748231,0.184587813620072,279,0.696826029870868,1
PZA03644.3,2,170899522,0.764721878211453,0.232974910394265,279,0.441568355554406,1
PZA03644.1,2,170899849,0.491939035503121,0.487455197132617,279,0.971606634872118,1
PZA03659.2,2,173848055,0.170175487051992,0.318996415770609,279,1.99242293504938,1
PZA03659.1,2,173848095,0.430811096833317,0.279569892473118,279,1.22676899772172,1
PZA03659.4,2,173848369,0.615631756100899,0.0752688172043011,279,1.27212931282871,1
PZA03660.1,2,173849191,0.924000048387238,0.211469534050179,279,-0.143923756218839,1
PZA03661.3,2,173849260,0.956079610573719,0.331541218637993,279,0.0748170452453412,1
PZA03661.1,2,173849428,0.965206656217603,0.342293906810036,279,0.0581574331056014,1
PZA03661.2,2,173849502,1,0,279,NA,1
PZA00224.4,2,176000581,0.298556632535635,0.408602150537634,279,1.31956275818024,1
PZA00224.3,2,176000714,0.49209562670049,0.220430107526882,279,1.19417002036731,1
PZA03286.1,2,177293723,0.550982566098509,0.114695340501792,279,-1.05700434451834,1
PZA03184.1,2,179826404,0.944297217879748,0.318996415770609,279,0.0968624146830337,1
PZA03184.2,2,179826439,0.618131406137979,0.10752688172043,279,1.12411215213214,1
PZA03184.3,2,179826461,0.236094080558104,0.42831541218638,279,1.52239883383314,1
PZA00729.18,2,186070362,0.352208052852326,0.057347670250896,279,-2.73510477412701,1
PZA00729.9,2,186070536,0.28973447524661,0.028673835125448,279,4.3026947912261,1
PZA03528.3,2,186510824,0.353947711936769,0.0412186379928315,279,2.65652128118614,1
PZA03528.1,2,186510935,0.746517854816889,0.270609318996416,279,-0.441603549558063,1
PZA03528.2,2,186511034,0.674706212200576,0.0627240143369176,279,-0.988644686872875,1
PZA03529.3,2,186511923,0.789229323816947,0.00716845878136201,279,-1.96660063350439,1
PZA03529.6,2,186512163,0.514613853623845,0.0412186379928315,279,1.87988658169431,1
PZA03529.1,2,186512251,0.305472274471344,0.496415770609319,279,-1.33427761854477,1
PZA03529.4,2,186512293,0.228185158402175,0.127240143369176,279,-2.22235786120662,1
PZA00611.1,2,187149215,0.975527376403723,0.440860215053763,279,0.0381582202822965,1
PZA02890.5,2,187225116,0.351258446559573,0.0519713261648745,279,-2.49157359034227,1
PZA02890.4,2,187225134,0.116188370349507,0.362007168458781,279,-2.3131724728321,1
PZA02890.3,2,187225194,0.190061155494626,0.32078853046595,279,-2.08881565365338,1
PZA00533.4,2,187495335,0.47676323827587,0.03584229390681,279,-2.27708461751607,1
PZA00533.3,2,187495401,0.979330142179598,0.0698924731182796,279,-0.0596577402454468,1
PZD00042.2,2,189293647,0.564870653033058,0.0573476702508961,279,-1.44045435331954,1
PZA00479.9,2,192125202,0.0867946539463658,0.130824372759857,279,3.37468453520658,1
PHM3055.9,2,192602324,0.763639795479441,0.302867383512545,279,0.39867038469554,1
PZA03384.2,2,193285152,0.342528207671927,0.00716845878136201,279,7.19294239902836,1
PZA03384.1,2,193285270,0.784179455967299,0.053763440860215,279,0.744359382314663,1
PZA03144.1,2,193321985,0.637534096716601,0.449820788530466,279,0.586514079582261,1
PZA00824.2,2,193996904,0.445821788298039,0.335125448028674,279,-1.01042352884089,1
PZA03640.1,2,195212071,0.304957812082273,0.046594982078853,279,3.12290405029697,1
PZA03641.1,2,195215389,0.601693093790503,0.0501792114695341,279,1.474184187129,1
PHM3668.12,2,195555350,0.0660710177694001,0.473118279569892,279,2.30943764889393,1
PZA02017.1,2,195834649,0.14371845607484,0.0591397849462365,279,5.25226264363708,1
PHM7953.11,2,195938817,0.810587393071333,0.487455197132616,279,-0.301990868483158,1
PZA00803.3,2,196001003,0.540660492334515,0.369175627240143,279,0.838126495567226,1
PZA00340.1,2,196280808,0.552159771754328,0.279569892473118,279,0.857748795532017,1
PZA02731.1,2,197109533,0.356562859219857,0.426523297491039,279,-1.31087197420344,1
PZB01267.1,2,198756269,0.142108456876379,0.21326164874552,279,2.51240846175453,1
PZB01267.2,2,198756501,0.254054003943425,0.492831541218638,279,1.57358596565228,1
PZB02013.1,2,198757428,0.116894832565607,0.207885304659498,279,-2.73726482136917,1
PZB02013.2,2,198757542,0.0868036882429928,0.21326164874552,279,2.93286175942008,1
PZB02013.3,2,198757777,0.0878576926071187,0.216845878136201,279,2.91043730420827,1
PZB01261.1,2,198780031,0.0906463226235796,0.222222222222222,279,-3.01520551434007,1
PZB01261.2,2,198780161,1,0,279,NA,1
PHM16125.47,2,199411414,0.457244947821177,0.232974910394265,279,1.24052756875215,1
PZB01103.2,2,200020987,0.491880176446114,0.372759856630824,279,0.89769600003454,1
PZB01103.4,2,200021059,0.893748796059527,0.00896057347670254,279,0.924861793842254,1
PZB01103.1,2,200021207,0.43434829438541,0.451612903225806,279,1.02620325054865,1
PZA03438.1,2,200624355,0.695066987557577,0.0286738351254481,279,-1.97180711220975,1
PZA00725.4,2,201957482,0.94970308011812,0.422939068100358,279,0.0831593566988,1
PZA00725.1,2,201957593,0.524985687814143,0.453405017921147,279,0.849844776568355,1
PZA03163.4,2,202113207,0.91006585108426,0.247311827956989,279,0.178762321345476,1
PZA03165.1,2,202113464,0.99988056844325,0.474910394265233,279,0.000193754073352981,1
PZA03163.2,2,202113539,0.429389173367356,0.410394265232975,279,1.0387322894978,1
PZA01885.2,2,206881202,0.738109568244778,0.202508960573477,279,0.533776855157886,1
PZA00390.6,2,206974644,0.0276024902941959,0.0519713261648745,279,-6.04614286020432,1
PZA00390.7,2,206974778,0.584352440708943,0.175627240143369,279,-0.909433858441615,1
PZA00639.12,2,207125619,1,0,279,NA,1
PZA02964.7,2,208276510,0.741243135482816,0.455197132616487,279,0.453651082504181,1
PZB00772.2,2,208388351,0.13728840920193,0.120071684587814,279,2.95091318873509,1
PZB00772.7,2,208388467,0.336755029212115,0.415770609318996,279,-1.41650644052799,1
PZB00772.1,2,208388592,0.107924195508865,0.385304659498208,279,2.18490295606438,1
PZB00772.4,2,208388718,0.983210927541976,0.152329749103943,279,0.0368914621728496,1
PZA03602.1,2,209504204,0.246330584983557,0.403225806451613,279,1.46165772339514,1
PZA03602.2,2,209504254,0.0773202420686436,0.121863799283154,279,3.33433471053303,1
PZA03601.3,2,209505940,0.0613331691686556,0.0734767025089605,279,-3.99187175348394,1
PZA03601.1,2,209506155,0.579356934876313,0.492831541218638,279,0.730744281737013,1
PZA03600.1,2,209507219,0.171604832342058,0.209677419354839,279,2.00729774425327,1
PZA02456.1,2,210924384,0.6784250744769,0.0663082437275986,279,-1.03458018852903,1
PZB01234.5,2,212960231,0.493902584386127,0.218637992831541,279,1.11559126039412,1
PZA03293.1,2,213615257,0.522372686547481,0.449820788530466,279,0.811024884849838,1
PZA02680.1,2,213668709,0.378713576025982,0.0842293906810035,279,-1.90886108985544,1
PZA00676.2,2,214263400,0.453647341557418,0.136200716845878,279,1.45567231859907,1
PZA02989.5,2,214339839,0.966679464258423,0.121863799283154,279,-0.0820441510859471,1
PZA03169.3,2,214423348,0.356028082623625,0.0913978494623656,279,2.30627816011951,1
PZA03169.1,2,214423402,0.37673414324741,0.195340501792115,279,1.4566491707774,1
PZA03169.2,2,214423504,0.267546704701739,0.299283154121864,279,-1.54850906759549,1
PZA02418.2,2,214647155,0.714301912876733,0.308243727598566,279,0.508028857990596,1
PZA00527.6,2,216832881,0.0600147520264813,0.247311827956989,279,-2.6300284206301,1
PZA00527.5,2,216832995,0.52461751925103,0.485663082437276,279,-0.811593379906675,1
PZA00527.10,2,216833071,0.774612405659537,0.349462365591398,279,0.379779348135941,1
PZA00164.1,2,217788232,0.734869574922284,0.336917562724014,279,-0.422234245274212,1
PZA02453.1,2,219554914,0.908496653873835,0.274193548387097,279,-0.16147863279172,1
PZA00163.4,2,220264713,0.584180520504169,0.399641577060932,279,0.685325745584215,1
PZA01991.3,2,220397345,0.506645346442709,0.433691756272401,279,0.866319833359493,1
PZB00139.1,2,221891382,0.136273375668236,0.241935483870968,279,2.13435117245472,1
PZA00487.24,2,222134965,0.933358575873019,0.211469534050179,279,-0.11674241412916,1
PZA00487.16,2,222135246,0.0851556539239313,0.21505376344086,279,2.67951956472397,1
PZB01013.3,2,222280629,0.307188501016347,0.378136200716846,279,1.34536973280264,1
PZB01013.1,2,222280720,0.659977593722724,0.14336917562724,279,0.868152405605708,1
PZB01013.2,2,222280823,0.136203264899162,0.413978494623656,279,-1.94526254357529,1
PZB01013.4,2,222280901,0.114822254596318,0.0842293906810036,279,-3.18818213750777,1
PZA01895.1,2,225848026,0.781831369920045,0.121863799283154,279,-0.595409038719488,1
PZA01352.5,2,226450170,0.930394481556556,0.437275985663082,279,0.104939779248247,1
PZA02727.1,2,227921381,0.990771912128445,0.469534050179211,279,-0.0147263146107259,1
PZA00121.1,2,228972770,0.0385631025581673,0.421146953405018,279,2.60534893018823,1
PZA00121.10,2,228972835,0.0628304058614318,0.189964157706093,279,3.04488622315048,1
PZA00672.6,2,228991006,0.188792355761489,0.168458781362007,279,2.18186460906273,1
PZD00022.5,2,233128511,0.764228134430424,0.349462365591398,279,-0.402764672334457,1
zap1.2,2,233128584,0.607219341366655,0.478494623655914,279,-0.686230574375098,1
zap1.3,2,233128701,0.829902983785853,0.281362007168459,279,-0.313146644694244,1
zap1.5,2,233128987,0.337328400731325,0.193548387096774,279,-1.60470723178104,1
PZD00022.3,2,233129091,0.704398375028902,0.360215053763441,279,0.497180938689746,1
zap1.7,2,233129136,0.923880787921713,0.263440860215054,279,-0.139094407659667,1
PZD00022.1,2,233129138,0.587259368515219,0.238351254480287,279,-0.817431872165339,1
PZA03576.4,2,233873436,0.299460770765985,0.0860215053763441,279,-2.38124263256959,1
PZA03576.1,2,233873786,0.541880403604322,0.340501792114695,279,-0.822270676828924,1
PZA03576.3,2,233874044,0.111858686391202,0.046594982078853,279,-4.72907067304077,1
PZA03577.2,2,233876178,0.0271165289156058,0.123655913978495,279,4.47566011631066,1
PZA03577.1,2,233876337,0.644178549013138,0.184587813620072,279,0.717239659359846,1
PZA03321.1,2,234574846,0.637989805375236,0.363799283154122,279,-0.599588982579187,1
PZA03321.4,2,234574991,0.466303016413169,0.0842293906810036,279,1.68154387255504,1
PZA00309.1,3,1240310,0.530026333168533,0.25089605734767,279,-0.955053284526954,1
PZA00134.12,3,1682341,0.983607478939472,0.102150537634409,279,0.0404807471378135,1
PZA00615.6,3,1882706,0.128236428741244,0.0806451612903226,279,3.31132593563507,1
PZA00615.3,3,1882847,0.652353165471812,0.111111111111111,279,0.882311705804559,1
PZA02090.1,3,4138512,0.194125799918072,0.491039426523297,279,-1.6944045747013,1
PZD00038.3,3,4824552,0.528927476969768,0.458781362007168,279,-0.848688291791586,1
PZD00038.1,3,4824779,0.309319708583948,0.220430107526882,279,1.65018801010254,1
PZA02678.1,3,5232441,0.473542934757937,0.193548387096774,279,1.02425545891546,1
PZA00100.9,3,5479958,0.270051488063043,0.229390681003584,279,-1.6287447132775,1
PHM12859.7,3,5479991,0.143605572294186,0.460573476702509,279,2.03265163990935,1
PZA00100.2,3,5480402,0.190792047849197,0.456989247311828,279,1.77276130188658,1
PZA00458.6,3,5480980,0.300560850356619,0.170250896057348,279,-1.67619296332932,1
PZA00458.1,3,5481011,0.0881119283407636,0.456989247311828,279,2.37652142143947,1
PZA03527.3,3,5748224,0.0186125871845362,0.116487455197133,279,-4.36738573173079,1
PZA03527.2,3,5748362,0.938885399182214,0.206093189964158,279,0.112242442944635,1
PZA03527.1,3,5748473,0.54544174365817,0.367383512544803,279,-0.776127042611909,1
PZA03212.3,3,6547051,0.287005717820748,0.0860215053763441,279,-2.36874605250364,1
PZA00749.1,3,6733476,0.360777171899023,0.222222222222222,279,1.33338016464052,1
PZB01947.1,3,7410038,0.508393359183726,0.227598566308244,279,1.04250791474576,1
PZA03525.1,3,7428361,0.672430805208301,0.0716845878136201,279,1.00495010232029,1
PZB01940.1,3,7429527,0.414799542679055,0.231182795698925,279,1.18188391492576,1
PZA03283.2,3,7602160,0.725698781130212,0.236559139784946,279,0.502900849288525,1
PZA03283.1,3,7602186,0.644097872317761,0.28494623655914,279,-0.642383123699852,1
PZA00537.4,3,8341160,0.437957516882492,0.0645161290322581,279,-2.13810961037078,1
PZB00470.5,3,9124190,1,0,279,NA,1
PZB00064.1,3,9124976,0.189233917497604,0.188172043010753,279,2.21388260189917,1
PZB00112.2,3,9125023,0.877911495571346,0.0501792114695341,279,0.454700335044652,1
PZB00112.1,3,9125043,0.478600346645541,0.0555555555555556,279,-2.9114095462585,1
PZA01765.1,3,9598936,0.0830610930038627,0.317204301075269,279,-2.5782587431828,1
PZA03009.5,3,11414308,0.264227618126327,0.211469534050179,279,-1.74817403044903,1
PZA03009.6,3,11414383,0.545151175948926,0.112903225806452,279,-1.10697904997817,1
PZA03009.7,3,11414423,0.516768022268186,0.403225806451613,279,0.875887116023925,1
PZA00508.2,3,11895612,0.828397968563568,0.449820788530466,279,-0.271415448687707,1
PZA03145.1,3,12965736,0.144569605214538,0.458781362007168,279,1.8264160196353,1
PZA02855.14,3,17184071,0.322811622369653,0.197132616487455,279,-1.58907566251549,1
PZA02855.17,3,17184120,0.905702649859159,0.310035842293907,279,0.16010097658429,1
PZA02855.22,3,17184237,0.975174453165439,0.245519713261649,279,-0.0469803153608117,1
PZA03309.1,3,18361979,0.508849075659669,0.0985663082437276,279,1.2776575925731,1
PZA00480.10,3,22952214,1,0,279,NA,1
PZA03185.1,3,23329881,0.651219354896627,0.471326164874552,279,0.580784375880227,1
PZA02427.1,3,23999118,0.503889556213416,0.417562724014337,279,-0.91961089707128,1
PZA00645.1,3,27040373,0.311596633062578,0.145161290322581,279,1.97300861049498,1
PZB01964.4,3,27198692,0.836640786095812,0.0967741935483871,279,-0.485942837756069,1
PZB01964.3,3,27198816,0.124998178909126,0.204301075268817,279,2.68093012883825,1
PZB01964.6,3,27199028,1,0,279,NA,1
PZB01964.5,3,27199404,0.315225762623027,0.116487455197133,279,-1.79545654135295,1
PZB01964.1,3,27199765,0.936953685192821,0.396057347670251,279,-0.110208258358992,1
PZB01720.1,3,27204262,1,0,279,NA,1
PHM2343.25,3,27981649,0.902553692797377,0.39426523297491,279,0.160319874008633,1
PZA00210.9,3,29693390,0.555851197520471,0.168458781362007,279,0.958241209173636,1
PZA00210.6,3,29693448,0.104685507811297,0.0232974910394265,279,-6.66636085235924,1
PZA00210.1,3,29693561,0.873286997789402,0.455197132616487,279,0.20380840160953,1
PZA03054.10,3,31695391,0.562558553383673,0.188172043010753,279,1.06474371744726,1
PZA03054.5,3,31695534,0.396267603248288,0.145161290322581,279,-1.71857064396741,1
PZA03054.3,3,31695569,0.822640299245629,0.340501792114695,279,-0.332877850465658,1
PZA01473.1,3,32080895,0.91438187669362,0.118279569892473,279,-0.27010470914195,1
PZA00348.10,3,32449451,0.554358723532377,0.0663082437275986,279,-1.65931781200236,1
PZA00348.11,3,32449584,0.149220793291864,0.485663082437276,279,1.91632168049925,1
zb21.1,3,37536931,0.0272350245390525,0.225806451612903,279,-3.52725761470349,1
PZA00380.5,3,39489976,0.252079590232972,0.224014336917563,279,1.91033597140003,1
PZA00380.7,3,39490060,0.712835133242427,0.311827956989247,279,0.519498748799679,1
PZA00297.2,3,39992968,0.78508615375721,0.365591397849462,279,0.413238192335602,1
PZA00297.3,3,39992991,0.343739594859053,0.376344086021505,279,1.42222922683466,1
PZA01114.2,3,40198671,0.576203356003776,0.28494623655914,279,-0.883466577934395,1
PZA03070.9,3,43868043,0.110936520183778,0.342293906810036,279,-2.29583339232513,1
PZA03070.7,3,43868067,0.0882541485824554,0.333333333333333,279,-2.47220119162764,1
PZA03070.6,3,43868070,0.0663796716675532,0.344086021505376,279,-2.65757686285312,1
PZA03070.5,3,43868105,0.251955183075925,0.268817204301075,279,1.70858209324532,1
PHM15899.9,3,43868122,0.552488449436224,0.118279569892473,279,1.45263268229368,1
PZA03269.1,3,51967230,0.315961883702518,0.152329749103943,279,-1.88676807544807,1
PHM15474.5,3,53548967,0.103034892003643,0.367383512544803,279,2.284913413569,1
PZA01447.1,3,53549251,0.295165556782117,0.46415770609319,279,1.45415412408468,1
PZA03119.1,3,54127608,0.717294006447337,0.417562724014337,279,-0.470015102938196,1
PZA03119.3,3,54127888,0.478166610169877,0.188172043010753,279,-1.08991089800828,1
PZA00265.6,3,55946581,0.00472436565914919,0.412186379928315,279,-3.81510751094902,1
PZA00265.4,3,55946639,0.0392689022199826,0.220430107526882,279,-3.25528096910644,1
PZA00627.1,3,56747948,0.0480378607968394,0.448028673835125,279,-2.58159155782582,1
PHM2324.23,3,57966892,0.0711240741021162,0.139784946236559,279,-3.74348606674171,1
PZA03242.1,3,58616503,0.882199843425099,0.326164874551971,279,-0.193414540683644,1
PZA02699.1,3,63847564,0.181236600248913,0.347670250896057,279,1.830218394179,1
PZA00414.27,3,64730607,0.754979314338876,0.267025089605735,279,0.446485221172354,1
PZA02134.3,3,66922282,0.139728678218215,0.198924731182796,279,2.60715414920208,1
PZA00608.1,3,67283995,0.404940002123964,0.374551971326165,279,1.15259819133805,1
PHM5502.31,3,67284067,0.186735757421205,0.474910394265233,279,1.80535560271642,1
PZA00608.5,3,67284085,1,0,279,NA,1
PZA00621.2,3,69079684,0.954005101971395,0.137992831541219,279,-0.103136858134433,1
PZA03366.2,3,69892464,0.428737658943748,0.0161290322580645,279,3.88445332351365,1
PZA03366.1,3,69892547,0.933351385540726,0.0304659498207885,279,-0.29161935126875,1
PZA00565.3,3,73140552,1,0,279,NA,1
PZA00109.3,3,82173052,0.734677699031438,0.369175627240143,279,0.450246267578462,1
PZA00232.24,3,95541392,1,0,279,NA,1
PZA02742.1,3,97441783,0.013049498687537,0.376344086021505,279,-3.28544011917906,1
PZA02645.2,3,101980017,0.384430924305785,0.460573476702509,279,-1.24002899799931,1
PZB02484.1,3,108233038,0.823587850376339,0.413978494623656,279,0.293945183820417,1
PZB02484.2,3,108233139,0.147202211947427,0.017921146953405,279,-6.68021452013151,1
PZA03761.3,3,110715343,0.0291413502118437,0.148745519713262,279,3.76665721182104,1
PZA03761.1,3,110715403,0.87012085357252,0.0232974910394265,279,0.590928326606153,1
PZA03761.2,3,110715467,0.863873771563283,0.0125448028673835,279,-1.0041166974089,1
PZA03761.4,3,110715630,1,0,279,NA,1
PZA00707.7,3,110715760,0.355664516519038,0.032258064516129,279,3.04096871564282,1
PZA00707.9,3,110715956,0.132700971574948,0.267025089605735,279,-2.1334112921204,1
PZA03760.3,3,110719350,0.556811767780435,0.00896057347670251,279,4.06202252586341,1
PZA03760.2,3,110719489,0.171671947823074,0.181003584229391,279,2.18723861759684,1
PZA03760.1,3,110719558,0.843357096677805,0.0734767025089605,279,-0.442026537663274,1
PZA03302.1,3,115392917,0.6148154075685,0.460573476702509,279,-0.65793528090986,1
PZA03302.2,3,115393003,0.327280434427839,0.0555555555555556,279,2.76924695371851,1
PZA03302.3,3,115393037,0.464731971551872,0.442652329749104,279,-0.981016771764512,1
PZA02619.1,3,120046370,0.537206381170286,0.168458781362007,279,-1.12455927030088,1
PZB00037.1,3,120915609,0.938686358234231,0.315412186379928,279,0.118357498699234,1
PZB00037.2,3,120915670,0.277247474291131,0.0663082437275986,279,-2.51272336557956,1
PZB00037.3,3,120915712,0.872206470812708,0.304659498207885,279,0.249239233280028,1
PZB00451.1,3,120915995,0.857397775795735,0.308243727598566,279,-0.278961959481534,1
PZB00035.1,3,120916059,0.258335150688348,0.313620071684588,279,1.78962919856448,1
PZB00451.2,3,120916079,0.970541281867781,0.0161290322580645,279,0.163923985282715,1
PZA03729.1,3,122631251,0.557551615866075,0.324372759856631,279,-0.776465962651612,1
PZA03730.1,3,122632051,0.266593255519292,0.261648745519713,279,-1.66529114600118,1
PZA03730.2,3,122632201,0.205036971611996,0.0985663082437276,279,2.78027891915281,1
PZA03730.3,3,122632318,0.672908980206605,0.0555555555555556,279,1.12178811461946,1
PZA03731.1,3,122634784,0.0859363819437195,0.017921146953405,279,-8.29954308842442,1
PZA03731.2,3,122634846,0.631343474083077,0.0197132616487455,279,2.0554303158951,1
PZA03198.3,3,123785075,0.391335122893892,0.274193548387097,279,1.46930773588687,1
PHM15449.10,3,125077922,0.503303359165793,0.42831541218638,279,0.894892411405265,1
PZA00413.2,3,125192322,0.722630757107015,0.474910394265233,279,0.458984630392658,1
PZA00413.18,3,125192339,0.560430723735225,0.442652329749104,279,-0.81059699696192,1
PZA00413.17,3,125192483,0.747207074961252,0.0698924731182796,279,-0.883288246941792,1
PZA00295.7,3,126261692,0.225064419864927,0.053763440860215,279,-3.56076849163823,1
PZA00363.6,3,132192142,1,0,279,NA,1
PZA00363.5,3,132192205,1,0,279,NA,1
PZD00016.4,3,133480594,0.316181919963173,0.207885304659498,279,1.73323910195173,1
PZD00015.5,3,133481473,0.346754624657832,0.222222222222222,279,1.50904313190156,1
PZD00014.4,3,133482561,0.00518090392496982,0.243727598566308,279,-4.38476356005332,1
PZB02002.1,3,133483395,0.229437578068912,0.189964157706093,279,2.15601603553058,1
PZA02888.3,3,134850306,0.636120685894841,0.127240143369176,279,-0.860977899875646,1
PZA03264.1,3,136356797,0.0806405267990933,0.0913978494623656,279,-3.63757598720733,1
PZA03122.1,3,136357534,0.479800634067062,0.152329749103943,279,-1.26182730457373,1
PZA00254.3,3,139668467,0.287478122283283,0.268817204301075,279,1.60505880310302,1
PZA00719.2,3,140524105,0.289539301550415,0.111111111111111,279,-2.04124395472687,1
PZA00719.1,3,140524287,1,0,279,NA,1
PZA00114.3,3,142431173,0.164389045044281,0.349462365591398,279,1.79371609756699,1
PZA00920.1,3,142821031,0.439907811964251,0.496415770609319,279,-0.999753771504224,1
PHM890.20,3,143853993,0.696043263379151,0.103942652329749,279,0.862811403986348,1
PZA02906.7,3,144466196,0.69430496974833,0.301075268817204,279,-0.539203631886976,1
PZB02044.1,3,144466243,0.648480428427824,0.193548387096774,279,0.802914941545889,1
PZB02044.3,3,144466246,0.288183294672593,0.234767025089606,279,-1.63060821368507,1
PZB02044.2,3,144466414,0.714506884394956,0.496415770609319,279,-0.468910652845091,1
PZB02122.1,3,145421006,0.109835350035376,0.224014336917563,279,-2.32738341350403,1
PZA03541.2,3,148153258,0.619202680806363,0.347670250896057,279,0.676916077310713,1
PZA03541.3,3,148153805,0.694597083906119,0.290322580645161,279,-0.530831950054647,1
PZA03541.4,3,148154058,0.43238111265763,0.10752688172043,279,-1.72775142794627,1
PZB01183.1,3,148380841,0.4512301767923,0.0197132616487455,279,-3.27325072045768,1
PZB00228.6,3,150829954,0.279823764240764,0.372759856630824,279,1.47448836245001,1
PZB00228.4,3,150830416,0.0233098129488854,0.170250896057348,279,-3.73295260401746,1
PZB00228.5,3,150830673,0.910016816203985,0.0663082437275986,279,-0.295937104322111,1
PZB00228.2,3,150830782,0.796455638059673,0.333333333333333,279,-0.362575075345953,1
PZB00274.4,3,150837246,0.016349185957494,0.159498207885305,279,4.47886662247094,1
PZB00274.5,3,150837488,0.410906140930248,0.306451612903226,279,1.18601949003294,1
PZA00827.1,3,155566732,0.979045788523653,0.363799283154122,279,-0.0366061173687773,1
PZA03658.1,3,155576390,0.801189556463155,0.439068100358423,279,0.330776602980988,1
PZA00507.11,3,155818939,0.238839941954118,0.440860215053763,279,-1.5639461222546,1
PZB01683.2,3,156252241,0.26846098017168,0.150537634408602,279,-2.02474312779486,1
PZB01683.3,3,156252478,0.466633630519099,0.247311827956989,279,1.0936821326375,1
PZA00391.2,3,157104591,0.282315732880079,0.189964157706093,279,-1.68975225423914,1
PZA00948.1,3,157263770,0.91398177407404,0.32258064516129,279,-0.177318163178141,1
PZA03019.8,3,157317264,0.328881060564328,0.0716845878136201,279,2.37433571522876,1
PZB01463.7,3,157318219,0.311559177034567,0.014336917562724,279,4.84594888013679,1
PZB01463.6,3,157318304,0.24140519663397,0.0376344086021505,279,-3.67072843937839,1
PZB02179.1,3,157640380,0.408552699072774,0.367383512544803,279,-1.17557022875097,1
PZB02179.2,3,157640764,0.359347212767461,0.397849462365591,279,-1.33503781236991,1
PZB02179.5,3,157640944,0.320704676933913,0.415770609318996,279,1.36129368578419,1
PZA00828.2,3,157646430,0.269330407383048,0.0896057347670251,279,-2.85188403021727,1
PZA02944.12,3,159253652,0.886984786777231,0.189964157706093,279,0.223814112694644,1
PZA02944.10,3,159253667,0.72319259256761,0.458781362007168,279,-0.490479944117812,1
PHM9914.11,3,159996138,0.244046907826221,0.369175627240143,279,1.4852923433134,1
PZA02923.7,3,160467612,0.86603081018758,0.039426523297491,279,-0.507795108983813,1
PZA00667.1,3,161516074,0.371550252076042,0.360215053763441,279,1.19391329523984,1
PZA00667.2,3,161516227,0.204275388324271,0.3584229390681,279,-1.70194380706015,1
PZD00003.3,3,161572823,0.178603622904053,0.198924731182796,279,-2.08663999575799,1
PZB01892.1,3,161573186,0.0025990786950198,0.0483870967741935,279,-8.52171142407562,1
PZB01856.4,3,162186725,0.925157533642233,0.0716845878136201,279,-0.233546167260266,1
PZB01856.1,3,162186937,0.297168204909028,0.46415770609319,279,-1.37249550315411,1
PZB01856.2,3,162187057,0.330338725675681,0.120071684587814,279,1.82649595894048,1
PZB01856.3,3,162187230,1,0,279,NA,1
PZD00006.1,3,163615279,0.0961566108221599,0.218637992831541,279,-2.65165197263435,1
PZD00008.3,3,163617500,0.0430429103841478,0.204301075268817,279,3.34080841874979,1
te1.4,3,163617645,0.860638771112173,0.369175627240143,279,0.235451610424321,1
te1.3,3,163617892,0.671690238787919,0.0232974910394266,279,-1.70065411500472,1
te1.1,3,163618301,0.189439168704773,0.444444444444444,279,1.75533883629188,1
PZD00007.1,3,163618708,0.925526649923242,0.370967741935484,279,0.126319264749206,1
PZA01396.1,3,164833462,0.834215871001161,0.403225806451613,279,0.28185876028713,1
PZA00186.2,3,165800369,0.624482490240687,0.367383512544803,279,0.652069837884062,1
PHM2885.31,3,165901548,0.419903245770019,0.120071684587814,279,-1.63650791251665,1
PZB01933.1,3,167581102,0.407914126124475,0.256272401433692,279,1.1707780700792,1
PZB01933.2,3,167581373,0.160478372614223,0.0842293906810035,279,-2.89413536352621,1
PHM1959.26,3,168443563,0.197005382796295,0.476702508960573,279,-1.75322707328191,1
PZA03073.28,3,168443662,0.297994535987681,0.218637992831541,279,1.90497443213674,1
PZA03073.23,3,168443677,0.245110154210751,0.224014336917563,279,2.00395713143085,1
PZA03073.24,3,168443701,0.684146081216872,0.396057347670251,279,0.542136497463859,1
PZA03073.25,3,168443704,0.281533057701611,0.431899641577061,279,-1.44723982884369,1
PZD00040.2,3,168689468,0.353510056794469,0.0663082437275986,279,3.02658590872677,1
PZD00040.3,3,168689563,0.181834473731449,0.03584229390681,279,4.81255648225303,1
PZD00027.5,3,169756987,0.700210576099261,0.00896057347670254,279,-2.31812173955483,1
PZD00027.1,3,169757113,0.0687396526039616,0.275985663082437,279,-2.51735536367849,1
PZD00027.2,3,169757331,0.89321427863372,0.387096774193548,279,0.176332257347238,1
PZD00027.3,3,169757661,0.0201886015026407,0.0340501792114696,279,7.10579109931687,1
PZA02402.1,3,169771952,0.235622754320648,0.17921146953405,279,1.95710250983793,1
PZA03032.17,3,171364486,0.690976020836053,0.229390681003584,279,0.646160406736058,1
PZA03032.16,3,171364514,0.323431660839482,0.485663082437276,279,1.2424622260492,1
PZA03032.19,3,171364540,0.643745294189882,0.186379928315412,279,0.795746505932583,1
PZA00783.1,3,171821889,0.435060906327628,0.164874551971326,279,-1.31857870678669,1
PZA00166.3,3,171935683,0.558233763492024,0.10573476702509,279,1.24194343870351,1
PZA00166.1,3,171935933,0.0384618133597802,0.32078853046595,279,2.72069716202186,1
PZA02212.1,3,174550727,0.658496357516918,0.433691756272401,279,0.554441334676852,1
lg2.1,3,175051278,0.0849430667304198,0.25089605734767,279,2.59476741289285,1
lg2.2,3,175051298,0.0568583936529926,0.240143369175627,279,2.93937550730276,1
PZB01473.3,3,175051721,0.263303740536024,0.114695340501792,279,2.35283157918169,1
lg2.11,3,175051864,0.57729163695456,0.00716845878136201,279,-4.17972322829291,1
lg2.12,3,175051925,0.304416075068124,0.134408602150538,279,-1.92422105310086,1
PHM17210.5,3,178229653,0.0395206084638977,0.344086021505376,279,-2.93274243266888,1
PZA01962.12,3,178229838,0.447864231562346,0.354838709677419,279,1.03769804606508,1
PZB01919.3,3,178234746,1,0,279,NA,1
PZB01919.2,3,178234880,0.890354368178035,0.247311827956989,279,0.210006821190946,1
PZB01919.1,3,178235128,0.0859069082546227,0.372759856630824,279,-2.33158332756477,1
PZA00701.6,3,179517651,0.566029679789363,0.043010752688172,279,-1.77218059485781,1
PZA03359.1,3,179903397,0.818619786925589,0.0537634408602151,279,0.62612255519075,1
PZA03359.2,3,179903483,0.324124171906627,0.0412186379928315,279,2.92631128791964,1
PZA03359.3,3,179903740,0.312902351261334,0.0448028673835125,279,-2.80510203542364,1
PZA00482.10,3,180294773,0.106112322407963,0.442652329749104,279,-2.09547493912343,1
PHM1675.29,3,180341088,0.429542312234468,0.161290322580645,279,-1.53353851514197,1
PZA00107.18,3,180341137,0.970318182253623,0.0698924731182796,279,0.0897183887879631,1
PZA00107.4,3,180341381,0.798921623135754,0.496415770609319,279,0.349577671094342,1
PZA03733.2,3,180532130,0.631537720660146,0.478494623655914,279,0.66126814986114,1
PZA03733.1,3,180532218,0.712928690562461,0.473118279569892,279,-0.502782763468998,1
PZA03734.2,3,180532745,0.176474670246844,0.043010752688172,279,5.6251555990262,1
PZA03734.3,3,180532956,0.108101445235051,0.0125448028673835,279,-10.0281342091884,1
PZA03735.2,3,180533322,0.201200850180072,0.010752688172043,279,-7.4915887607396,1
PZA03735.1,3,180533618,0.724833939789794,0.476702508960573,279,0.487937650188501,1
ba1.9,3,181362666,0.317632340270083,0.00537634408602151,279,-8.25121593087304,1
ba1.8,3,181362717,0.841184518117607,0.014336917562724,279,-1.15872713151447,1
ba1.7,3,181362781,0.326377699297996,0.0268817204301075,279,4.36187657099425,1
ba1.6,3,181362952,0.48827329850272,0.00358422939068104,279,6.39785872482844,1
ba1.5,3,181363034,0.569156538891309,0.0125448028673835,279,-3.53298326566585,1
PZA00099.6,3,184718109,0.251992370174559,0.182795698924731,279,1.86586236471161,1
PZA03191.1,3,185290073,0.394626694535796,0.385304659498208,279,1.20906578376724,1
PZA03191.2,3,185290132,0.6182872648567,0.275985663082437,279,0.744092862002985,1
PZA03191.3,3,185290309,0.786347530414653,0.426523297491039,279,-0.352198666224275,1
zb27.1,3,185290956,0.37720781961237,0.0716845878136201,279,-2.8861550520418,1
PZA03649.1,3,185316030,0.389276219264501,0.0985663082437276,279,1.77966800442116,1
PZA03648.2,3,185317151,0.0643630999330604,0.292114695340502,279,-2.82438127934432,1
PZA03648.3,3,185317395,0.096038954411538,0.100358422939068,279,3.47636141199674,1
PZA03648.1,3,185317458,0.564243010888605,0.32078853046595,279,0.895098922311993,1
PZA03647.3,3,185318086,0.036397705211537,0.288530465949821,279,3.3627360483254,1
PZA03647.1,3,185318330,0.420118288027123,0.403225806451613,279,1.0979646189833,1
PZA00702.5,3,185760526,0.731285344555112,0.220430107526882,279,0.533139073363881,1
PZA00586.1,3,185989508,0.923942799632117,0.17741935483871,279,0.157464981655539,1
PZB00628.3,3,186186953,0.95865736153836,0.118279569892473,279,0.13074896132213,1
PZB01052.4,3,186580149,0.621462782168875,0.437275985663082,279,0.717475892943511,1
PZB01052.3,3,186580208,0.610340128051102,0.437275985663082,279,-0.742390154431544,1
PZB01052.2,3,186580210,0.64042404167755,0.172043010752688,279,0.770404027306847,1
PZB01052.1,3,186580250,0.595067591646692,0.431899641577061,279,0.777382293430957,1
PZA00303.19,3,187604432,0.16770676404865,0.283154121863799,279,1.99762281847502,1
PZA00303.6,3,187604478,0.732600559682352,0.317204301075269,279,-0.469782318450532,1
PZA00618.21,3,189138003,0.860049012515067,0.0663082437275986,279,0.456764513578991,1
PZA00236.7,3,189437413,0.0134441169985393,0.132616487455197,279,-4.74217081477848,1
PZA01228.2,3,189861328,0.32072019138109,0.127240143369176,279,2.08963267230234,1
PZA03743.1,3,191863818,0.0415208678896452,0.304659498207885,279,-3.16050633190055,1
PZA03744.1,3,191864249,0.108683924746673,0.292114695340502,279,-2.6268370707439,1
PHM13673.53,3,192236275,0.0700374965184759,0.369175627240143,279,2.61462308238611,1
PZB01223.1,3,192865017,0.216709003680561,0.014336917562724,279,-5.9375829992144,1
PZB01223.3,3,192865132,0.998011901800393,0.345878136200717,279,-0.00336062822272387,1
PZB01223.2,3,192865246,0.654498222916727,0.0501792114695341,279,-1.42188197509727,1
PZA03255.1,3,193565357,0.313348418878135,0.396057347670251,279,1.37465165888988,1
PZA03255.3,3,193565631,0.997978674286019,0.247311827956989,279,0.00388889873619669,1
PZA03255.4,3,193565736,0.981318039791967,0.229390681003584,279,-0.035556069589048,1
PZB02516.2,3,193566873,0.263998101977211,0.175627240143369,279,-1.92184335128074,1
PZB02516.3,3,193566974,0.48980271956699,0.0340501792114695,279,2.24233173333773,1
PZB02516.1,3,193567255,0.215672720785605,0.335125448028674,279,-1.76114115198338,1
PZA02952.10,3,194250329,0.228128443446749,0.0716845878136201,279,3.00171186621463,1
PZA02952.7,3,194250404,0.861471042408803,0.163082437275986,279,0.306233410421791,1
PZB01109.1,3,194643731,0.0326500696902915,0.236559139784946,279,3.05283326592709,1
PZB01109.2,3,194643852,0.0537785130715551,0.462365591397849,279,2.43894377246876,1
PZA01035.1,3,195407066,0.45963697618058,0.154121863799283,279,1.52961943483176,1
PZA00308.24,3,196191461,0.185649151459063,0.1415770609319,279,3.37844153332216,1
PZA00308.23,3,196191494,1,0,279,NA,1
PZA01457.1,3,196870327,0.119582000166401,0.0913978494623656,279,5.33618973554614,1
PZA00201.2,3,197456470,0.211815804226502,0.0340501792114696,279,-4.96999930238682,1
PZA02122.9,3,197797720,0.0539323547464672,0.216845878136201,279,-3.36981570194209,1
PZD00004.3,3,199478329,0.61609900931407,0.0806451612903226,279,-1.44863220665896,1
PZA00892.5,3,199886201,0.420998941614356,0.360215053763441,279,1.11610194694386,1
PZA03224.3,3,200142461,0.90668376494158,0.283154121863799,279,-0.159339694718112,1
PZA03224.4,3,200142700,0.231327751266536,0.136200716845878,279,-2.34525364421141,1
PZA03224.1,3,200142836,1,0,279,NA,1
PZA03008.21,3,200201258,0.267520006542488,0.043010752688172,279,3.63339081402567,1
PZA03011.6,3,201790247,0.60934615256287,0.0896057347670251,279,1.1517012324474,1
PZA03154.2,3,202363996,0.364692428033812,0.421146953405018,279,-1.22323089191721,1
PZA03154.4,3,202364106,0.878074916027695,0.449820788530466,279,0.228950615130424,1
PZA03154.1,3,202364418,0.197814882877104,0.220430107526882,279,2.20302088894152,1
PZB01449.2,3,202569690,0.692702113627014,0.406810035842294,279,-0.537524225493996,1
PZB01449.3,3,202569749,0.821447464335039,0.21326164874552,279,0.350372175810755,1
PZA00047.2,3,203908761,0.852861232014179,0.200716845878136,279,0.29083416022724,1
PZA00220.2,3,206760654,0.938354236872605,0.35663082437276,279,-0.0984739509356909,1
PZA00220.11,3,206760693,0.147994503163586,0.0770609318996416,279,3.3376444842469,1
PZA00538.18,3,206889455,0.518660939263471,0.268817204301075,279,-0.997789927178223,1
PZA00538.15,3,206889707,0.595413634094478,0.39247311827957,279,0.701830865751665,1
PZA00538.7,3,206889794,0.317221093035381,0.462365591397849,279,1.39824272441385,1
PZA02516.1,3,208180035,0.36032302125305,0.129032258064516,279,2.42034511560425,1
PZA03349.4,3,209957688,0.95866696312295,0.017921146953405,279,0.237323396925798,1
PZA03349.1,3,209957849,0.865251588836616,0.0949820788530465,279,-0.387522244722835,1
PZA03346.6,3,210558095,0.363332046915928,0.046594982078853,279,3.40726046003909,1
PZA03346.5,3,210558393,0.350631048610188,0.170250896057348,279,1.55095264480382,1
PZA03553.1,3,210635720,0.595177962907957,0.0573476702508961,279,-1.59018534852918,1
PZB01457.1,3,212725801,0.43329427692026,0.487455197132617,279,-1.01287043353429,1
PZB01457.3,3,212726119,0.920883537972254,0.419354838709677,279,0.132323815676309,1
PZA03146.3,3,214272799,0.336768370805405,0.123655913978495,279,1.72495750428984,1
PZA03146.1,3,214272814,0.380754325516072,0.256272401433692,279,-1.25241144193256,1
PZA03146.4,3,214272883,0.18360601660009,0.46415770609319,279,1.84028897275817,1
PZA03146.2,3,214273072,0.330517238662902,0.157706093189964,279,-1.59652547830881,1
sh2.4,3,214838405,0.967051281997089,0.277777777777778,279,0.0599583520052327,1
sh2.3,3,214839793,0.637631111751492,0.376344086021505,279,0.62512904080378,1
sh2.21,3,214840195,0.693966858868768,0.146953405017921,279,-0.847369656324312,1
sh2.2,3,214843092,0.462902062995507,0.310035842293907,279,-1.05449187016535,1
sh2.1,3,214843730,0.51123682891099,0.3584229390681,279,0.894847397719767,1
PZA00750.1,3,215844498,0.985612664215032,0.275985663082437,279,0.0304162041716098,1
PZA01154.1,3,216028207,0.474886506452187,0.252688172043011,279,1.06028267071081,1
PHM3342.31,3,216028374,0.853841939431513,0.306451612903226,279,-0.269233037825015,1
PZA02665.2,3,216624570,0.894489188236085,0.401433691756272,279,0.162040555844956,1
PZA01233.1,3,216768571,0.370750765381976,0.306451612903226,279,-1.31166766751506,1
PZA02514.1,3,216915474,0.852070356940108,0.0878136200716846,279,-0.501681339434406,1
PZB02076.3,3,217328675,0.778370505394927,0.028673835125448,279,-0.946232985203113,1
PZB02076.1,3,217328892,0.490197466209558,0.161290322580645,279,1.16864323759416,1
PZA02824.3,3,217329647,0.860831341705373,0.102150537634409,279,0.355770973754773,1
PZA02824.1,3,217329679,0.503536243520584,0.166666666666667,279,-1.07920959359974,1
PZA02668.2,3,218119861,0.974689418184261,0.170250896057348,279,0.0585140520363696,1
PZA00219.7,3,219309085,0.977207135638604,0.467741935483871,279,0.0355837834354888,1
PZA00219.6,3,219309117,0.128141437556712,0.378136200716846,279,2.03959384562009,1
PZA03360.1,3,219587062,0.380471690865169,0.182795698924731,279,1.43100940562804,1
PZA03391.1,3,219859920,0.618527044868687,0.3584229390681,279,0.665352262352561,1
PHM2672.19,3,219860052,0.819071943613305,0.415770609318996,279,0.297829592153112,1
PZA03391.3,3,219860155,0.507801982895282,0.017921146953405,279,3.10590730748866,1
PZA00234.19,3,221730567,0.433357805355438,0.256272401433692,279,1.19128500897762,1
PZA00234.21,3,221730615,0.409403607349712,0.173835125448029,279,1.48925623642036,1
PZA02789.36,3,222114560,0.856784235568123,0.24910394265233,279,0.274746731342141,1
PZA02789.31,3,222114627,0.858696514467279,0.118279569892473,279,-0.367785563439497,1
PZB00954.1,3,222262745,0.40589290653826,0.0878136200716846,279,-1.88027055675183,1
PZA00572.1,3,222602120,0.890866296649513,0.218637992831541,279,-0.216625280268048,1
PZA00572.2,3,222602260,0.796206704788496,0.265232974910394,279,0.371324247036167,1
PZA00316.2,3,223513366,0.968244674505047,0.347670250896057,279,0.0520492896927383,1
PZA00316.9,3,223513444,0.840624656235612,0.317204301075269,279,-0.270460043441584,1
PZA01688.3,3,223670423,0.914256872643304,0.256272401433692,279,0.152860216039201,1
PZA01360.3,3,223867414,0.96237449144254,0.173835125448029,279,-0.0842605852368581,1
PZA02182.1,3,224184375,0.0725599475659658,0.256272401433692,279,2.89041498050356,1
PZA00143.5,3,224903492,0.861013437499616,0.125448028673835,279,-0.315608916512727,1
PZA00420.1,3,226872335,0.900305154692001,0.254480286738351,279,0.172120671772463,1
PHM2423.33,3,227682147,0.774232717635754,0.444444444444444,279,0.367224546172477,1
PZA00088.3,3,228614270,0.679070704736922,0.482078853046595,279,0.561177898397687,1
PZB01460.1,3,229544509,0.973379810526104,0.247311827956989,279,0.0508476251925876,1
PZA03013.7,4,139753,0.199358499116454,0.152329749103943,279,-2.4628339184167,1
PZA03013.8,4,139810,0.220222656067385,0.14336917562724,279,2.45079378853855,1
PZA00216.8,4,2589311,0.510174842582981,0.159498207885305,279,-1.09653572058713,1
PZA00216.2,4,2589348,0.8441649911911,0.397849462365591,279,-0.284020223880365,1
PZA00136.2,4,2637306,0.33181967632111,0.191756272401434,279,-1.55771703682303,1
PZA00136.1,4,2637441,0.427466032009829,0.439068100358423,279,1.02218861543612,1
PZA03109.3,4,2638771,0.309120531244267,0.0286738351254481,279,-3.6039235106103,1
PZA03109.2,4,2638925,0.587503028455047,0.0770609318996416,279,1.19128418586661,1
PZA03109.1,4,2639015,0.567453254243793,0.222222222222222,279,0.852542232612519,1
PZA03106.1,4,2846701,0.460712425682476,0.476702508960573,279,-1.01682254245921,1
PZA03107.1,4,2851075,0.731948112136908,0.245519713261649,279,0.537495760821329,1
PZA00700.1,4,2852707,0.3043919227846,0.439068100358423,279,1.34826042374494,1
PZA00700.3,4,2852810,0.724698617403013,0.234767025089606,279,-0.527256175239293,1
PHM2438.28,4,3548007,0.787180088867294,0.442652329749104,279,0.33720952780581,1
PZA03227.1,4,3895352,0.750112327188459,0.451612903225806,279,-0.42639798719589,1
PZA03227.2,4,3895510,0.672068364342202,0.102150537634409,279,0.943250155724646,1
PZA00371.5,4,4867968,0.410510694958279,0.449820788530466,279,1.13553352158235,1
PZB02080.2,4,4980478,0.449674092752118,0.021505376344086,279,-2.93233070796369,1
PZB02080.1,4,4980568,0.0700195127560931,0.170250896057348,279,-3.11361051181932,1
PZA00436.7,4,6401332,0.147612021028909,0.379928315412186,279,1.96376625634552,1
PZA00683.1,4,6612098,0.51401775843414,0.353046594982079,279,-0.89249511899479,1
PZA00683.2,4,6612185,0.205937784395058,0.200716845878136,279,2.08045545306573,1
PZA02358.1,4,11329241,0.60162411394617,0.381720430107527,279,0.661750794319141,1
PZA02138.1,4,11856246,0.743601510025418,0.412186379928315,279,-0.425420561310683,1
PZA01122.1,4,12618115,0.71666054083179,0.17741935483871,279,0.72244162848893,1
PZA00078.4,4,18502089,0.359907499855744,0.485663082437276,279,1.22629078349658,1
PZA00078.2,4,18502179,0.184963472070111,0.363799283154122,279,1.86089847094199,1
PZA00139.4,4,20064925,0.0397738497717675,0.439068100358423,279,-2.84591367719748,1
PZA00139.14,4,20065054,0.46911519537812,0.0519713261648745,279,-2.22775420529025,1
PZA01422.3,4,24475394,0.513330061266274,0.259856630824373,279,-1.02539581835865,1
PZA00644.11,4,25192009,0.249021930649512,0.0896057347670251,279,-2.64427785999742,1
PZA00488.1,4,28192994,1,0,279,NA,1
PZB01619.2,4,29030873,0.62199011215847,0.370967741935484,279,0.665081058394018,1
PZA02457.1,4,29031200,0.62518242515988,0.362007168458781,279,0.67670618813389,1
PZA03643.2,4,29209179,0.631819565873687,0.0967741935483871,279,-1.05820438372737,1
PZA03643.1,4,29209351,0.739240247834061,0.130824372759857,279,-0.60886574059467,1
PZA03693.1,4,29209539,0.174708990667543,0.0304659498207885,279,4.4477617000974,1
PZA03043.8,4,32099560,0.135060534798543,0.415770609318996,279,2.0780682580798,1
PZA03043.14,4,32099732,0.28828829856468,0.426523297491039,279,-1.48095643409271,1
PZA02705.1,4,33860915,0.84679536878832,0.132616487455197,279,-0.388908362353,1
PHM15427.11,4,33862684,0.657169011198736,0.480286738351254,279,0.580297345917037,1
PHM13623.14,4,35051574,0.963736932191192,0.164874551971326,279,0.0912566541502287,1
PZA01106.3,4,35051622,0.652290788218298,0.157706093189964,279,-0.940845270334147,1
PZA01713.4,4,35384247,0.666460600369977,0.259856630824373,279,0.639011734786979,1
PZA03247.1,4,35769506,0.902299347957027,0.28673835125448,279,-0.17103779413884,1
PZA03247.3,4,35769858,0.89432906288486,0.010752688172043,279,-0.773273153916334,1
PZA00125.2,4,36047409,0.131415146881261,0.354838709677419,279,-2.08929357211186,1
PZA00125.8,4,36047549,0.516623304800213,0.0949820788530466,279,-1.50939012370236,1
PZA03385.1,4,37067373,0.256045638828304,0.336917562724014,279,-1.65365843911049,1
PZA03385.2,4,37067501,0.10200202720974,0.297491039426523,279,2.45876139959828,1
PZA01751.2,4,37185517,0.393420486074447,0.290322580645161,279,1.37812483524763,1
PZA02968.3,4,38941049,1,0,279,NA,1
PZA02968.4,4,38941090,0.190956413536617,0.0931899641577061,279,-2.71766731012306,1
PZA00315.6,4,39975220,0.216342148813158,0.211469534050179,279,2.14663360002559,1
PZA00315.1,4,39975317,0.327730330175334,0.207885304659498,279,1.78982544406491,1
PZA03420.1,4,41178032,0.454022888234409,0.139784946236559,279,1.43497994327527,1
su1.3,4,41188938,0.944267572332031,0.0627240143369176,279,-0.200266294752513,1
su1.4,4,41189019,0.396864740923012,0.139784946236559,279,-1.59337779704815,1
su1.1,4,41191526,0.546830491470491,0.184587813620072,279,1.07279783924398,1
PZA00699.1,4,45378466,0.264918696151849,0.211469534050179,279,1.69756240498057,1
PZA00699.5,4,45378492,0.103304269478878,0.053763440860215,279,4.05540411163019,1
PZA03337.1,4,47028353,0.839355832367265,0.139784946236559,279,0.356307976794958,1
PZA00445.18,4,49713883,1,0,279,NA,1
PZA01759.1,4,60429503,0.811687051755104,0.21505376344086,279,0.389259599505508,1
PZA00726.6,4,60767943,0.691381221850255,0.367383512544803,279,0.61001776713051,1
PZA00726.7,4,60767994,0.964070550150107,0.349462365591398,279,0.0699840608917102,1
PZA00726.10,4,60768063,0.681319912088865,0.360215053763441,279,0.628625808527999,1
PHM14055.6,4,60768111,0.728175450060929,0.378136200716846,279,0.528573932400085,1
PZB00129.1,4,63721981,1,0,279,NA,1
PHM1307.11,4,63722896,0.332533055348232,0.387096774193548,279,-1.41342210740167,1
bt2.2,4,66287455,0.485813810883193,0.327956989247312,279,0.957053103130339,1
bt2.4,4,66288635,0.870537133720076,0.0663082437275986,279,-0.393958889695327,1
bt2.7,4,66290994,0.841156678125676,0.295698924731183,279,0.287775060213251,1
PZA03706.1,4,73077404,0.846515898277994,0.136200716845878,279,-0.432956546743709,1
PZA03254.1,4,73176932,0.914161011012288,0.134408602150538,279,-0.239363829422135,1
PZA03254.2,4,73177100,0.508862148267217,0.168458781362007,279,-1.37855106222824,1
PZA03254.3,4,73177257,0.528765569153155,0.146953405017921,279,-1.37027229164218,1
PZA03705.1,4,73178489,0.839632338723068,0.134408602150538,279,0.445768775518841,1
PZA03586.1,4,73307190,0.786019686309695,0.132616487455197,279,0.60232678081549,1
PZA03751.1,4,73307596,0.803481415483325,0.148745519713262,279,-0.563381804509511,1
PZA03752.2,4,73309421,0.701840815674197,0.182795698924731,279,-0.690547558486621,1
PZA03752.1,4,73309674,0.322556673803707,0.197132616487455,279,-1.69643805248916,1
PZA03753.2,4,73310537,0.488968068176608,0.00716845878136196,279,-5.03471217775413,1
PZA03753.1,4,73310789,0.966889190109284,0.189964157706093,279,-0.0735844696659486,1
PZA03587.2,4,73311191,0.121373896877756,0.268817204301075,279,2.33211448035523,1
PZA03753.3,4,73311260,0.789757858685913,0.127240143369176,279,0.604339012004762,1
PZA00548.13,4,74062781,0.265445226920077,0.295698924731183,279,1.59923305091313,1
PZA00548.3,4,74062865,0.364788697432967,0.193548387096774,279,1.43253092009284,1
PZA03597.1,4,74239902,0.449648303468073,0.326164874551971,279,1.04684349247637,1
PZA02938.5,4,75728833,0.898834612904232,0.211469534050179,279,0.202659372784147,1
PZA02938.3,4,75728870,0.93228524539818,0.198924731182796,279,-0.13719383870203,1
PZA03270.2,4,76122802,0.88436483166232,0.200716845878136,279,-0.245536421000249,1
PZA03270.1,4,76122822,0.921306428728843,0.365591397849462,279,-0.135579976592973,1
PZA03270.3,4,76122886,0.508688548754472,0.381720430107527,279,-0.877647748600377,1
PZA03270.4,4,76122917,0.56925813863052,0.120071684587814,279,1.09080996396012,1
PZA03270.5,4,76123039,0.67836043071816,0.132616487455197,279,-0.768794217227327,1
PZA00218.1,4,78946415,0.570385763447576,0.351254480286738,279,-0.786993635933037,1
PZA00218.6,4,78946482,0.539384911664673,0.1415770609319,279,1.14942967878033,1
PZA03372.3,4,85850410,0.42361211712373,0.28673835125448,279,1.16522899241637,1
PZA03564.2,4,86797585,0.751995112186514,0.0340501792114696,279,-1.0492930521597,1
PZA03564.1,4,86797748,0.228009013727442,0.406810035842294,279,1.56052608384597,1
PZA03562.1,4,86798226,0.848423790999222,0.120071684587814,279,0.364021570252103,1
PZA03562.3,4,86798403,0.390525462586635,0.03584229390681,279,-2.80115534145423,1
PZA03203.1,4,90203655,0.675395660615797,0.437275985663082,279,-0.539086268436779,1
PZA03203.2,4,90203822,0.52492476440652,0.329749103942652,279,-0.857778359257019,1
PZA03367.2,4,91417549,0.374846767029119,0.0555555555555556,279,2.39411364595154,1
PZA03367.1,4,91417897,0.227381389207673,0.10573476702509,279,2.35239923858798,1
PZA00104.1,4,93812507,0.24833204845358,0.127240143369176,279,-2.33329742796979,1
PZA00630.9,4,103665461,1,0,279,NA,1
PZA03231.1,4,104160525,0.172548785142912,0.283154121863799,279,1.95538945804893,1
PZA03536.1,4,107751353,0.0084635407275107,0.379928315412186,279,3.26955566992906,1
PZA03536.2,4,107751403,0.8868886518765,0.132616487455197,279,0.290703934393484,1
PZA03535.3,4,107751627,0.649256557123968,0.150537634408602,279,0.862539229123513,1
PZA03535.2,4,107751727,0.425487977661238,0.344086021505376,279,1.06219250373283,1
PZA00092.5,4,113503635,0.546117424011797,0.0609318996415771,279,-1.67316591855927,1
PZA00092.1,4,113503659,0.322764354572314,0.222222222222222,279,-1.5311826716774,1
PZB02053.3,4,116875640,0.391721062710578,0.017921146953405,279,4.00034134700458,1
PZB02053.1,4,116875947,0.877701025541788,0.103942652329749,279,0.322835972268033,1
PZB02053.2,4,116876114,0.928421094858831,0.0878136200716846,279,0.191685213882326,1
PZA00549.3,4,117510363,0.386110965280706,0.0555555555555556,279,2.46818989774165,1
PZA03376.1,4,120655021,0.960484737941172,0.157706093189964,279,-0.0885780947086419,1
PZA03376.2,4,120655387,0.737090827877608,0.0806451612903226,279,-0.854402384908251,1
PZB00104.3,4,122795133,0.0996990596539341,0.275985663082437,279,-2.44915614378277,1
PZB00104.2,4,122795210,0.0801459737070521,0.329749103942652,279,-2.42331716324106,1
PZB00104.1,4,122795343,0.969030838742534,0.127240143369176,279,0.0716804260903947,1
PZB00153.1,4,122795391,0.720634588879064,0.197132616487455,279,0.546462047527479,1
PZB00093.7,4,122795990,0.0887487128920442,0.204301075268817,279,-2.72694043558208,1
PZB00093.2,4,122796082,0.0173138524792707,0.240143369175627,279,3.67383962025823,1
PZB00093.1,4,122796119,0.13120725391523,0.331541218637993,279,-2.10015877061743,1
PZA00662.3,4,123175449,0.536772717262685,0.0448028673835125,279,2.03055350748241,1
PZA00704.1,4,128552705,0.281745299891481,0.310035842293907,279,1.59124613830448,1
PZA00704.11,4,128552748,1,0,279,NA,1
PZA03409.1,4,128632208,0.522601646021662,0.446236559139785,279,0.817563820831994,1
PZA03409.2,4,128632484,0.314815586723718,0.333333333333333,279,-1.44031529391295,1
PZA03409.4,4,128632580,0.62107679458315,0.00716845878136196,279,-3.67903461946608,1
PZA03409.3,4,128632696,0.29765501838878,0.100358422939068,279,-2.18199843384506,1
PZB01080.2,4,129825080,0.153619102045102,0.0591397849462366,279,4.43881911506659,1
PZB01080.1,4,129825130,0.410599245840988,0.234767025089606,279,1.27479903487747,1
PZB01689.1,4,129831216,0.880989660156993,0.426523297491039,279,-0.201637999968347,1
PZB01689.2,4,129831266,0.416200592396932,0.224014336917563,279,-1.27763621252711,1
PZA00151.2,4,131016731,0.4558676687305,0.421146953405018,279,0.977361359031343,1
Fea2.2,4,132734439,0.220577896816438,0.245519713261649,279,-1.97964072667525,1
Fea2.6,4,132734608,0.584904926492907,0.0591397849462365,279,1.47693934156945,1
Fea2.3,4,132734721,0.208850081255844,0.186379928315412,279,2.12546673103535,1
Fea2.5,4,132734849,0.249074153206554,0.150537634408602,279,-2.08331227903673,1
Fea2.1,4,132735271,0.101126312123609,0.369175627240143,279,2.16741931346506,1
Fea2.4,4,132736424,0.37417650839954,0.292114695340502,279,1.26406658109533,1
PZA02988.2,4,133757006,0.0734504753986189,0.0663082437275986,279,-5.42146797621134,1
PZA03288.1,4,136297005,0.411520226631326,0.231182795698925,279,-1.21826565325394,1
PZA03288.2,4,136297062,0.262127018350341,0.234767025089606,279,1.69698259695817,1
PZA00663.5,4,141267246,0.643710152928407,0.283154121863799,279,0.700868755107119,1
PZA02147.1,4,143945759,0.850763995755519,0.216845878136201,279,0.328294905886246,1
PZA03174.3,4,146943233,0.300020410324091,0.189964157706093,279,1.82327145602322,1
PZA03152.2,4,147044761,0.00252402211027865,0.03584229390681,279,-10.3161577997897,1
PZA03152.3,4,147044805,0.407748050178516,0.172043010752688,279,-1.56030871464914,1
PZA03152.1,4,147045281,0.449226564143537,0.206093189964158,279,1.2710144813807,1
PZA02982.5,4,148401074,0.0706616451982978,0.120071684587814,279,3.67887627472571,1
PZA02982.6,4,148401263,0.224430642217269,0.306451612903226,279,1.72416190108838,1
PZA02982.7,4,148401277,0.616313281584514,0.0860215053763441,279,1.588784727207,1
PZA00523.2,4,148408488,0.276906963438244,0.03584229390681,279,3.30203812169988,1
PZA03331.3,4,149531082,0.095846796623853,0.10752688172043,279,3.36535879760936,1
PZA03297.1,4,149531179,0.943229844722308,0.292114695340502,279,-0.0967632859857184,1
PZA03331.7,4,149531206,0.204496019270662,0.0842293906810035,279,2.52731185409209,1
PZA02992.15,4,149588842,0.145078076696936,0.127240143369176,279,3.05154989189484,1
PZA02992.1,4,149589133,0.960051380476466,0.349462365591398,279,-0.0675114494798543,1
PZA03311.2,4,153293139,0.0745050718683656,0.232974910394265,279,-2.71844770649575,1
PZA03311.3,4,153293180,0.542449386410195,0.161290322580645,279,1.06024964614078,1
PZA03311.6,4,153293197,0.61437718349838,0.100358422939068,279,1.05937876163657,1
PZA03311.7,4,153293234,0.352584684775529,0.175627240143369,279,1.59967984261011,1
PZA03311.4,4,153293452,0.819181706042519,0.130824372759857,279,0.439319252476175,1
PZA03311.5,4,153293454,0.584999827777543,0.0340501792114695,279,2.14411719636604,1
PZA03548.1,4,153432215,1,0,279,NA,1
PZA00057.2,4,155043536,0.433404156985525,0.413978494623656,279,-1.0849605148426,1
PZD00018.1,4,155219858,1,0,279,NA,1
PZB00229.1,4,156289496,0.581767529542302,0.057347670250896,279,1.65325905385194,1
PZB00092.1,4,156289818,0.108169753818599,0.0645161290322581,279,4.19795649240769,1
PZB00229.2,4,156290035,0.248952809256617,0.0698924731182796,279,2.80227769399519,1
PZA01926.1,4,158126191,0.571505441431989,0.333333333333333,279,0.840637990545346,1
PZA00464.6,4,158720618,0.312550147605049,0.043010752688172,279,2.94877026065672,1
PZB01378.2,4,158720826,0.414169685917543,0.0448028673835125,279,2.22105074409785,1
PZB01378.3,4,158720827,0.703241312721903,0.102150537634409,279,0.754703377339633,1
PZB01378.5,4,158720850,0.673393427519384,0.068100358422939,279,-1.0059079759416,1
PZB01378.4,4,158720894,0.283382181515892,0.367383512544803,279,1.58998414438956,1
PZA03653.1,4,159982180,0.928369766936715,0.270609318996416,279,-0.134269570589407,1
PZA03654.1,4,159984727,0.883642968087428,0.277777777777778,279,-0.22282609717627,1
PZA03654.2,4,159984883,0.335338506540528,0.028673835125448,279,3.06371710070887,1
PZA00492.26,4,160161677,0.0392089537166996,0.155913978494624,279,3.57950706008052,1
PZA00492.25,4,160161764,0.178378103882128,0.145161290322581,279,2.3990297647813,1
PZA03116.4,4,166002187,1,0,279,NA,1
PZA03116.1,4,166002318,0.465226432744787,0.388888888888889,279,0.995717120335611,1
PZA03116.2,4,166002477,0.678611573790209,0.21326164874552,279,-0.610768231935124,1
PZA00453.2,4,166281189,0.46151889430935,0.385304659498208,279,-0.958071325759962,1
PZA00453.7,4,166281276,0.989439479387599,0.10573476702509,279,0.0259565388972227,1
PZA03379.1,4,167650111,0.487448675033811,0.0161290322580645,279,3.76431080919255,1
PZA03379.2,4,167650309,0.173320712751688,0.025089605734767,279,6.54176061809229,1
PZA01289.1,4,169608659,0.531089643016511,0.370967741935484,279,-0.796332114513772,1
PZA03308.3,4,170217116,0.860082890719436,0.116487455197133,279,0.32181604204625,1
PZA03308.2,4,170217259,0.374322143031653,0.0340501792114695,279,3.67036775623952,1
PZA03406.1,4,170217581,0.198276171541601,0.046594982078853,279,-3.76121402215389,1
PZA00271.1,4,171613440,0.242755679748844,0.102150537634409,279,2.72001781683459,1
PZA01477.3,4,172301064,0.682350469125695,0.449820788530466,279,-0.499060009046967,1
PZA03314.1,4,172385940,1,0,279,NA,1
PZA02819.22,4,172692049,0.600692463693192,0.478494623655914,279,0.664039811834365,1
PZA02819.35,4,172692287,0.575318717335234,0.32078853046595,279,-0.795137174858213,1
PZA02825.4,4,173687725,0.174591697322033,0.374551971326165,279,-1.85584447259708,1
PZA03275.4,4,174427991,0.776137162828135,0.451612903225806,279,0.372955490909331,1
PZA03275.3,4,174428015,0.37778225732755,0.0949820788530466,279,1.77936246049033,1
PZA03275.1,4,174428225,0.990406566008532,0.491039426523298,279,-0.0153367702843641,1
PZA01187.1,4,177666738,0.683355611647667,0.259856630824373,279,0.566469405666773,1
PZB02464.2,4,177670560,1,0,279,NA,1
PZD00030.9,4,177975134,0.328690858188356,0.10573476702509,279,2.23456164537557,1
PZD00030.11,4,177975918,1,0,279,NA,1
PZD00030.2,4,177976082,0.403206391161208,0.211469534050179,279,-1.26430354432323,1
PZD00030.10,4,177976308,1,0,279,NA,1
PZD00030.8,4,177976360,0.748021772155411,0.0734767025089605,279,0.750632567415588,1
PZD00029.3,4,177980567,1,0,279,NA,1
PZD00029.4,4,177980783,0.797010085038127,0.0125448028673835,279,-1.34063921692292,1
PZB00282.2,4,178735388,0.417898121771121,0.317204301075269,279,1.24383643763478,1
PHM3637.14,4,179758341,0.155694235508007,0.327956989247312,279,-1.85346930559616,1
PZA02194.1,4,180309373,0.154604476681407,0.175627240143369,279,2.44629207955063,1
PZA02289.2,4,180316143,0.821717548757395,0.222222222222222,279,-0.326805359340179,1
PZB01090.1,4,181809360,1,0,279,NA,1
PZA03445.1,4,182713785,0.331154318505608,0.21326164874552,279,-1.47055637858398,1
PZA01954.1,4,184373943,0.924734616767776,0.197132616487455,279,-0.159063450836194,1
PZA03263.2,4,184717014,0.421825833205966,0.198924731182796,279,1.21889949398063,1
PZA03263.1,4,184717135,0.530390768422838,0.272401433691756,279,0.89718729146118,1
PZA03158.3,4,184717455,0.0763843714255076,0.204301075268817,279,-2.67565510808654,1
PZA03158.1,4,184717653,0.662390474270052,0.455197132616487,279,-0.552463645284748,1
PZA02949.25,4,185103244,1,0,279,NA,1
PZA02949.22,4,185103471,0.231989513413547,0.114695340501792,279,2.50287802885729,1
PZA00941.2,4,185562016,0.635377225153337,0.469534050179211,279,0.579556300741406,1
PZA00344.10,4,193202013,0.366688672354993,0.206093189964158,279,-1.65714948486016,1
PZB01461.3,4,194092746,0.523356853331189,0.116487455197133,279,-1.24333414479135,1
PZB01461.2,4,194092806,0.956360430014697,0.297491039426523,279,-0.0722515395267873,1
PZB01461.1,4,194092995,0.804916283852396,0.270609318996416,279,0.360515711678518,1
PZB01461.4,4,194093117,1,0,279,NA,1
PZA00332.3,4,194749230,0.0142782380009624,0.345878136200717,279,3.66284860557829,1
PZA00332.5,4,194749287,0.00536219072396044,0.324372759856631,279,-4.21207402738917,1
PZA00193.1,4,197964404,0.957219494354528,0.489247311827957,279,0.0746720794949742,1
PZA00193.2,4,197964459,0.477683073866171,0.399641577060932,279,-0.969467028720005,1
PZA03575.3,4,201131313,0.201988098853449,0.28494623655914,279,1.75870704511605,1
PZA03575.2,4,201131577,0.0945700411835565,0.173835125448029,279,-2.62966034405999,1
PZA03575.4,4,201131730,0.907439530482934,0.043010752688172,279,0.338279049349548,1
PZA01790.1,4,202245921,0.420578759727727,0.17741935483871,279,1.62170916415402,1
PZA03205.1,4,202883367,0.366843613757827,0.186379928315412,279,-2.15876924702093,1
PZA03205.3,4,202883397,0.398552321765159,0.419354838709677,279,1.07130070816237,1
PZA03534.3,4,204059060,0.299873429266294,0.0304659498207885,279,3.36066006674502,1
PZA03534.1,4,204059180,0.250378983196858,0.0555555555555556,279,3.33072980445159,1
PZA03533.1,4,204059957,0.0778215650648215,0.0519713261648745,279,-4.5250552356432,1
PZA01566.1,4,204764426,0.817808460386633,0.277777777777778,279,0.366953137244546,1
PZA02421.1,4,205427981,0.0444958225329919,0.435483870967742,279,-2.84128041033608,1
PZA00633.8,4,206492925,0.443874321850674,0.0286738351254481,279,2.96513342845617,1
PZA00633.4,4,206493021,0.757590326069951,0.491039426523297,279,-0.41485267966773,1
PZA02779.1,4,207114208,0.053587385027456,0.458781362007168,279,2.67747229812386,1
PZA03719.2,4,210235075,0.555185193278036,0.25089605734767,279,0.857462020500645,1
PZA03719.1,4,210235180,0.231611958506468,0.335125448028674,279,-1.64187333967409,1
PZA03720.1,4,210235726,0.609942904570926,0.164874551971326,279,0.898454450210648,1
PZA03720.2,4,210235939,0.158596432063411,0.206093189964158,279,2.24052934122182,1
PZA03721.1,4,210236675,0.767627114493364,0.417562724014337,279,-0.380011041464519,1
PZA03124.1,4,212497348,0.302360685197463,0.0770609318996416,279,2.40407458609109,1
PZA01332.2,4,212893509,0.238950991840289,0.437275985663082,279,-1.62452230069523,1
PZA03081.9,4,215393158,0.337831934135999,0.290322580645161,279,1.40470110526255,1
PZA03081.6,4,215393255,1,0,279,NA,1
PZA03081.1,4,215393350,0.566356252368705,0.421146953405018,279,-0.802575302560144,1
PZB01021.5,4,216310255,0.329753572608502,0.189964157706093,279,-1.55755995730881,1
PZB01021.4,4,216310366,0.873615709456072,0.0519713261648745,279,-0.43133828622845,1
PZA03271.1,4,216812238,0.872899062708381,0.376344086021505,279,0.212319951151792,1
PZA03271.2,4,216812289,0.538409557679431,0.195340501792115,279,-0.943294031524538,1
PZA03725.2,4,217610295,0.804201862905741,0.0716845878136201,279,-0.67468272886375,1
PZA03725.1,4,217610450,0.237497176855093,0.0268817204301075,279,-3.93758054754501,1
PZA02479.1,4,218367682,0.359379029516529,0.383512544802867,279,1.21266985456801,1
PZA02865.11,4,220857872,0.301790009954193,0.275985663082437,279,-1.52578008850137,1
PZA00155.1,4,220885121,0.189974020537598,0.125448028673835,279,2.76429630154884,1
PZA03150.3,4,222233027,0.883822166479967,0.241935483870968,279,0.203315870290897,1
PZA03150.4,4,222233032,0.39678372609214,0.28673835125448,279,-1.2985480859925,1
PZA03155.1,4,222233078,0.709604035628661,0.347670250896057,279,-0.518123968908115,1
PZA03155.3,4,222233297,0.682193817448946,0.227598566308244,279,-0.570580107876476,1
PZB00878.2,4,222331942,0.868716532246162,0.188172043010753,279,-0.285470999056821,1
PZB00878.3,4,222331993,0.88676031298414,0.032258064516129,279,0.516583010267745,1
PZB00878.1,4,222332058,0.523993071323866,0.0896057347670251,279,1.31361023613402,1
PZB00724.1,4,222332554,0.705794606326605,0.415770609318996,279,0.516562709229891,1
PZB01022.3,4,225206525,0.576567724895302,0.46594982078853,279,0.739282297932973,1
PZB01022.4,4,225206666,0.961585486265355,0.345878136200717,279,-0.0707037567293269,1
PZA00878.2,4,226223649,0.749741520336439,0.49820788530466,279,0.460388715585216,1
PZA00636.7,4,226884613,0.490235098864983,0.186379928315412,279,1.08569530155647,1
PZA00399.10,4,229644826,0.826161090101504,0.476702508960573,279,0.26626801195691,1
PZA00521.3,4,234783765,0.514135479734807,0.3584229390681,279,-0.851361350078231,1
PZA00694.6,4,235779015,0.472967386682884,0.302867383512545,279,-1.02747451693911,1
PZA03755.2,4,236401862,0.849993507016108,0.195340501792115,279,0.288018354694736,1
PZA03755.3,4,236402260,0.782753013754541,0.281362007168459,279,-0.394657455428396,1
PZA03754.2,4,236403295,0.105479516322516,0.010752688172043,279,10.4739663213361,1
PZA00209.4,4,236488577,0.412981902175837,0.265232974910394,279,1.26376606733153,1
PZA00209.8,4,236488723,0.970840927856789,0.440860215053763,279,0.0501254629634471,1
PZA02155.1,4,237336600,0.735882179403218,0.202508960573477,279,-0.529687815727534,1
PZA00513.1,4,238553534,0.315830150193702,0.184587813620072,279,-1.70772352106905,1
PHM5599.20,4,239237605,0.595353850163572,0.378136200716846,279,-0.681893905087633,1
PHM5665.26,4,240769341,0.127146240868652,0.35663082437276,279,-2.13518140293059,1
PHM2100.21,4,241723131,0.888659358515376,0.152329749103943,279,0.323768846357645,1
PZA03322.1,4,242019413,0.386243356452938,0.35663082437276,279,1.16608502974974,1
PZA03322.5,4,242019440,0.452473521832199,0.324372759856631,279,-1.0441317957259,1
PZA03322.4,4,242019500,0.165423206176263,0.111111111111111,279,-2.95407281293205,1
PZA03322.3,4,242019759,0.137211818993957,0.175627240143369,279,-2.44495563963753,1
PZA00005.2,4,243003422,0.194407364010169,0.437275985663082,279,-1.75393701189532,1
PZA00005.5,4,243003527,0.516973280167151,0.440860215053763,279,-0.861063567763232,1
PZA03017.10,4,243222842,0.945920297470523,0.417562724014337,279,0.0934643029700815,1
PZA03599.3,4,243935771,0.545888882701995,0.0770609318996416,279,-1.32099259055098,1
PZA03599.2,4,243935993,0.607460906335815,0.129032258064516,279,-1.02238205754519,1
PZA03599.1,4,243936127,0.389592107186746,0.10573476702509,279,-1.74167608404254,1
PZA03598.1,4,243936876,0.469106157279198,0.347670250896057,279,-1.02026638689278,1
PZA03598.2,4,243937127,0.417402713788711,0.306451612903226,279,1.16513019734993,1
PZA01905.12,4,244087450,0.480064112549658,0.399641577060932,279,-0.915462663649559,1
PZA02239.12,4,244721608,0.749817264126505,0.258064516129032,279,-0.460561028049459,1
PZA00682.16,4,244992633,0.762201354665592,0.134408602150538,279,0.578704978693879,1
PZA00682.2,4,244992844,0.206470380664298,0.256272401433692,279,1.82948869232448,1
PZA00051.17,4,245051599,0.0179667828275007,0.043010752688172,279,8.32740300728365,1
PZA00051.2,4,245051649,0.544244882032301,0.336917562724014,279,-0.87089541756259,1
PZA00282.14,4,245123491,0.466993445716805,0.238351254480287,279,-1.16570196786907,1
PZA03762.1,4,245131700,0.283484711501143,0.451612903225806,279,-1.35927365673103,1
PZA03762.2,4,245131801,0.664709878356601,0.017921146953405,279,2.48307134177965,1
PZA01887.1,5,656148,0.333174866379852,0.333333333333333,279,-1.33077842035376,1
PZA00684.12,5,920922,0.517724234016652,0.241935483870968,279,-0.941852211748878,1
PZA02894.1,5,945545,0.806448099500805,0.317204301075269,279,-0.317679250302746,1
PZA00191.5,5,2123914,0.86313675443895,0.440860215053763,279,0.228315877133177,1
PZA00191.4,5,2123961,0.697899151870779,0.49820788530466,279,0.517129622218405,1
PZB01352.6,5,3142800,0.340498110053613,0.118279569892473,279,1.99195917848261,1
PZB01352.4,5,3142841,0.2668558561553,0.193548387096774,279,1.90673421366435,1
PZB01352.2,5,3142954,0.0867285885015185,0.189964157706093,279,-2.86544395998045,1
PZA03046.4,5,3194619,0.131417189918312,0.489247311827957,279,-2.07915647729577,1
PZA03046.3,5,3194670,0.0118975364959454,0.0448028673835125,279,7.52262435344832,1
PZA03046.2,5,3194673,0.125181408511032,0.0412186379928315,279,-4.68185306565056,1
PZA01570.1,5,3533995,0.533486741521809,0.369175627240143,279,-0.8856571699013,1
PHM13122.43,5,4190804,0.453606347535802,0.258064516129032,279,1.23357182803713,1
PZA03304.2,5,4293459,0.730368507817269,0.118279569892473,279,-0.696059615192024,1
PZA03304.3,5,4293495,0.248422961434647,0.198924731182796,279,1.84486331625991,1
PZA03304.1,5,4293537,0.0445666644641905,0.478494623655914,279,-2.8013622269996,1
PZB01396.3,5,4591827,0.543745619806775,0.112903225806452,279,1.21939463634302,1
PZB01396.2,5,4592122,1,0,279,NA,1
PZA00089.3,5,5267091,0.0526738157792796,0.46415770609319,279,2.36285958623883,1
PZA03186.1,5,5476347,0.798644130832094,0.102150537634409,279,0.499618201094373,1
PZA03186.2,5,5476395,0.644378874972303,0.0698924731182796,279,-1.06594459981175,1
PZA02653.12,5,5917587,0.658664834751005,0.327956989247312,279,0.64240615454611,1
PZA02462.1,5,6820571,0.168089851123753,0.46594982078853,279,-1.75801572977241,1
PZB00081.4,5,6960673,0.63430970137958,0.349462365591398,279,0.709570934498468,1
PZB00081.2,5,6960836,0.281343774091555,0.3584229390681,279,-1.58439173762391,1
PZB00081.3,5,6961461,0.0307408580719116,0.102150537634409,279,-4.68054033272182,1
PZB00081.5,5,6961472,0.168316945393011,0.0663082437275986,279,-3.21019549959827,1
PZB00045.3,5,7082937,0.039133821288,0.39426523297491,279,2.70057924038248,1
PZB00045.2,5,7082974,0.465453678943307,0.0931899641577061,279,-1.50162791545487,1
PZB00054.3,5,7086096,0.744019492916836,0.114695340501792,279,-0.811295457467372,1
PZB00102.1,5,7086922,0.535499799703418,0.21326164874552,279,-1.06895504624453,1
PZB00102.2,5,7087084,0.858710298153307,0.170250896057348,279,-0.325518376536324,1
PZB02107.1,5,7087183,0.903687522417361,0.195340501792115,279,-0.212780834181395,1
PZA03584.1,5,7103451,0.366689273443324,0.263440860215054,279,-1.40113285475977,1
PZA03584.2,5,7103536,0.0487406350872505,0.0304659498207885,279,-6.99722840970489,1
PZA02753.1,5,7216587,0.107350133276907,0.422939068100358,279,-2.01550336992262,1
PZA03303.7,5,7648691,1,0,279,NA,1
PZA03303.3,5,7648721,0.308177695567397,0.046594982078853,279,2.91549946495276,1
PZA03303.6,5,7648847,0.0923094272295723,0.130824372759857,279,-3.08362495855593,1
PZB01993.2,5,7831264,0.206513494520143,0.327956989247312,279,1.72753784665791,1
PZB01993.5,5,7831417,1,0,279,NA,1
PZB01993.3,5,7831723,0.451619006425829,0.154121863799283,279,-1.27057463604598,1
PZB00094.1,5,7946002,0.364758670404527,0.498207885304659,279,-1.10034390556147,1
PZA01925.1,5,8598835,0.152534417776126,0.224014336917563,279,-2.18946015692901,1
PZA00865.1,5,9279776,0.853717044868844,0.241935483870968,279,-0.253692312274834,1
PZA00281.1,5,9965510,0.95855292307381,0.469534050179211,279,-0.0651406882302581,1
PZA00281.13,5,9965534,0.208077472944606,0.10573476702509,279,2.40348843085828,1
PZB00182.3,5,10055221,0.603263755485661,0.347670250896057,279,0.680656293846055,1
PZB00188.2,5,10055420,0.853385567264568,0.0878136200716846,279,-0.38410437318416,1
PZB00188.1,5,10055423,0.500266590333555,0.265232974910394,279,-0.973318437763834,1
PZB00069.1,5,10058612,0.818109709370664,0.401433691756272,279,-0.294346585825715,1
PZA03244.3,5,10752336,0.805309227851617,0.0053763440860215,279,-1.99905123021253,1
PZA03244.5,5,10752397,0.58590604534606,0.00716845878136201,279,4.02183527728588,1
PZA03244.1,5,10752476,0.369137291022005,0.333333333333333,279,-1.21589937467111,1
PZA03244.6,5,10752728,0.824626280538789,0.378136200716846,279,-0.299340573453269,1
PZA03244.2,5,10752817,1,0,279,NA,1
PZA03244.4,5,10752928,0.367065228033376,0.111111111111111,279,1.82308919747677,1
PZB00079.2,5,11737498,0.49760174103038,0.410394265232975,279,-0.858848227656061,1
PZB00079.4,5,11737636,0.255972640186411,0.137992831541219,279,-2.18114469493559,1
PZB00079.3,5,11737747,0.0629488469491132,0.279569892473118,279,2.72111596463661,1
PZB01479.1,5,11738957,0.331243157101993,0.03584229390681,279,4.62444310434686,1
PZA03678.1,5,11904119,0.769606531393037,0.10573476702509,279,-0.585566587631925,1
PZA03092.7,5,11992708,0.36984389785225,0.405017921146953,279,-1.13604682857898,1
PZB01642.1,5,12337501,0.731543369606195,0.0698924731182796,279,-0.777429076419263,1
PZB01642.2,5,12338040,0.439457026209713,0.0663082437275986,279,1.82669385838256,1
PZA00004.2,5,13542371,0.120761122239711,0.225806451612903,279,-2.42409249069363,1
PZA00112.3,5,13664532,0.434223288245074,0.25089605734767,279,1.15001557964821,1
PZA00112.4,5,13664643,0.869944679142917,0.424731182795699,279,0.214263897517085,1
PZA00112.5,5,13664679,0.00968813449887743,0.116487455197133,279,5.87821843733527,1
PZA00985.1,5,13981667,0.36303145342671,0.362007168458781,279,1.33245263491587,1
PZA01327.1,5,15056528,0.928870183962648,0.46594982078853,279,0.115844120049454,1
PZA01523.1,5,16208240,0.963537009905728,0.150537634408602,279,0.0803903156652164,1
PZA03371.2,5,17231557,0.456848876075335,0.0752688172043011,279,-1.59477249736538,1
PZA03371.1,5,17231824,0.458812429854143,0.03584229390681,279,2.70317253326808,1
PZA03371.3,5,17232075,1,0,279,NA,1
PZA00247.5,5,18038315,0.16987299926622,0.170250896057348,279,2.39989335084607,1
PZA00517.6,5,18240488,0.547294415475824,0.0609318996415771,279,1.73666816206358,1
PZA00517.4,5,18240536,0.0183396585448442,0.146953405017921,279,3.96641279367433,1
PZB00223.1,5,19973068,0.46637070068062,0.336917562724014,279,0.986308870542787,1
PZB00223.2,5,19973210,0.881307100077256,0.161290322580645,279,-0.245080092957553,1
PZB00223.3,5,19973330,0.547783643580449,0.0501792114695341,279,1.95606042744527,1
PZA03226.2,5,20089671,0.538549769006349,0.374551971326165,279,0.826675753763986,1
PZA03226.3,5,20089946,0.969338443919732,0.335125448028674,279,-0.0550281909706696,1
PZA03340.1,5,20200927,0.433820316919563,0.431899641577061,279,-1.09644784132485,1
PZA03340.3,5,20200987,0.114293342802612,0.0860215053763441,279,3.27407623897594,1
PZA03340.2,5,20201009,0.741355871536676,0.317204301075269,279,0.469847786930979,1
PZA02792.26,5,21770965,0.383058924855397,0.49820788530466,279,1.29339976413375,1
PZA02792.25,5,21771015,0.419985192536987,0.496415770609319,279,-1.18588329039334,1
PZA02792.18,5,21771204,0.660877440878074,0.112903225806452,279,-0.924481228065888,1
PZA02792.16,5,21771297,0.34981391069501,0.491039426523297,279,1.35727961400233,1
PZA02792.9,5,21771433,0.192109425229742,0.494623655913978,279,1.91055531474762,1
PZA03298.1,5,21811793,0.466957869653131,0.349462365591398,279,0.969959507002713,1
PZA03298.3,5,21811854,0.66451595103792,0.10573476702509,279,-0.992084320036236,1
PZB01983.2,5,23437363,0.0133823639057177,0.078853046594982,279,-6.30387813058082,1
PZB01983.1,5,23437641,0.0455868198410023,0.111111111111111,279,-4.21341034053175,1
PZA00329.3,5,24480823,0.14831537273245,0.455197132616487,279,1.90918330536523,1
PZA00934.2,5,30064518,0.058153066522978,0.43010752688172,279,2.38915960020953,1
PZA02113.1,5,30239292,0.614071842522268,0.444444444444444,279,0.646987281290407,1
PZB00579.2,5,32365820,0.570882321964477,0.00716845878136201,279,4.08244397507222,1
PZB00579.1,5,32366013,0.989480825558738,0.0483870967741935,279,0.038047078047786,1
PZB00869.4,5,32366193,0.590093424397196,0.388888888888889,279,0.751521592396979,1
PZB00869.1,5,32366223,0.659064975912924,0.390681003584229,279,-0.606472767393902,1
PZB00869.2,5,32366232,0.145034049753072,0.301075268817204,279,1.97260268416757,1
PZA01563.1,5,32599139,0.863185782705905,0.168458781362007,279,-0.348815783993341,1
PZA00499.10,5,34586816,0.737725335497264,0.0663082437275986,279,-0.882008206457314,1
PZA00499.3,5,34586850,0.0845007213826572,0.422939068100358,279,-2.15370161864766,1
PZA00449.2,5,37511797,0.297547107739088,0.164874551971326,279,1.73348314277233,1
PZA03261.1,5,41024015,0.0262688845596961,0.0698924731182796,279,-5.24000746763263,1
PZA03217.1,5,41024709,0.620527002062649,0.437275985663082,279,-0.647560393442205,1
PZA03217.2,5,41024758,0.599849235032698,0.433691756272401,279,0.681892572446353,1
PZA00629.21,5,42492559,0.272628888424445,0.112903225806452,279,-2.73059735960424,1
PZA00407.8,5,48828125,0.842943327199995,0.0197132616487455,279,-0.923757872727311,1
PZA02207.1,5,49203492,0.553694838808645,0.390681003584229,279,-0.754096625875029,1
PZA00401.6,5,55324262,0.542338932214895,0.0448028673835126,279,1.96319082075444,1
PZA00401.11,5,55324334,0.86033926887909,0.258064516129032,279,-0.249990723404082,1
PZA00805.1,5,57507670,0.195619386335336,0.127240143369176,279,-2.65479141863083,1
PHM2769.43,5,57831576,0.14664826717143,0.369175627240143,279,-1.83778332654201,1
PZA00522.2,5,57933325,0.675459789858544,0.442652329749104,279,0.621373991077947,1
PZA00522.7,5,57933514,0.525982819073215,0.43010752688172,279,0.909728304409998,1
PZA00522.12,5,57933548,0.601841790873958,0.422939068100358,279,0.751948052067815,1
PZA00222.7,5,58576757,0.72171970270676,0.476702508960573,279,-0.46215414334581,1
PZA00222.5,5,58576811,0.300603558707734,0.446236559139785,279,1.40071737391502,1
PZB01004.2,5,58616019,0.274426540925307,0.021505376344086,279,5.84217600897773,1
PZB01004.1,5,58616136,0.46991579774335,0.17741935483871,279,-1.22849462685319,1
PHM1870.20,5,59299993,0.844353783762747,0.408602150537634,279,-0.272647374444398,1
PZA03451.7,5,59300236,0.413924260877856,0.456989247311828,279,-1.10026149006547,1
PZA03451.5,5,59300361,0.981719926848905,0.415770609318996,279,-0.0319757602781947,1
PZA03451.6,5,59300415,0.276619968948607,0.440860215053763,279,-1.48790457444418,1
PZB01271.1,5,60104545,0.774692907949719,0.0663082437275986,279,-0.745828607540273,1
PZA03426.1,5,60371555,0.398528943447699,0.175627240143369,279,-1.38473831003477,1
PZB01115.4,5,60964265,0.212451697677345,0.342293906810036,279,1.73780127548634,1
PZB01115.3,5,60964334,0.778563414546054,0.245519713261649,279,-0.42163680422893,1
PZA00710.11,5,61491984,0.374772394399122,0.268817204301075,279,1.32995006123175,1
PZA00710.1,5,61492543,0.42861963881436,0.283154121863799,279,-1.12008199277478,1
PZA00345.27,5,61898123,1,0,279,NA,1
PZA00345.15,5,61898524,0.532849749318722,0.0394265232974911,279,1.90954238942786,1
PZA00472.2,5,62415995,0.409847312858866,0.137992831541219,279,-1.50286989449573,1
PZB01336.6,5,62622237,0.528085411899529,0.163082437275986,279,-0.990414470123425,1
PZB01336.3,5,62622538,0.48741085845483,0.340501792114695,279,0.970397219118011,1
PZA03411.3,5,63013302,0.584858880938652,0.0412186379928315,279,-1.58072456203648,1
PZA03411.2,5,63013636,1,0,279,NA,1
PZA01050.1,5,63415425,0.514148242490411,0.449820788530466,279,0.865214881031888,1
PZB00232.1,5,63417714,0.734930065056463,0.383512544802867,279,0.448670032579407,1
PZB00232.2,5,63418190,0.904703080065177,0.329749103942652,279,-0.182766451640177,1
PZB02023.1,5,63418474,0.778088434201645,0.390681003584229,279,0.374076490064279,1
PZA03042.1,5,64413079,0.626740840288101,0.252688172043011,279,0.698574833850674,1
PZA03042.5,5,64413280,0.0368233653821357,0.0716845878136201,279,5.27961151823105,1
PHM4165.14,5,65741535,0.54593639625453,0.460573476702509,279,0.744461114718665,1
PZA00626.4,5,66131678,0.0648873038231686,0.25089605734767,279,2.70308324351589,1
PZA00626.3,5,66131744,0.161760638878665,0.263440860215054,279,2.05921473923095,1
PZA00569.11,5,66901923,0.185818369402958,0.0609318996415771,279,-3.51871564712901,1
PZA00569.17,5,66902020,0.263012108338464,0.0519713261648745,279,3.08743958698201,1
PZA03356.2,5,66971839,1,0,279,NA,1
PZA03356.1,5,66971925,0.88804311851216,0.148745519713262,279,-0.264143699995067,1
PZA03356.3,5,66972253,1,0,279,NA,1
PZA03399.2,5,67946242,0.13543805561465,0.116487455197133,279,2.78943442521175,1
PZA03399.1,5,67946563,0.776206434500828,0.166666666666667,279,0.454187935288503,1
PZB01112.1,5,68419652,0.145010892541605,0.344086021505376,279,2.21311166644332,1
PZB01112.2,5,68419832,0.848352716637828,0.136200716845878,279,-0.329813095189235,1
PZB01112.5,5,68419948,0.181656200249915,0.032258064516129,279,-4.27657496074822,1
PZB01112.3,5,68420111,0.715689236031603,0.0806451612903226,279,-0.762019509325953,1
PZA03201.2,5,68603801,0.238112261195669,0.396057347670251,279,1.53256539220665,1
PZA01349.2,5,69319346,0.631206451473286,0.202508960573477,279,0.736116622743562,1
PZA03677.3,5,71093439,0.237188448037034,0.0734767025089605,279,-2.62401037156203,1
PZA03677.4,5,71093557,0.751538639409005,0.0501792114695341,279,0.930063441657478,1
PZA03677.1,5,71093631,0.304907910733054,0.374551971326165,279,1.63491015822164,1
PZA03677.2,5,71093680,0.175571004191061,0.424731182795699,279,1.84186125121675,1
PHM5798.39,5,71095193,0.199703365069704,0.422939068100358,279,-1.78871992952915,1
PZA01303.1,5,72408251,0.0482355283341041,0.222222222222222,279,-2.94240756948296,1
PZA00261.6,5,75234294,0.673597577032355,0.354838709677419,279,0.584313062376154,1
PZA00261.5,5,75234342,0.765181446645708,0.345878136200717,279,-0.398716892277354,1
PZA03622.1,5,76512885,1,0,279,NA,1
PZA03594.1,5,76513050,0.487728698489853,0.462365591397849,279,0.850950239604513,1
PZA02818.10,5,77679469,0.543494432933097,0.458781362007168,279,-0.771337158848492,1
PZA02818.6,5,77679565,0.633323576111586,0.405017921146953,279,-0.618691090548524,1
PZB00147.1,5,80010733,0.255809799742618,0.421146953405018,279,1.40770297881772,1
PZA01779.1,5,81227637,0.992083414576911,0.267025089605735,279,-0.0145083282704432,1
PZB02425.3,5,83233487,0.0175336944814165,0.238351254480287,279,-3.41526994927947,1
PZB02425.2,5,83233631,0.606229938703169,0.204301075268817,279,0.786304032420218,1
PZA01693.1,5,83544273,0.745744056630828,0.297491039426523,279,0.461264656587585,1
PZA00570.11,5,87053064,0.377882289485005,0.42831541218638,279,-1.13043074173744,1
PZA00570.19,5,87053407,0.315266333089994,0.0609318996415771,279,3.20990884782444,1
PZA03049.23,5,88604674,0.686430496158401,0.3584229390681,279,0.537699766745914,1
PZA03049.15,5,88604788,0.4766365172632,0.369175627240143,279,-0.965682262344377,1
PZA03049.14,5,88604820,0.419652529299642,0.326164874551971,279,-1.15207517275816,1
PZA03049.24,5,88604977,0.738010205950257,0.103942652329749,279,-0.744949914027879,1
PZA00643.13,5,91096945,0.661334386466639,0.478494623655914,279,-0.618844993817533,1
PZA00643.11,5,91097032,1,0,279,NA,1
PZA03284.3,5,91651999,0.0491148751975303,0.220430107526882,279,-3.31170100924435,1
PZA03284.4,5,91652139,0.65621635124518,0.053763440860215,279,-1.37658447691086,1
PZB02059.1,5,92520604,0.911312760201279,0.489247311827957,279,0.142263435596681,1
PZB02059.3,5,92520689,0.466484589393064,0.111111111111111,279,-1.36966997073366,1
PZA00547.8,5,92862112,0.417976812320977,0.172043010752688,279,-1.31235174177156,1
PZA00547.6,5,92862322,0.132474297272333,0.446236559139785,279,-1.94266061732687,1
PZA00249.2,5,100227859,0.910533120378159,0.313620071684588,279,-0.15169718290559,1
PZB01632.2,5,123268218,0.15846848844182,0.265232974910394,279,-1.95501034004279,1
PZA00031.5,5,123268237,0.931959228680675,0.123655913978495,279,0.159821718916829,1
PZB01632.1,5,123268841,0.8908490425464,0.112903225806452,279,0.261414500440218,1
PZB01632.3,5,123269020,0.304367157864399,0.025089605734767,279,-3.9158815040796,1
PZA00524.2,5,132594432,0.032227287549748,0.482078853046595,279,-2.95993020815388,1
PZB00969.1,5,132772317,0.0577901881021032,0.387096774193548,279,-2.68049070882768,1
PZB02491.1,5,132786876,0.0834908516668739,0.388888888888889,279,2.46242701915689,1
PZA00067.8,5,145121054,0.796830437606312,0.310035842293907,279,0.357832643940549,1
PZA00067.10,5,145121179,0.341764149060265,0.164874551971326,279,-1.69586094752402,1
PZA00067.9,5,145121333,0.753029438305221,0.145161290322581,279,0.598460519798313,1
PZA02822.2,5,148711030,1,0,279,NA,1
PZB01017.1,5,158032440,0.395585968056577,0.451612903225806,279,-1.08244309192582,1
PZB01017.2,5,158032493,0.902289037164635,0.173835125448029,279,0.204255882804017,1
PZB01017.4,5,158032589,0.419309641021876,0.35663082437276,279,1.03826471934509,1
PZB01017.3,5,158032721,0.957120284504847,0.360215053763441,279,-0.0718316005393791,1
PZB01017.5,5,158032820,0.912925254231817,0.136200716845878,279,0.228233186458444,1
PZA01608.1,5,158599491,0.926048849898582,0.224014336917563,279,-0.147747626894511,1
PZA00573.11,5,160173844,0.658425726942819,0.03584229390681,279,-1.63545573938796,1
PZA00573.3,5,160173922,0.114853694739461,0.139784946236559,279,-2.71510229681988,1
PZA01796.1,5,160321846,0.306105911240653,0.444444444444444,279,1.36095097411434,1
PZA02965.13,5,163580663,0.780414129406258,0.129032258064516,279,-0.541866829593012,1
PZA00595.3,5,165094873,0.883033099426026,0.0591397849462366,279,-0.403057129808149,1
PZA00595.4,5,165095136,0.137761499462495,0.0627240143369176,279,3.60041261370905,1
PZA02981.2,5,166468431,0.379931754711156,0.365591397849462,279,-1.14801068636064,1
ae1.7,5,167873309,0.851761128652853,0.462365591397849,279,-0.232915310501254,1
PZB00619.1,5,167873609,0.432735928005158,0.163082437275986,279,1.3482774678214,1
PZB01331.2,5,167874494,0.547965046184216,0.137992831541219,279,-1.13400539663374,1
ae1.8,5,167884630,0.947901195305874,0.154121863799283,279,0.117698506182965,1
ae1.1,5,167889542,0.32031612962392,0.207885304659498,279,1.5176147908263,1
PZA02807.5,5,167939710,0.112519209686319,0.043010752688172,279,-5.10458939228642,1
PZA00674.3,5,168637658,0.861313291201605,0.267025089605735,279,0.250150496122749,1
PZA00674.4,5,168637782,0.622857630191928,0.406810035842294,279,0.627961463125804,1
PZB02151.1,5,168867197,0.291876521204916,0.419354838709677,279,-1.422551750349,1
PZB02151.2,5,168867279,0.286996652747147,0.100358422939068,279,-2.2954688876573,1
PZA02641.2,5,168924730,0.948463499555594,0.254480286738351,279,0.101058674867183,1
PZA00470.1,5,169327292,0.937912044694885,0.290322580645161,279,0.11386172226276,1
PZA00255.15,5,169719615,0.285156517796292,0.0627240143369176,279,2.50563379232141,1
PZA00255.14,5,169719641,0.552783727902118,0.245519713261649,279,-0.870306500423532,1
PZB00204.1,5,169853770,0.0128468298818287,0.424731182795699,279,-3.18322194725275,1
PZB00204.2,5,169853895,0.398532125857195,0.442652329749104,279,-1.10874570355133,1
PZA02040.2,5,171389177,0.615904983204551,0.274193548387097,279,-0.681009230745839,1
PZA00300.11,5,171688991,0.22562361478372,0.440860215053763,279,1.61058938613702,1
PZA03704.1,5,171869817,0.90450489869222,0.232974910394265,279,-0.179769783180083,1
PZA03094.17,5,173094159,0.165678729927701,0.0448028673835126,279,-4.86298542120957,1
PZA03094.9,5,173094268,0.825135037041105,0.431899641577061,279,0.285117447359922,1
PZA03094.6,5,173094351,0.225016216227759,0.365591397849462,279,1.56380812205622,1
PZA03718.1,5,175459060,0.641663774330932,0.254480286738351,279,0.699982173933739,1
PZA03717.1,5,175459765,0.932758970112126,0.467741935483871,279,-0.123869264123624,1
PZA03716.1,5,175460472,0.358090609097377,0.0555555555555556,279,2.85389895234176,1
PZA03716.2,5,175460577,0.0335896473408681,0.039426523297491,279,6.40944164470468,1
PZA03714.4,5,175462637,0.248815396656137,0.0412186379928315,279,-3.80371993552883,1
PZA03714.3,5,175462855,0.405819031500045,0.498207885304659,279,-1.18758634503107,1
PZA03714.2,5,175462981,0.103212893888253,0.43010752688172,279,-2.13474884940626,1
PZA03714.1,5,175463023,0.161367998764814,0.396057347670251,279,-1.90940570426119,1
PZD00056.3,5,176459414,0.387133707216916,0.184587813620072,279,1.3916083756179,1
PZD00056.4,5,176459531,0.943264644932313,0.308243727598566,279,-0.0966749733990195,1
PZD00056.1,5,176459677,0.237158121012115,0.168458781362007,279,2.02889300936312,1
PZD00056.2,5,176459761,0.684207174547049,0.17741935483871,279,-0.632983487253387,1
PZD00056.5,5,176459946,0.434447073754571,0.0412186379928315,279,-2.32927738571646,1
PZB00213.4,5,176901695,0.355713926174034,0.0770609318996416,279,-1.97787444764371,1
PZA02633.4,5,179953106,0.832842431141814,0.376344086021505,279,-0.262040058108861,1
PZA02408.2,5,180413515,0.817209240424989,0.35663082437276,279,-0.311177249207442,1
PZA02209.2,5,180428220,0.876380147164207,0.413978494623656,279,-0.189122245555805,1
PZA03324.1,5,181256363,0.840984156782172,0.252688172043011,279,-0.295149531167092,1
PZA02834.38,5,181672656,0.0630435907171042,0.422939068100358,279,2.44696636944696,1
PZA01575.1,5,182337306,0.714286709170806,0.103942652329749,279,-0.826181227061261,1
PZA00603.1,5,183706112,0.734118800744738,0.408602150537634,279,-0.440040808798861,1
PZB00136.2,5,184587393,0.495645640579472,0.0985663082437276,279,-1.39036685223793,1
PZB02033.2,5,184588852,0.198012315642317,0.220430107526882,279,-2.09651629637951,1
PZB02033.1,5,184588958,0.0285795832038915,0.39426523297491,279,-2.87604308884095,1
PZA03161.1,5,185596985,0.756380488139707,0.155913978494624,279,0.521948968244897,1
PZA02788.12,5,187896409,0.743031700589549,0.256272401433692,279,0.481633938043965,1
PZA03172.2,5,188293932,0.672603913246753,0.0645161290322581,279,-1.09126901646131,1
PZA03172.3,5,188294198,0.863312790039747,0.0537634408602151,279,-0.579506345482518,1
PZB02005.2,5,188557212,0.657403594933526,0.046594982078853,279,1.38506361506793,1
PZB02005.1,5,188557321,0.0532551234384829,0.336917562724014,279,-2.45628203040379,1
PZA02383.1,5,189143556,0.784209480789861,0.345878136200717,279,0.341212998655916,1
PZA03320.1,5,190229644,0.447767407416229,0.367383512544803,279,-1.05245028637812,1
PZA03320.6,5,190229745,0.262028103794312,0.274193548387097,279,1.67240178345936,1
PZA03320.4,5,190229809,0.500757972860277,0.100358422939068,279,-1.43597001180892,1
PZA03320.3,5,190229872,0.0698047145131862,0.326164874551971,279,-2.63931868634614,1
PZA03320.2,5,190229927,0.0764879838385298,0.331541218637993,279,-2.56083932531604,1
PZA00352.22,5,191075724,1,0,279,NA,1
PZA02411.3,5,192326110,0.273768930266149,0.154121863799283,279,-1.80101320737146,1
PZA00715.3,5,192778685,0.428025051789649,0.191756272401434,279,-1.24288435156349,1
PZA00715.1,5,192778844,0.629493818191291,0.222222222222222,279,0.69001937747982,1
PZA03050.11,5,193208168,0.206360002140648,0.480286738351254,279,1.58674593350443,1
PHM532.23,5,193208321,0.809331070416931,0.290322580645161,279,0.342260580751301,1
PZA03312.2,5,193296367,0.623287895033109,0.218637992831541,279,0.77657997091345,1
PZA03312.3,5,193296378,0.671174507894214,0.396057347670251,279,0.570847689957055,1
PZA03312.1,5,193296408,0.228426814386901,0.467741935483871,279,1.5727028044623,1
PZA03618.3,5,193521420,0.485015942501486,0.172043010752688,279,-1.15052412926259,1
PZA03618.4,5,193521685,0.985033849549914,0.456989247311828,279,-0.0243424669459453,1
PZA03618.2,5,193521810,0.836845073978692,0.154121863799283,279,0.360656563173099,1
PZA03618.1,5,193521948,0.629084331312901,0.426523297491039,279,0.648891153267955,1
PZD00017.2,5,195724183,0.28907442532808,0.184587813620072,279,1.7710450026023,1
PZA00652.14,5,198380640,0.559184386440892,0.120071684587814,279,1.138251885178,1
PZA00652.17,5,198380653,0.530776457903978,0.336917562724014,279,-0.88117425469813,1
PZA03024.7,5,198534067,0.946685191065226,0.0501792114695341,279,-0.203041359017627,1
PZA03024.16,5,198534153,0.0309124094160587,0.415770609318996,279,-2.72301352290228,1
PZB02283.1,5,199528414,0.202759555897431,0.206093189964158,279,1.94089322172303,1
PZB02424.2,5,199531191,0.174137842478191,0.186379928315412,279,-2.15982485541369,1
PZB02424.1,5,199531408,0.401770416533716,0.460573476702509,279,-1.0517441774095,1
PZA01142.4,5,199697937,0.450764728928001,0.170250896057348,279,1.33025374708789,1
PZB01376.1,5,199784965,0.329666453383627,0.32258064516129,279,1.32892836769336,1
PZA03680.1,5,200752538,0.610360681500208,0.313620071684588,279,-0.686177826903127,1
PZA03683.1,5,200755109,0.0957759761408849,0.408602150537634,279,-2.25155388648469,1
PZA02820.17,5,200813183,0.70879062135048,0.281362007168459,279,0.557472126825322,1
PZA02820.16,5,200813185,0.96211619950644,0.28673835125448,279,0.0716015099685037,1
PZA02820.7,5,200813276,0.0234219161365849,0.17741935483871,279,-3.87376482012841,1
PZA02820.6,5,200813312,0.764819249110476,0.14336917562724,279,0.559958953649576,1
PZA01265.1,5,201139510,0.864503688131097,0.245519713261649,279,0.247862549433304,1
PZB00765.1,5,202174585,0.435620875800982,0.396057347670251,279,1.06426520650799,1
PZA02060.1,5,202342720,0.787364825427282,0.446236559139785,279,0.365640220089294,1
PZA02667.1,5,202777978,0.162057891448034,0.0483870967741935,279,-5.07339871151269,1
PZA00395.2,5,202847197,0.313960432131067,0.318996415770609,279,1.41614187730899,1
PZA00395.1,5,202847226,0.334750033069358,0.311827956989247,279,-1.35748303799731,1
PZA03353.1,5,203211587,0.873048012284615,0.043010752688172,279,-0.450368651232412,1
PZA00980.1,5,203778506,0.405341901883885,0.293906810035842,279,1.09106395435301,1
PZB00023.1,5,204103838,0.742692215844325,0.218637992831541,279,-0.506461638249985,1
PZA02068.1,5,204198466,0.0957187951662901,0.335125448028674,279,2.24479390278562,1
PZB02189.5,5,204516414,0.498758935756723,0.279569892473118,279,0.970701174711997,1
PZB02189.4,5,204516488,0.389582765411083,0.00716845878136196,279,6.33922000923806,1
PZB02189.3,5,204516565,1,0,279,NA,1
PZB02189.1,5,204516691,0.599173217763682,0.283154121863799,279,-0.754991659574201,1
PZB02189.6,5,204517020,0.286929662544223,0.335125448028674,279,1.52058318574181,1
PZB01987.1,5,205076873,0.351613960665302,0.114695340501792,279,1.82938851882303,1
PZB00686.1,5,205811176,0.382638928732863,0.202508960573477,279,1.40612966715119,1
PZB00686.2,5,205811393,0.93881233293338,0.132616487455197,279,0.139057640217035,1
PZB02420.1,5,205811670,0.0352357078168882,0.0448028673835126,279,6.07189150338639,1
PZA00545.4,5,206664777,0.419011910332403,0.275985663082437,279,1.1074587387558,1
PZA00545.21,5,206665028,0.420128126814102,0.0806451612903226,279,-2.14623008580891,1
PZA03167.2,5,207603095,0.135939851742047,0.449820788530466,279,-1.97477587887615,1
PZA03167.3,5,207603154,0.0772953766904414,0.336917562724014,279,-2.47072163971676,1
PZA03167.5,5,207603495,0.0277195195286168,0.437275985663082,279,-2.93157960730226,1
PZA00167.7,5,207870558,0.846125038730035,0.369175627240143,279,-0.254589490344672,1
PZA01259.1,5,207926607,0.884973129672346,0.335125448028674,279,-0.201699084633263,1
PZD00041.2,5,208729875,0.713262639514409,0.03584229390681,279,1.37857784400354,1
PZD00041.1,5,208730143,0.612473192097263,0.0627240143369175,279,-1.60625919930172,1
PZA01680.3,5,208901002,0.887739456973729,0.0716845878136201,279,-0.353589329557881,1
PZB01302.1,5,209098791,0.0125196454906758,0.0286738351254481,279,-8.6414633606452,1
PZA00448.5,5,209498142,0.487304757879288,0.17921146953405,279,1.24364261361816,1
PZA00448.6,5,209498196,0.797053022558858,0.318996415770609,279,0.377542539503144,1
PZA00500.5,5,210743837,0.32491685565456,0.281362007168459,279,1.43902380652044,1
PZA00500.3,5,210743871,1,0,279,NA,1
PZA03335.1,5,210890745,0.336260485143604,0.172043010752688,279,-1.58524501480937,1
PZA03339.3,5,210890786,0.0983464672369359,0.0985663082437276,279,3.48858081994443,1
PZA03335.2,5,210890886,0.994450366016999,0.229390681003584,279,0.0106028191610958,1
PZA03222.4,5,211815236,0.927524720980445,0.039426523297491,279,-0.276733574999829,1
PZA03222.1,5,211815347,0.668227481926584,0.388888888888889,279,0.546204453909067,1
PZA02390.1,5,211884165,0.341160118544665,0.272401433691756,279,1.25731766960841,1
PZA00433.3,5,213271422,0.681570830539508,0.261648745519713,279,-0.605160945877847,1
PZA00433.5,5,213271532,0.25529411369498,0.417562724014337,279,1.55164068495549,1
PZA02817.3,5,214237451,0.616117733354092,0.467741935483871,279,-0.674273615310364,1
PZA02817.15,5,214237678,0.553849137526851,0.449820788530466,279,0.794511165476368,1
PZA00069.4,5,214424975,0.581802329055159,0.152329749103943,279,0.950121085912542,1
PZA00069.2,5,214425081,0.882776044014604,0.458781362007168,279,-0.18521639250878,1
PZA00408.7,5,214442805,0.897013468137288,0.152329749103943,279,-0.235300495438857,1
PZA03307.1,5,214935596,0.531694942754918,0.0824372759856631,279,1.48166359204667,1
PZA02480.1,5,214953055,0.462872107299583,0.234767025089606,279,1.2440797401629,1
PZA02769.1,5,215505432,0.649308669944475,0.453405017921147,279,0.579961464159761,1
PZA01060.1,5,216431558,0.877705403399677,0.383512544802867,279,0.202509344267078,1
PZA00606.3,6,2379148,0.504294701807459,0.381720430107527,279,0.840261515699136,1
PZA03003.11,6,6321806,0.967007957127742,0.281362007168459,279,-0.0584486793545651,1
PZA03003.10,6,6321890,0.352473017200534,0.118279569892473,279,1.73595111721368,1
PZA03290.1,6,9243581,0.398341562276,0.168458781362007,279,-1.41009835795574,1
PZA03290.2,6,9243719,0.955052715989669,0.0967741935483871,279,-0.124239770142402,1
PZA03290.3,6,9243743,0.868900312773366,0.0967741935483871,279,-0.363284144346082,1
PHM15961.13,6,9561803,0.621407975442868,0.335125448028674,279,0.63442682549788,1
PZA00503.5,6,12075777,0.696702721249296,0.161290322580645,279,-0.619450639161955,1
PZA00158.2,6,14057156,0.474373368074569,0.444444444444444,279,0.939760612381951,1
PZA00233.8,6,19092580,0.0228143140861236,0.227598566308244,279,3.40890863744518,1
PZA03047.20,6,20837292,0.689078433910872,0.0967741935483871,279,0.782216249388414,1
PZA03047.12,6,20837504,0.431027593765305,0.387096774193548,279,-1.02755939298302,1
PZA00440.15,6,22403926,0.630835049344561,0.268817204301075,279,0.727484534296629,1
PZA00440.1,6,22404308,0.834162868308271,0.408602150537634,279,0.272478332900289,1
PZA00501.12,6,23874393,0.283600106759802,0.0663082437275986,279,2.54714797162892,1
PZA03204.2,6,24265182,0.868091360760345,0.324372759856631,279,0.233851915918801,1
PZA03204.1,6,24265211,0.877096069178032,0.489247311827957,279,0.192365565516186,1
PZA03195.2,6,24328659,0.526962095001173,0.24910394265233,279,0.911956331590149,1
PZA02948.24,6,25035106,0.715642218233495,0.315412186379928,279,0.51583569895187,1
PZA03588.2,6,25189392,0.849652838847938,0.182795698924731,279,0.325938111679091,1
PZA03063.17,6,25335322,0.67974499675516,0.0501792114695341,279,1.14344716102018,1
PZA03063.18,6,25335362,0.919409789687276,0.0985663082437276,279,-0.216137605386411,1
PZA01509.1,6,31892075,0.355308826068052,0.43010752688172,279,-1.1905888054122,1
PZA00540.3,6,32496071,0.69484552886182,0.46594982078853,279,0.501487631838386,1
PZA00462.2,6,36605422,0.667267229212308,0.344086021505376,279,-0.564434492579761,1
PZA00489.1,6,51443123,1,0,279,NA,1
PZA02836.17,6,57633518,0.32102252103536,0.403225806451613,279,-1.26973960180941,1
PZA03120.1,6,57774238,0.810572073628344,0.318996415770609,279,-0.326453014175804,1
PZA03120.3,6,57774504,0.62322017506749,0.175627240143369,279,0.770317371614904,1
PZA00582.1,6,62407399,0.54908368930307,0.207885304659498,279,-0.939225095124235,1
PZA00582.4,6,62407447,0.744716367894114,0.166666666666667,279,-0.528977565231168,1
PZA03090.31,6,69840279,0.358281328371901,0.155913978494624,279,1.58770080614211,1
PZB00236.2,6,75187712,0.559909669917442,0.0501792114695341,279,1.6297366225698,1
PZA03668.2,6,78304583,0.0450983586649653,0.014336917562724,279,9.66318965323963,1
PZA03668.4,6,78304837,0.186993803729027,0.0268817204301075,279,-5.60526380042214,1
PZA03668.1,6,78304925,0.254267156870247,0.378136200716846,279,1.53534763154474,1
PZA03668.3,6,78305004,0.792162955617483,0.010752688172043,279,1.54159745338683,1
PZA03667.1,6,78308523,0.618029679515004,0.410394265232975,279,0.670174977314152,1
PZA03667.2,6,78308633,0.925398677950837,0.028673835125448,279,0.334901368994765,1
PZA00355.2,6,78756245,0.2544021451498,0.458781362007168,279,-1.5143769415806,1
PZB01092.2,6,80278320,0.0990833132168583,0.258064516129032,279,-2.23635820370074,1
PZB01092.10,6,80278345,0.247275848213565,0.025089605734767,279,4.89456941056118,1
PZB01092.5,6,80278446,0.986258596130361,0.102150537634409,279,0.0362168646954668,1
PZB01092.3,6,80278699,0.779375829499304,0.164874551971326,279,0.49886998860004,1
PZB01092.4,6,80278795,0.138723382979896,0.164874551971326,279,2.51981423707635,1
PZA00543.2,6,80533898,0.146845254085259,0.0913978494623656,279,-3.25654136723404,1
PZA00543.4,6,80534176,0.146971737879074,0.116487455197133,279,-3.02355480471729,1
PZB00645.1,6,80874917,0.948659405618328,0.198924731182796,279,0.101498512509492,1
PZB00711.3,6,80876967,0.658139321198834,0.0770609318996416,279,-1.04018705413336,1
PZB00711.1,6,80877074,0.554508810824545,0.172043010752688,279,1.07247012140333,1
PZB00711.2,6,80877173,0.829939917322329,0.0913978494623656,279,0.517095690890969,1
PZB01446.1,6,81339917,0.161520458069786,0.10752688172043,279,3.05635817311628,1
PZB01446.3,6,81339988,0.069618473083464,0.032258064516129,279,-6.91190365091971,1
PZB01446.2,6,81340153,1,0,279,NA,1
PZA03069.4,6,81808364,0.0329428985401436,0.471326164874552,279,2.9133341218072,1
PZA03069.6,6,81808425,0.62137547061014,0.00716845878136201,279,-3.69344696118059,1
PZA03069.8,6,81808446,0.178189282960401,0.333333333333333,279,-1.86528031789542,1
PZA02606.1,6,82066399,0.958731993622755,0.370967741935484,279,0.068660651766786,1
PZA03296.3,6,83064553,0.0798270487124034,0.0519713261648745,279,4.7100675484597,1
PZA03296.1,6,83064586,0.354319800419945,0.272401433691756,279,1.33586499283015,1
PZA03296.8,6,83064592,0.0332757665520365,0.0913978494623656,279,4.88559457042643,1
PZA03296.7,6,83064683,0.313345442053992,0.455197132616487,279,1.32091093110264,1
PZA03296.2,6,83064740,0.239721113069595,0.166666666666667,279,2.03327990470083,1
PZA03296.5,6,83064850,0.101330401795295,0.0752688172043011,279,3.99110698869159,1
PZD00072.2,6,83625470,0.278180623435682,0.46594982078853,279,1.38064641353468,1
PZA03413.1,6,83998944,1,0,279,NA,1
PZA00387.1,6,84289867,0.0281048508372387,0.43010752688172,279,-2.83352505072293,1
PZB01009.4,6,84664768,0.612903363711208,0.206093189964158,279,-0.842508090953317,1
PZB01009.1,6,84664843,0.656807001324073,0.406810035842294,279,-0.571569770419348,1
PZB01009.5,6,84664867,0.412882800862092,0.0304659498207885,279,2.68708253128781,1
PZB01009.2,6,84665035,0.206996616282097,0.152329749103943,279,2.25855734002813,1
PZA00022.2,6,84752003,0.802246732223284,0.42831541218638,279,-0.321814060798833,1
PZA00006.13,6,85125129,0.490213404568907,0.206093189964158,279,1.06565709042359,1
PZA00006.9,6,85125362,0.512723355473832,0.120071684587814,279,1.25364596849915,1
PZA03522.1,6,87790780,0.206213773909921,0.403225806451613,279,-1.65615627209103,1
PZA03522.2,6,87791252,0.820560768326846,0.127240143369176,279,-0.452870320084043,1
PZA03523.2,6,87791607,0.490824503596603,0.317204301075269,279,-1.00900131794875,1
PZA03523.1,6,87791839,0.185389066849909,0.252688172043011,279,1.83096819291086,1
PZA03732.1,6,89098725,0.522453629212985,0.42831541218638,279,-0.886103550446957,1
PZA03732.2,6,89098939,0.797908792034793,0.274193548387097,279,0.416141145128411,1
PZA03732.3,6,89099054,0.224268649281666,0.10752688172043,279,-2.52918675273978,1
PZA03213.1,6,89828654,0.366010117115241,0.270609318996416,279,-1.25611716950678,1
PZA03213.2,6,89828710,0.476326177705749,0.172043010752688,279,1.7964704075602,1
PZA00214.1,6,91704093,0.736270691341749,0.451612903225806,279,-0.426588401809964,1
PHM8909.12,6,91883155,0.878650923393369,0.345878136200717,279,0.21337157782655,1
PZA00578.2,6,92705427,0.442622428427556,0.129032258064516,279,-1.51142456811722,1
PZA00578.1,6,92705503,0.0605343074966337,0.0985663082437276,279,4.19878884051492,1
PZB01881.12,6,93263489,0.739931985516255,0.0501792114695341,279,1.14966175621578,1
PZB01881.10,6,93263605,0.0021552584050485,0.043010752688172,279,8.96676202643156,1
PZB01881.11,6,93263819,0.0277352407223702,0.0537634408602151,279,5.76851722627474,1
PZB01881.8,6,93264181,1,0,279,NA,1
PZB01881.9,6,93264332,1,0,279,NA,1
PZB01877.1,6,93266925,0.972780208219205,0.231182795698925,279,-0.0528463669230943,1
PZA02970.6,6,98507637,0.782653332039578,0.0663082437275986,279,0.723218365328531,1
PZA02970.9,6,98507715,0.21583152280693,0.111111111111111,279,-2.30396431781037,1
PZA00942.2,6,102566000,0.704076412455565,0.28673835125448,279,-0.584686707954057,1
PZB01658.2,6,102953670,0.901112939737367,0.274193548387097,279,0.169601017029171,1
PZA03461.1,6,107548070,0.763647090340352,0.207885304659498,279,0.510912175754743,1
PZA00187.2,6,107666299,0.885772872407574,0.467741935483871,279,-0.181250818891388,1
PZA00187.8,6,107666382,0.287706957991077,0.0340501792114695,279,3.84383504265674,1
PZB00857.1,6,113382498,0.795091627524578,0.306451612903226,279,0.361406816646783,1
PZB00857.2,6,113382607,0.154485069646982,0.267025089605735,279,-2.21627399739936,1
PZB00565.2,6,113384656,0.621516312787724,0.236559139784946,279,-0.772872031575222,1
PZB00555.3,6,113384662,0.434051884506031,0.0286738351254481,279,3.15185453353046,1
PZB00555.2,6,113384758,0.547313348007993,0.152329749103943,279,-1.0331976091566,1
PZB00565.5,6,113385082,0.444352498435829,0.089605734767025,279,-1.96245927611123,1
PZB00563.4,6,113385214,0.213328523689045,0.0573476702508961,279,-3.19922894541114,1
PZB00563.1,6,113385259,0.297916281196475,0.448028673835125,279,-1.38925431035898,1
PZB00562.1,6,113385418,0.147950872476902,0.191756272401434,279,-2.48629712813671,1
PZA00182.4,6,113705211,0.0244390200172957,0.379928315412186,279,-3.05934878326549,1
PZA00182.3,6,113705266,0.0702185945299387,0.351254480286738,279,-2.47126586876996,1
PZA01029.1,6,114031392,0.891523247657933,0.32258064516129,279,0.185579599055008,1
PZA03041.8,6,115280978,0.910774330353447,0.39247311827957,279,0.148125632087974,1
PZA03219.2,6,118089114,0.171423772881253,0.198924731182796,279,2.32342852528968,1
PZA03219.3,6,118089131,0.156985456843958,0.247311827956989,279,-2.14002966186168,1
PZA01736.1,6,118221553,0.702972584357285,0.155913978494624,279,0.795944026762683,1
PZA00382.17,6,118741714,0.833287692161605,0.21326164874552,279,-0.401414908189503,1
PZA00382.22,6,118741880,0.555084308895529,0.216845878136201,279,-1.14190487567872,1
PZA01055.1,6,120059553,0.618418555587745,0.225806451612903,279,-0.894094617860901,1
lac1.3,6,120230802,0.821320962136072,0.43010752688172,279,-0.298033108901174,1
PZA00571.2,6,120679865,0.483705405905,0.39247311827957,279,0.958003742511955,1
PZA00571.1,6,120679943,0.0842605523254185,0.32078853046595,279,-2.72669712573095,1
PZA00003.5,6,121839487,0.60277313061046,0.21505376344086,279,0.792395472507712,1
PZA00003.11,6,121839592,0.444932676280677,0.236559139784946,279,1.1719321262348,1
PZA00041.3,6,122849505,0.145136882993551,0.336917562724014,279,-1.9383918771141,1
PZA01729.1,6,123998706,0.524441909490477,0.152329749103943,279,-1.27675666306156,1
PZA00536.2,6,124027590,0.366203048996825,0.381720430107527,279,-1.13545700891404,1
PZA00473.5,6,124407006,0.810165574402893,0.455197132616487,279,-0.302801359221992,1
PZA00473.9,6,124407201,0.208475576645459,0.0627240143369175,279,-3.13344658425484,1
PZA01591.1,6,125113941,0.894881990260742,0.254480286738351,279,-0.192507934793577,1
PZA01618.2,6,129927781,0.294998684439522,0.478494623655914,279,1.34862694710549,1
PZB00416.6,6,131405776,0.0177246868336488,0.043010752688172,279,8.6275288292968,1
PZA00510.3,6,131576037,0.0905426615069324,0.204301075268817,279,2.71603012710649,1
PZA00510.2,6,131576099,0.0369348111782961,0.182795698924731,279,3.34728130728385,1
PZD00011.4,6,132084516,0.758985159165003,0.0985663082437276,279,0.641557891272511,1
PZD00011.5,6,132084649,0.227727004474269,0.440860215053763,279,-1.65299123867689,1
PZD00011.1,6,132084997,0.542686458292766,0.326164874551971,279,0.821804673145185,1
PZA01884.1,6,132316837,0.647824351413279,0.46415770609319,279,-0.583148796843467,1
PZA00250.1,6,133090099,0.461824178497184,0.340501792114695,279,-1.09721848123731,1
PZA00357.19,6,134646802,0.929151474642427,0.263440860215054,279,-0.13401734162792,1
PZA02262.3,6,135105656,0.348880909842963,0.310035842293907,279,-1.46803217240342,1
PZA03750.2,6,137325576,0.0243555035460085,0.354838709677419,279,-2.99431653862905,1
PZA03555.1,6,137325669,0.0542854811606288,0.220430107526882,279,-3.09624193735963,1
PZA03550.2,6,137326008,0.980019218183327,0.0340501792114695,279,0.112765423765897,1
PZA03550.1,6,137326250,0.71779091306208,0.0555555555555556,279,1.04043064318862,1
PZA01072.1,6,137479485,0.714459547081826,0.258064516129032,279,-0.555667286380921,1
PZA02187.2,6,139105889,0.134396968254436,0.0591397849462366,279,3.76781294875463,1
PZA02187.1,6,139106115,0.286879048813799,0.451612903225806,279,1.33710927340614,1
PZA03068.13,6,140541669,0.70455297318093,0.014336917562724,279,-1.96542861078689,1
PZA03068.11,6,140541768,0.366163246604801,0.0268817204301075,279,-3.93182196253567,1
PZA03546.1,6,140894135,0.508188999662172,0.261648745519713,279,0.901685704900712,1
PZA00439.6,6,141805491,0.12123764765073,0.157706093189964,279,-2.74104796016596,1
PZA02673.1,6,142648706,0.0963802569066457,0.417562724014337,279,-2.20918970491243,1
PZB00942.1,6,144744222,0.159136590316988,0.331541218637993,279,2.01492852543327,1
PZB01308.1,6,144744486,0.786724393382718,0.21326164874552,279,0.463543413534361,1
PZB01308.3,6,144744591,0.175210179493263,0.14336917562724,279,-2.30137108354743,1
PZA03102.9,6,145827559,0.497730096435273,0.324372759856631,279,-0.962368937241654,1
PZA03102.2,6,145827685,0.434847599619448,0.0913978494623656,279,-1.53813391772474,1
PZB02514.1,6,146163830,0.122695468176846,0.347670250896057,279,2.11692406138457,1
PZB02514.2,6,146163940,0.296131320261243,0.318996415770609,279,1.38577111120517,1
PZB02514.3,6,146164106,0.0478855256390771,0.209677419354839,279,3.19356277125075,1
PZB01549.1,6,146285427,0.570404237595189,0.046594982078853,279,-1.90543718697867,1
PZA02811.4,6,146286168,0.539645651224275,0.145161290322581,279,-1.14815330296508,1
PZA02811.5,6,146286305,0.0864204696397818,0.419354838709677,279,2.38813889929711,1
PZA02247.1,6,146544292,0.0511326001952477,0.462365591397849,279,2.4746788936028,1
PZA03745.1,6,147142571,0.367290996981664,0.43010752688172,279,-1.11319004569627,1
PZA00721.4,6,147302259,0.336521655239374,0.150537634408602,279,1.70817112032571,1
PZA00721.5,6,147302331,0.536890349308348,0.146953405017921,279,1.10943050225629,1
PZA01144.1,6,147820659,0.391442018655944,0.25089605734767,279,1.44002950531544,1
PZA01342.2,6,148798630,0.221243065311543,0.191756272401434,279,2.0939395304193,1
PZA02436.1,6,149251173,0.0634488446590619,0.313620071684588,279,2.89327760682702,1
PZA00443.4,6,149644390,0.184971853693693,0.032258064516129,279,5.54602785090277,1
PZA02472.2,6,149648334,0.367317141330077,0.0913978494623656,279,2.94999819569328,1
PZA00241.6,6,150470602,0.142381931378371,0.14336917562724,279,2.67445880068206,1
PZA02830.8,6,151958886,0.00438708785116016,0.261648745519713,279,4.48460126810433,1
PZA02958.17,6,151993489,0.146298463622824,0.369175627240143,279,1.90739236914841,1
PZA03318.1,6,153498534,0.40107796770253,0.204301075268817,279,1.52564350747118,1
PZA01672.1,6,154495634,0.822738341824536,0.397849462365591,279,-0.292781238192852,1
PZA03646.1,6,155618820,0.888658336831511,0.435483870967742,279,0.177467288887608,1
PZA03646.2,6,155619139,0.300063576642839,0.118279569892473,279,1.95374056916874,1
PZA03027.12,6,156645239,0.602722346456061,0.415770609318996,279,-0.791936792913933,1
PZA03027.23,6,156645387,0.610677192108723,0.121863799283154,279,0.972838070754003,1
PZA03027.25,6,156645441,0.664774663847834,0.195340501792115,279,-0.702538165289799,1
PZA00223.2,6,156740198,0.605960937908773,0.451612903225806,279,0.671390534720976,1
PZA00223.4,6,156740239,0.587180965592187,0.444444444444444,279,-0.716005278959808,1
PZA00042.5,6,157129197,0.716779762591511,0.25089605734767,279,-0.539697346159569,1
PZA00042.2,6,157129313,0.636796171097921,0.258064516129032,279,-0.694553593755964,1
PHM4748.16,6,158540019,0.511322224848155,0.209677419354839,279,0.980842336484922,1
PZA03348.3,6,159808180,0.750470758832054,0.0985663082437276,279,0.648487280620854,1
PZA03348.1,6,159808188,0.246242006481057,0.155913978494624,279,2.04769878226392,1
PZA00124.2,6,159890587,0.748416571632371,0.405017921146953,279,0.417383445916613,1
PZA00124.3,6,159890611,0.419368458415741,0.469534050179211,279,-1.05597575266606,1
PZB01569.10,6,160748446,0.263035347572098,0.424731182795699,279,1.43399629736464,1
PZB01569.8,6,160748709,0.923913090510121,0.408602150537634,279,0.125460148949757,1
PZB01569.7,6,160749024,0.248373512307113,0.164874551971326,279,2.15040946655682,1
PZB01569.11,6,160749026,0.802430148643292,0.123655913978495,279,0.484925371274288,1
PZB01569.9,6,160749106,0.498068669086678,0.188172043010753,279,-1.06308912625836,1
PZA00266.5,6,161570166,0.231939722838755,0.204301075268817,279,-1.83160969029759,1
PZA01468.1,6,161663671,0.590355603192262,0.387096774193548,279,0.700025233240716,1
PZB01388.1,6,161663864,0.796236557847065,0.458781362007168,279,0.327065747561254,1
PZA03151.1,6,162212191,0.875144283621721,0.478494623655914,279,0.198044357282672,1
PZA03151.2,6,162212222,0.583580515552828,0.132616487455197,279,0.947421068687459,1
PHM7922.8,6,163120296,0.36120549002631,0.234767025089606,279,1.35700777649624,1
PZA00821.1,6,163933232,0.663549511182686,0.145161290322581,279,0.810023023859767,1
PZB01222.1,6,164419435,0.27377109222655,0.482078853046595,279,1.47542505307257,1
PZA00198.39,6,164470369,0.323427992736912,0.173835125448029,279,1.79081645934589,1
PZA03449.4,6,164631981,0.936362536010747,0.0752688172043011,279,0.169090344330176,1
PZA03449.3,6,164632333,0.133548671350608,0.279569892473118,279,2.07651261285924,1
PZA02141.1,6,164999362,0.916073294664552,0.163082437275986,279,-0.201869913492308,1
PZA03089.12,6,165724924,0.771006835472563,0.390681003584229,279,-0.380898530056745,1
PZA00910.1,6,166688213,0.135585606458986,0.39247311827957,279,-2.0617797703199,1
PHM4468.13,6,167527305,0.316002250116584,0.383512544802867,279,1.27274079558435,1
PZA02815.25,6,167883450,0.40127634078892,0.21505376344086,279,-1.71759266058604,1
PZA01426.1,7,729478,0.760796579241371,0.263440860215054,279,0.64346027716403,1
PZB00140.1,7,2081333,0.973334380365026,0.367383512544803,279,-0.0453396539205699,1
PZD00057.2,7,2091465,0.799468613361336,0.491039426523298,279,0.31127687476037,1
PZD00057.1,7,2091822,0.361068486812546,0.293906810035842,279,1.28621158497684,1
PZD00057.4,7,2092048,0.258763588610132,0.186379928315412,279,1.78951597342927,1
PZD00057.3,7,2092320,0.569291633906367,0.275985663082437,279,-0.818343032055947,1
PZA02035.5,7,2585198,0.885289304910246,0.0681003584229391,279,0.32597324684512,1
PZA00188.1,7,2998280,0.346595610696151,0.189964157706093,279,1.47361298255554,1
PZB01960.1,7,3671338,0.193895070146517,0.0913978494623656,279,-2.92586147677185,1
PZB01482.2,7,3671378,0.289761532221253,0.103942652329749,279,2.36375611008714,1
PZB01482.3,7,3671468,0.670818278679516,0.0752688172043011,279,0.921994968866259,1
PZB01482.1,7,3671683,0.161674378190287,0.216845878136201,279,-2.22189754845787,1
PZB01083.4,7,4242242,0.70741537669502,0.272401433691756,279,0.534446864732636,1
PZB01083.3,7,4242439,0.881983751478136,0.297491039426523,279,0.208763695250499,1
PZB01083.2,7,4242495,0.927204433542788,0.103942652329749,279,-0.191426279657054,1
PZA02983.38,7,4244157,0.876583593748783,0.137992831541219,279,-0.267868266878648,1
PHM9241.13,7,5101361,0.273030572713813,0.460573476702509,279,-1.39489580485017,1
PZA01909.1,7,6437899,0.499499687364986,0.283154121863799,279,-0.978112069595031,1
PZA03757.1,7,7166948,0.350612831918221,0.0985663082437276,279,1.93908011639589,1
PZB02215.7,7,9142730,0.907203298392856,0.0967741935483871,279,-0.25930779481194,1
PZB02215.10,7,9142868,0.193196291600562,0.0268817204301075,279,-5.18428893366095,1
PZB02215.6,7,9142934,1,0,279,NA,1
PZB02215.5,7,9143417,0.547324594450477,0.383512544802867,279,-0.789932480709534,1
PZB02215.3,7,9143567,0.0114461526133686,0.0609318996415771,279,-7.82808592411996,1
PZB02215.9,7,9143576,0.042367681439702,0.0537634408602151,279,6.51975043449315,1
PZB02215.4,7,9143735,0.422837038874843,0.270609318996416,279,1.11667419736905,1
PZB02542.1,7,11031881,0.847664391492414,0.043010752688172,279,0.53257423161369,1
PZB02542.2,7,11032128,0.29206470183393,0.0716845878136201,279,2.45612359118812,1
PZB02542.3,7,11032355,0.1877526481742,0.0161290322580645,279,-5.9125809819561,1
PZB01617.2,7,14349278,0.81740804335427,0.342293906810036,279,-0.315357859991097,1
PZB01612.2,7,14349513,0.961849279438874,0.288530465949821,279,-0.0728077191673204,1
PZB01612.3,7,14349767,0.0242632611123901,0.267025089605735,279,3.25386623569183,1
PZB01612.1,7,14349857,0.176514572285667,0.46594982078853,279,-1.72760224630951,1
PZA03067.17,7,14354166,0.311306749451758,0.211469534050179,279,-1.59098388616871,1
PZA03067.20,7,14354237,0.442692312433897,0.281362007168459,279,-1.0892373100294,1
PZB01228.2,7,15335337,0.343104717636447,0.152329749103943,279,1.55801477538478,1
PZB01228.4,7,15335577,0.91548953003754,0.206093189964158,279,0.157492287431123,1
PZB00659.3,7,17347904,0.768828728243168,0.0645161290322581,279,0.949645360197247,1
PZA00256.16,7,17397465,0.648453469845527,0.0896057347670251,279,-0.9722773908072,1
PZA00256.21,7,17397515,0.878738361288322,0.0627240143369176,279,-0.374629678934062,1
PZA03623.2,7,20237216,0.986821891628503,0.121863799283154,279,0.0339283535445887,1
PZA03623.1,7,20237594,0.565132301156078,0.224014336917563,279,-0.925090103268227,1
PZA03624.1,7,20238391,0.0086342927746268,0.370967741935484,279,3.54509562773761,1
PZA03624.2,7,20238502,0.208930074188215,0.476702508960573,279,-1.67880149060579,1
PZA03624.3,7,20238609,0.357941654902189,0.0053763440860215,279,-7.47592816420959,1
PZA03625.1,7,20238808,0.36374785502,0.25089605734767,279,-1.43361615331303,1
PZA03626.2,7,20239901,0.777730708516185,0.109318996415771,279,0.569108828371164,1
PZA03626.1,7,20239975,0.341458433236721,0.351254480286738,279,1.37293569365263,1
PHM4080.15,7,20240404,0.32179166510521,0.347670250896057,279,1.46323404100632,1
PZA00534.2,7,21624035,0.646704031068039,0.369175627240143,279,-0.611634065288622,1
PZA00534.8,7,21624080,1,0,279,NA,1
PZA03344.1,7,22002530,0.152800958646612,0.387096774193548,279,-1.82962907209377,1
PZA03344.4,7,22002548,0.984908461462391,0.267025089605735,279,-0.0288846638351714,1
PZA03344.2,7,22002659,0.746289066097716,0.422939068100358,279,-0.404847258896873,1
PZA03344.3,7,22002684,0.280997427201925,0.241935483870968,279,1.56936397803252,1
PHM15501.9,7,32876504,0.849137514869516,0.274193548387097,279,-0.277492320752457,1
PZA00132.3,7,33979012,0.715830193237678,0.302867383512545,279,0.505682796440662,1
PZA00132.17,7,33979080,0.795769822573237,0.188172043010753,279,-0.432182875041465,1
PZA03687.1,7,40409236,0.975709665614675,0.268817204301075,279,0.0443845996976675,1
PZA03565.2,7,43623648,0.254726458120407,0.068100358422939,279,2.86618465464678,1
PZA00084.2,7,43948264,0.125097103544075,0.313620071684588,279,2.19877481707203,1
PZA00084.3,7,43948320,0.232550787120909,0.301075268817204,279,1.71626432820462,1
PZA03341.2,7,44684805,0.438501274168023,0.0573476702508961,279,2.03690427059027,1
PZA03341.3,7,44684895,0.528825918269437,0.363799283154122,279,0.859963098583967,1
PZA03723.1,7,47324932,0.101523741959866,0.489247311827957,279,2.12408616128204,1
PZA03723.4,7,47325011,0.996823763280504,0.032258064516129,279,-0.0146694982468247,1
PZA03723.2,7,47325096,0.184724908760058,0.0448028673835125,279,-4.2318978202986,1
PZA03723.5,7,47325183,0.776156948029494,0.046594982078853,279,-0.961108420491129,1
PZA03723.3,7,47325292,0.665362221291091,0.0340501792114696,279,-1.58704828280445,1
PZA03722.1,7,47326042,0.682351669920335,0.152329749103943,279,0.743663879357265,1
PZA01936.4,7,47568917,0.502878097366307,0.207885304659498,279,1.1859493935378,1
PZA02612.1,7,48612205,0.576613194647166,0.24910394265233,279,-0.951465606046925,1
PZA03363.1,7,49538583,0.471723983301433,0.496415770609319,279,-0.89724327235779,1
PZA00113.1,7,51242563,0.958079700624531,0.216845878136201,279,-0.0802060672651992,1
PZA01445.1,7,53160767,0.0835388260819701,0.155913978494624,279,3.44384647620902,1
PZA03676.1,7,61311203,0.708942856549526,0.0806451612903226,279,0.798202413331991,1
PZA03676.4,7,61311292,0.901419844902912,0.0232974910394266,279,0.492609995433504,1
PZA03676.2,7,61311400,0.0182308558108324,0.10752688172043,279,4.94738152679442,1
PZA03676.3,7,61311523,0.429161779278618,0.0161290322580645,279,3.56421659215663,1
PZA03675.1,7,61312330,0.650727622114532,0.132616487455197,279,-0.838685217169594,1
PZA03675.2,7,61312392,0.992788859691017,0.021505376344086,279,-0.0360363941116662,1
PZB00635.1,7,63353441,0.39479944116005,0.0967741935483871,279,-1.77972058099517,1
PZB00746.1,7,63353683,1,0,279,NA,1
PZA01607.1,7,68051112,0.573115317938601,0.365591397849462,279,-0.755770567896884,1
PHM904.21,7,69232215,0.0131438223036932,0.32258064516129,279,-3.48185920478545,1
PZA03386.1,7,70374926,0.027953296199109,0.182795698924731,279,-3.32674959637338,1
PZA00418.2,7,71717601,0.685825542351093,0.435483870967742,279,-0.507596138653778,1
PHM12830.14,7,71717792,0.619835145325625,0.449820788530466,279,0.706546452450136,1
PZA03645.1,7,73892322,0.322798520739516,0.440860215053763,279,-1.23019385383622,1
PZA03645.2,7,73892439,0.184842918900708,0.399641577060932,279,-1.87570415417434,1
PZA01210.2,7,75098939,0.691245868359475,0.0161290322580645,279,1.76822621960568,1
PZA01210.1,7,75099046,0.84013873382078,0.379928315412186,279,-0.257599766020617,1
PHM5324.11,7,86401923,0.822932574334437,0.222222222222222,279,-0.34231934210494,1
PZA01113.1,7,93101779,0.588817766718569,0.431899641577061,279,0.682828165499756,1
PZA01933.3,7,98070498,0.959614126491653,0.353046594982079,279,0.0641970963863776,1
PZB00109.1,7,100492899,0.515967872410773,0.460573476702509,279,0.844169379775173,1
PZB00109.2,7,100492949,0.950259190814895,0.487455197132616,279,-0.082147271533288,1
PZA03143.2,7,103263777,0.557550929962588,0.349462365591398,279,-0.837773931866447,1
PZA03143.4,7,103263781,0.458036549642535,0.0770609318996416,279,-1.84540120159953,1
PZA03143.1,7,103264135,0.572503478882168,0.385304659498208,279,-0.787742813228097,1
PZA03149.2,7,103353750,0.16788337541843,0.362007168458781,279,-1.79662062091182,1
PZA03149.1,7,103354135,0.335935500468301,0.437275985663082,279,-1.26415040307449,1
PZA03149.4,7,103354216,0.764649946026931,0.413978494623656,279,-0.4022198912098,1
PZB00175.2,7,104898467,0.840062619599114,0.103942652329749,279,0.437783050466254,1
PZB00174.1,7,104898621,0.849762525398425,0.326164874551971,279,-0.274358553100858,1
PZB00174.3,7,104898624,0.791165288656138,0.103942652329749,279,0.535175507801078,1
Ra1.1,7,104898767,0.493983776241857,0.0232974910394266,279,-2.68892094703181,1
PZB01186.3,7,119650174,0.659598823578561,0.444444444444444,279,-0.564240678765468,1
PZB01186.2,7,119650229,0.738851822872048,0.28673835125448,279,0.465365166338524,1
PZB01186.1,7,119650294,0.710665447092923,0.485663082437276,279,0.452432646170699,1
PZB01186.4,7,119650433,0.166670280419642,0.010752688172043,279,-9.03430626248971,1
PZB02139.1,7,122111720,0.426251651481113,0.311827956989247,279,1.0492339701085,1
PZA00370.1,7,122373056,0.610227435647956,0.290322580645161,279,0.691725014243652,1
PZA00370.5,7,122373149,0.15532710672917,0.267025089605735,279,-2.06211292271892,1
PZA00616.7,7,122626062,0.767472148107851,0.338709677419355,279,0.38165581830136,1
PZA00616.11,7,122626218,1,0,279,NA,1
PZA01946.7,7,123601837,0.141451655238787,0.338709677419355,279,-1.86105417500256,1
PZA02352.1,7,124598905,0.771529886755207,0.295698924731183,279,-0.445128560430725,1
PZA00211.7,7,125465928,0.44757926440011,0.057347670250896,279,-2.01428716173611,1
PZB00169.2,7,127435208,0.350611925066155,0.0609318996415771,279,2.37063929910054,1
PZA02643.1,7,128365318,0.861681775864071,0.288530465949821,279,-0.297194474769522,1
PZA01714.1,7,128402775,0.103189734551866,0.385304659498208,279,-2.19529643736894,1
PZA03583.2,7,128404361,0.361143545166495,0.184587813620072,279,-1.49119001450457,1
PZA03583.1,7,128404558,0.169627931807684,0.433691756272401,279,-1.68017258165025,1
PZA03582.1,7,128406150,1,0,279,NA,1
PZA01542.1,7,129793873,0.398699769012403,0.39247311827957,279,1.15279605126472,1
PZD00054.1,7,130488434,0.657915364424672,0.351254480286738,279,0.568071862572722,1
PZA00040.19,7,130808986,0.673338140766276,0.274193548387097,279,0.571596310178798,1
PZB00752.1,7,131103240,0.444601008483801,0.306451612903226,279,1.0648569970207,1
PZB00752.2,7,131103432,0.15782615205522,0.175627240143369,279,-2.51409348356395,1
PZA03739.1,7,133371379,0.696083318325636,0.136200716845878,279,0.728984785738628,1
PZA03738.2,7,133372193,0.361376182205045,0.24910394265233,279,-1.40049742217158,1
PZA00655.1,7,133818011,0.188190915256872,0.161290322580645,279,-2.25161473885496,1
PZA00111.4,7,133825665,0.918331582883238,0.39247311827957,279,-0.135908368377546,1
PZA00111.2,7,133825965,0.602183969110265,0.207885304659498,279,0.818787543794265,1
PZA00740.3,7,134062060,0.189015703690415,0.195340501792115,279,1.91627375605913,1
PZA02449.13,7,134847920,0.66791417079974,0.181003584229391,279,-0.724314780208199,1
PZA03727.1,7,137207288,0.769446934789601,0.306451612903226,279,-0.39430677953792,1
PZA03728.1,7,137207838,0.102979398464229,0.168458781362007,279,2.88067449515091,1
PZA03728.2,7,137207966,0.390342860659062,0.315412186379928,279,-1.15435501967786,1
PZA03728.3,7,137208116,0.146139170785104,0.166666666666667,279,-2.41399881874173,1
PZA03400.1,7,137628251,0.654644143449596,0.010752688172043,279,2.40408659935224,1
PZA03258.2,7,137628516,0.590292946743696,0.014336917562724,279,-2.31172835477589,1
PZA02854.13,7,137834376,0.160500484626217,0.372759856630824,279,-1.91108320056242,1
PZA02854.7,7,137834462,0.203329187496623,0.218637992831541,279,1.99335133847595,1
PZA00405.7,7,138551298,0.317377198939538,0.224014336917563,279,1.51500633527477,1
PZA00405.6,7,138551416,0.722189055853467,0.327956989247312,279,-0.482941386101832,1
PZA00405.2,7,138551678,0.326222574013871,0.449820788530466,279,1.26774209033926,1
PZA03574.5,7,141322594,0.584229858454691,0.415770609318996,279,-0.742845065111823,1
PZA03574.4,7,141322797,1,0,279,NA,1
PZA03574.1,7,141322979,0.750606693523417,0.39247311827957,279,0.43247430928164,1
PZA03574.3,7,141323077,0.509860402092276,0.14336917562724,279,1.23302918466683,1
PZA03574.2,7,141323421,0.47952898299043,0.0860215053763441,279,-1.42643104348562,1
PZA00504.1,7,142135761,0.271326094718364,0.116487455197133,279,2.20448799469294,1
PZA03397.1,7,143547413,0.000382381690723422,0.0125448028673835,279,-18.5897759883804,0.591353284703771
PZA03397.2,7,143547864,1,0,279,NA,1
PZA00096.6,7,144013417,0.312360644722247,0.43010752688172,279,-1.30576809005636,1
PZA00096.26,7,144013500,1,0,279,NA,1
PZA03162.1,7,144482928,0.518304010996094,0.102150537634409,279,-1.55331301839741,1
PZA03162.2,7,144482998,0.31702846532023,0.112903225806452,279,-2.34540840106409,1
PZA02940.3,7,144884172,1,0,279,NA,1
PZB00062.9,7,145056664,0.568699284212703,0.0519713261648745,279,-2.01514163434357,1
PZB00062.10,7,145056863,1,0,279,NA,1
PZA00614.1,7,145912449,0.410147853600559,0.102150537634409,279,2.02041081933631,1
PZA00614.12,7,145912535,0.358515997727867,0.0931899641577061,279,-2.2983454883137,1
PZA00350.2,7,147187128,0.460729089577567,0.043010752688172,279,2.42014834641169,1
PZA00670.9,7,149715917,1,0,279,NA,1
PZA00670.2,7,149715975,0.235655231237203,0.265232974910394,279,-1.72846268208961,1
PZA03199.3,7,151510061,0.543516041022373,0.487455197132617,279,-0.820752248647641,1
PZA03176.3,7,151510428,0.208927157803457,0.186379928315412,279,1.84175807546802,1
PZA03176.2,7,151510558,0.534321814893017,0.340501792114695,279,0.814614958182117,1
PZA03176.4,7,151510758,0.0694992116124717,0.424731182795699,279,2.47055181556815,1
PZA02959.7,7,151622827,0.4682790812775,0.362007168458781,279,0.990348035578446,1
PZA02959.11,7,151622947,0.426987950675525,0.453405017921147,279,-1.04141682505792,1
PZA02959.14,7,151623063,0.782304630536763,0.406810035842294,279,-0.400541852909609,1
PZA03329.1,7,152631991,0.131078038061714,0.182795698924731,279,-2.41839450733153,1
PZA00326.16,7,153447034,0.901964826330676,0.150537634408602,279,0.209460827148023,1
PZA02386.2,7,154594107,0.830896036447396,0.109318996415771,279,-0.458632574922873,1
PZA03544.5,7,157154259,0.321503050170618,0.028673835125448,279,-3.68228657495995,1
PZA03544.3,7,157154622,0.552552062275091,0.32258064516129,279,-0.78680418691383,1
PZA03544.4,7,157154717,0.271605663259947,0.195340501792115,279,-1.73117129878157,1
PZA03544.2,7,157154780,0.877874000148908,0.439068100358423,279,-0.198166443282617,1
PZD00044.7,7,158728047,1,0,279,NA,1
PZA00795.1,7,159417489,0.674209738768578,0.181003584229391,279,0.732640494737287,1
PZB00777.4,7,159849317,1,0,279,NA,1
PZB00777.1,7,159849353,0.812911576393322,0.254480286738351,279,-0.451396003130579,1
PZB00777.2,7,159849580,0.399043518078706,0.182795698924731,279,-1.31173695996842,1
PZA00474.14,7,160099493,0.168611688249173,0.25089605734767,279,2.02748415829427,1
PZB01238.7,7,161167458,0.245795380588443,0.0519713261648745,279,-3.18313499983619,1
PZB01238.3,7,161167688,0.562270608446088,0.068100358422939,279,-1.59116208029043,1
PZB00597.1,7,161517855,0.0691415899152141,0.1415770609319,279,-3.41630966950308,1
PZB00595.1,7,161517989,0.0673855286065308,0.163082437275986,279,3.33694175577155,1
PZB00597.2,7,161518222,0.634793922366746,0.132616487455197,279,-0.94181971696442,1
PZB00595.2,7,161518290,1,0,279,NA,1
PZA00227.7,7,161520382,0.745594467147419,0.405017921146953,279,-0.472190172721958,1
PZA02373.1,7,161618509,0.724827234220472,0.408602150537634,279,0.429495301550185,1
PHM7898.10,7,161993743,0.765184427590166,0.476702508960573,279,0.3767238226722,1
PZA02223.2,7,162118899,0.880769344732077,0.317204301075269,279,-0.203910556064064,1
PHM10225.15,7,162173638,0.617790012144515,0.21505376344086,279,0.786796432472338,1
PZA00496.1,7,162222117,0.401220575535017,0.111111111111111,279,-1.7487523693481,1
PZA00496.2,7,162222300,0.753426765910437,0.182795698924731,279,-0.524831514706194,1
PZA01533.2,7,162381818,0.639840775516029,0.369175627240143,279,-0.618068225994914,1
PZA00505.4,7,162531108,0.163626915585027,0.231182795698925,279,2.33111398431191,1
PZA00505.5,7,162531135,0.391732175389787,0.370967741935484,279,-1.2000986663402,1
PZA00505.6,7,162531284,0.671524567270876,0.125448028673835,279,-1.17920638287336,1
PZA03179.1,7,162574346,0.57441524921155,0.442652329749104,279,-0.760277907014903,1
PZA03179.4,7,162574534,0.764564453312386,0.132616487455197,279,-0.595999414539047,1
PZA03180.5,7,162574792,0.094922043932641,0.0519713261648745,279,-4.93057521669028,1
PZA03180.1,7,162574831,0.915937259982617,0.28673835125448,279,0.144297155600351,1
PZA03180.2,7,162574834,0.567329011921492,0.021505376344086,279,2.35175525725962,1
PZA03368.3,7,162877895,0.918738929030486,0.367383512544803,279,-0.138492125085806,1
PZA03368.4,7,162878070,0.0908563804374004,0.025089605734767,279,9.09529371671372,1
PZA03368.1,7,162878175,0.406892633127323,0.184587813620072,279,-1.52421565291776,1
PZA01802.3,7,162945589,0.0264107313137591,0.388888888888889,279,-3.00154206474407,1
PZA01028.2,7,164853203,0.583764046529936,0.241935483870968,279,-1.02237798212627,1
PZA00386.4,7,164941742,0.541819086412032,0.145161290322581,279,1.25854055412089,1
PZA00386.3,7,164941846,0.487635607724927,0.10752688172043,279,1.37576263834085,1
PZA00386.2,7,164941881,0.867540718739883,0.270609318996416,279,-0.245188962978647,1
PZB02448.2,7,165247457,0.819652483438688,0.118279569892473,279,0.460791442632892,1
PZB02448.1,7,165247569,0.655743033263237,0.333333333333333,279,-0.700136304151645,1
PZB02448.3,7,165247738,1,0,279,NA,1
PZB00123.1,7,165248088,0.818340363526145,0.333333333333333,279,-0.357260824594691,1
PZB00123.2,7,165248667,1,0,279,NA,1
PZA00178.4,7,165275572,0.930121246792031,0.245519713261649,279,-0.147960391257773,1
PZA00178.3,7,165275756,0.747702756540566,0.336917562724014,279,-0.440494524805226,1
PZA00695.1,7,165518207,0.605179546359674,0.345878136200717,279,-0.745945663616885,1
PZA00695.2,7,165518317,0.816677761045666,0.469534050179211,279,-0.321519811634103,1
PZB00603.2,7,165995047,0.544738668564195,0.0878136200716846,279,-1.47652771432227,1
PZB00605.4,7,165995303,0.704322983072629,0.112903225806452,279,0.760237109989757,1
PZB00605.3,7,165995314,0.452851300465823,0.28494623655914,279,1.06369698493023,1
PZA01278.2,7,166025654,0.343523339589851,0.216845878136201,279,-1.62846944771157,1
PZA03295.2,7,167014837,0.343003093758544,0.0519713261648745,279,2.59883354354757,1
PZA00423.16,7,167060647,0.848500751078007,0.132616487455197,279,-0.365199878514273,1
PZA00423.17,7,167060733,0.984394886485431,0.0734767025089606,279,0.043853179943018,1
PZA00043.7,7,167218288,0.981143647592893,0.164874551971326,279,-0.0424531881957009,1
PZA00043.1,7,167218363,0.984916818665637,0.444444444444444,279,0.0247289615269293,1
PZA00424.1,7,169017514,0.811629500254262,0.311827956989247,279,0.341784314513069,1
PZB01638.1,7,169020648,0.876216909927554,0.413978494623656,279,0.205495114912106,1
PZB01638.3,7,169020741,0.83465880235721,0.439068100358423,279,0.273609694782238,1
PZA02850.18,7,169067788,0.239372204424905,0.231182795698925,279,-1.70060253813969,1
PZA02850.4,7,169067986,0.325890838221069,0.166666666666667,279,1.67730975626763,1
PZB02070.1,7,169215983,0.327572779265386,0.49820788530466,279,1.19154804133389,1
PHM5232.9,7,169409684,0.040080774226755,0.478494623655914,279,-2.74752879000695,1
PZA02274.1,7,169955290,0.861842337371141,0.118279569892473,279,0.397995591960786,1
PZA03117.3,7,170346140,0.00506398221586384,0.482078853046595,279,-3.65410797992543,1
PZA03117.2,7,170346253,0.0503410606245064,0.496415770609319,279,-2.39084624593738,1
PZA02388.1,8,169137,0.083265547054981,0.498207885304659,279,2.17511597768309,1
PZA02174.2,8,4101256,0.598288608884255,0.444444444444444,279,0.714305771914661,1
PZA03316.4,8,4766593,0.073836938743102,0.0448028673835126,279,6.79185357593206,1
PZA03316.1,8,4766694,0.438920714478185,0.181003584229391,279,1.23318931024044,1
PZA03316.3,8,4766801,0.248336448324858,0.232974910394265,279,1.78204126196737,1
PZA00368.17,8,5632196,0.915225165772273,0.318996415770609,279,-0.142330323581502,1
PZA00368.1,8,5632308,0.289552378937226,0.349462365591398,279,1.30781859614832,1
PZA00058.1,8,5966657,0.629279990102982,0.467741935483871,279,-0.578535483738402,1
PZA00058.5,8,5966698,0.139516765945421,0.134408602150538,279,-2.76981924354754,1
PZA00632.1,8,6017018,0.621798114941133,0.188172043010753,279,0.795545460422283,1
PZA00416.4,8,8098163,0.609318866682642,0.336917562724014,279,-0.74108848530013,1
PZA00416.2,8,8098271,0.793271546733854,0.471326164874552,279,0.33597987239345,1
PZA01601.1,8,8404207,0.298629139127591,0.315412186379928,279,-1.45910253940758,1
PZA03178.3,8,11602192,0.101922083506045,0.130824372759857,279,-2.9361438745978,1
PZA03178.1,8,11602213,0.671088305332846,0.485663082437276,279,0.515419018765721,1
PZA01691.1,8,11620274,0.68531548470592,0.431899641577061,279,-0.512732793071183,1
PHM9695.8,8,12401723,0.722449042514962,0.448028673835125,279,0.435638783085729,1
PZA01079.1,8,14123731,0.634934347470342,0.127240143369176,279,0.976570775759301,1
PZA02955.3,8,14721554,0.717683803068975,0.385304659498208,279,0.486812816854331,1
PZB01977.2,8,17433938,0.873774880789318,0.437275985663082,279,0.205958376357614,1
PZB01977.7,8,17434179,0.473790027150861,0.195340501792115,279,-1.16689234528496,1
PZB01977.11,8,17434259,0.773689817857333,0.419354838709677,279,0.378068716666776,1
PZB01977.4,8,17434337,0.676707662561201,0.292114695340502,279,-0.586972764969885,1
PZB01977.6,8,17434439,0.554444770778577,0.116487455197133,279,-1.16219087523076,1
PZB01977.5,8,17434510,0.619198085805158,0.0197132616487455,279,-2.14719099208146,1
PZB01977.10,8,17434577,0.437813710002084,0.043010752688172,279,2.29998377908281,1
PZB01977.1,8,17434712,0.45314781185254,0.349462365591398,279,1.12452466739177,1
PZB01977.9,8,17434775,0.737671681732579,0.397849462365591,279,-0.46414367737988,1
PZB01977.3,8,17434841,0.0748688827496176,0.471326164874552,279,-2.32957677563348,1
PZD00024.2,8,22274672,1,0,279,NA,1
PZD00025.2,8,22276752,0.172579410222466,0.412186379928315,279,1.77638326557275,1
PZD00025.1,8,22277128,0.528739719593373,0.182795698924731,279,1.02359261120744,1
PZA01186.1,8,22423380,0.927773349967584,0.498207885304659,279,0.113845126123346,1
PZB01475.1,8,22632055,0.245892790054651,0.456989247311828,279,1.46395424142892,1
PZB01475.2,8,22632465,0.337713543113769,0.247311827956989,279,1.38134440141163,1
PZD00034.3,8,23005432,0.585550369664762,0.315412186379928,279,-0.74197001701264,1
PZD00034.4,8,23005482,0.75185002691469,0.0268817204301075,279,-1.12567809591062,1
PZA00758.1,8,23796463,0.14819028904179,0.206093189964158,279,-2.175340839827,1
PHM2350.17,8,23985819,0.316167233162883,0.478494623655914,279,-1.24018944053935,1
PZA00481.7,8,24557261,0.644916448805262,0.243727598566308,279,-0.642344475796823,1
PZA01196.2,8,24748473,0.0788459809658583,0.367383512544803,279,2.38045382109631,1
PZB01094.4,8,32078447,0.796498393534267,0.00896057347670254,279,-1.8618465174504,1
PZB01094.1,8,32078607,0.576418175590453,0.243727598566308,279,0.800058392970072,1
PZB01094.3,8,32078673,0.222623769137231,0.017921146953405,279,-5.85188522659059,1
PZA02927.1,8,34077450,0.146120669123843,0.0609318996415771,279,4.00995284725073,1
PZA03114.2,8,34684129,0.57910566548126,0.385304659498208,279,0.694791385116539,1
PZA03381.2,8,43848287,0.933083840002834,0.197132616487455,279,0.147056940199885,1
PZA03381.1,8,43848372,0.676220317934263,0.200716845878136,279,-0.709219721044044,1
PZB02114.1,8,44552495,0.784956636743631,0.231182795698925,279,0.444379460558708,1
PZB02114.2,8,44552625,0.769733762476473,0.03584229390681,279,1.007579390348,1
PZB02114.3,8,44552704,0.987266596116741,0.229390681003584,279,0.0269498010675591,1
PZB00145.1,8,44553828,0.841094848595745,0.200716845878136,279,-0.350214258120524,1
PZA00498.5,8,48775713,0.373580415516829,0.415770609318996,279,-1.30719735224557,1
PZA00498.3,8,48775756,0.882842094870377,0.42831541218638,279,-0.203678344837417,1
PZA01209.1,8,52678845,0.448663355198056,0.369175627240143,279,-1.04830810115141,1
PZA02203.1,8,55008669,0.342014415230295,0.238351254480287,279,-1.48389753869077,1
PZA03126.1,8,59949306,0.169720177497224,0.202508960573477,279,3.12945607869847,1
PZA00417.3,8,60100774,0.87379364002275,0.197132616487455,279,0.278523449128014,1
PZA00417.2,8,60100989,0.517537774425834,0.231182795698925,279,1.09556496240116,1
PZA00793.2,8,64421988,0.504760582738282,0.437275985663082,279,0.852997164615592,1
PZA00379.2,8,65657055,0.10491782529178,0.293906810035842,279,2.16022427118434,1
PZA00717.14,8,68476007,1,0,279,NA,1
PZA00717.15,8,68476189,0.783991640377329,0.347670250896057,279,-0.370181291789634,1
PZA01257.1,8,68789720,0.782210794296659,0.335125448028674,279,0.38708677693043,1
PZA00196.2,8,70063587,0.267593971714925,0.0806451612903226,279,2.52118561359177,1
PHM11114.7,8,70899841,0.0773803171622431,0.473118279569892,279,-2.22612310810619,1
PZA01470.1,8,72801790,0.558690794423366,0.302867383512545,279,-0.841568747767054,1
PZA02887.9,8,76261326,0.0930639246711968,0.3584229390681,279,2.20965360437652,1
PZA03035.5,8,76419367,0.321671882201141,0.0949820788530465,279,-2.14081783137762,1
PZA03408.1,8,76905518,0.874424631005744,0.0448028673835126,279,0.445358754309297,1
PZA00452.1,8,78017679,0.224127833255576,0.467741935483871,279,-1.50891712532916,1
PZA02522.1,8,82710229,0.573410099093146,0.161290322580645,279,1.05843233089855,1
PZA01297.1,8,82856261,0.304115107465693,0.175627240143369,279,1.88162469954917,1
PZA00600.11,8,83913342,1,0,279,NA,1
PZA03736.1,8,93829348,0.293180777217618,0.299283154121864,279,-1.43105998801331,1
PZA03135.3,8,100564174,0.624728161928545,0.0376344086021505,279,1.80201261278913,1
PZA03135.1,8,100564485,0.807513810347475,0.426523297491039,279,-0.329789055791184,1
PZA02019.1,8,100932328,0.883412802257029,0.277777777777778,279,0.21360307647621,1
PZA03579.2,8,105795595,0.699890143670191,0.415770609318996,279,-0.503846482416914,1
PZA03579.1,8,105795685,0.982130216848714,0.240143369175627,279,0.0357748459691773,1
PHM4134.8,8,105795742,0.706249755540527,0.302867383512545,279,0.546007517059589,1
PZA00739.1,8,105796017,0.909692334429954,0.263440860215054,279,-0.184211527053235,1
PZA02566.1,8,112318768,0.196209509658508,0.381720430107527,279,1.66227481783763,1
PZB01883.2,8,114949534,0.837997540717435,0.275985663082437,279,0.277380342753934,1
PZB01883.1,8,114949662,0.358258420630783,0.155913978494624,279,1.65655547304641,1
PZB01883.4,8,114949770,0.555509895670282,0.164874551971326,279,-1.08196175860646,1
PZB01883.3,8,114949852,0.499929759877616,0.17741935483871,279,-1.18780089720929,1
PZA03012.12,8,115257156,0.0646714974862305,0.483870967741935,279,-2.54125743580144,1
PZA03012.10,8,115257234,0.233209500671685,0.0412186379928315,279,-4.4453445170521,1
PZA03012.7,8,115257396,0.117669282098345,0.496415770609319,279,2.0482981996709,1
PZA00045.2,8,116787118,0.56723612731656,0.302867383512545,279,-0.850079042444793,1
PZA00045.1,8,116787172,0.753048371107047,0.274193548387097,279,-0.457160356910218,1
PZA00567.10,8,116875758,0.984599785191374,0.229390681003584,279,0.0280556256806885,1
PZA03638.1,8,118438296,0.785063168727623,0.202508960573477,279,0.465840925523181,1
PZA03639.1,8,118438383,0.839758520543328,0.200716845878136,279,0.358724715098536,1
PZA03638.3,8,118438467,0.817966983351671,0.10752688172043,279,-0.47294057791365,1
PZA03638.2,8,118438533,0.069298148097176,0.385304659498208,279,-2.52197223965736,1
PZA03637.2,8,118439748,0.09021376508162,0.379928315412186,279,2.34009728793771,1
PZA03637.1,8,118439775,0.680007974436426,0.206093189964158,279,0.698638802235175,1
PZA03637.3,8,118439827,0.823796992887184,0.207885304659498,279,-0.372080609505964,1
PZB01385.3,8,122233767,0.602739902947453,0.388888888888889,279,-0.664973663225112,1
PZB01385.2,8,122233827,0.898658343438575,0.24910394265233,279,0.199619363946747,1
PZB02161.1,8,123268336,0.825930243595397,0.161290322580645,279,0.38819540078969,1
PZB02159.2,8,123269296,0.115782949041924,0.433691756272401,279,2.21923628561575,1
PZB02159.1,8,123269491,0.210386099702564,0.381720430107527,279,1.87173073065691,1
PZB01201.1,8,123272319,0.248965982462595,0.256272401433692,279,-1.62433494911546,1
PZB02155.2,8,123272809,0.160131442126138,0.0878136200716846,279,3.23178219566964,1
PZB02155.1,8,123272935,0.00451552707932909,0.491039426523297,279,-3.84317723588948,1
PZA01038.1,8,123599285,0.9312909554727,0.370967741935484,279,0.114138536007555,1
PZB00591.1,8,123929371,0.452506814611872,0.225806451612903,279,-1.14252284966906,1
PZB00592.2,8,123929533,0.502868503299835,0.225806451612903,279,-1.01187391874886,1
PZB00592.1,8,123929882,0.402937199396763,0.383512544802867,279,-1.08093339818595,1
PZA00531.1,8,123932505,0.727202357199539,0.161290322580645,279,-0.578706029033407,1
PZA00531.2,8,123932687,0.504341203487843,0.163082437275986,279,-1.11175767559103,1
PHM10525.11,8,124752481,0.722929975950846,0.372759856630824,279,0.486504360621532,1
PHM10525.9,8,124752624,0.542465408638937,0.354838709677419,279,-0.825550531423188,1
PZA00419.1,8,125230104,0.611894273173364,0.229390681003584,279,0.752760643213294,1
PZA00272.3,8,125785322,0.432171278053377,0.0537634408602151,279,-2.09195724720987,1
PZA00272.2,8,125785447,1,0,279,NA,1
PZA00118.1,8,126154819,0.600308734042035,0.444444444444444,279,0.661572929921733,1
PZA00118.4,8,126155021,0.464567415530498,0.467741935483871,279,-0.933225365353229,1
PZA00118.5,8,126155082,0.901386114810846,0.164874551971326,279,-0.242834512941947,1
PZA03241.3,8,128276819,0.224885804174058,0.152329749103943,279,-2.21778815956187,1
PZB02534.3,8,128276900,0.808716984055071,0.132616487455197,279,-0.442301360827451,1
PZB02534.4,8,128277017,0.348813655833544,0.290322580645161,279,-1.25710274695931,1
PZA03241.5,8,128277088,0.6758169757843,0.00716845878136196,279,3.00710603662631,1
PZB02534.1,8,128277137,0.292285868222065,0.299283154121864,279,-1.41559134579132,1
PZB02534.2,8,128277210,0.480634507035435,0.134408602150538,279,-1.24683423632513,1
PZA03612.4,8,128613644,0.910899338673179,0.0448028673835125,279,-0.316439397592786,1
PZA03612.3,8,128613858,0.258512679210419,0.220430107526882,279,-1.74799153410817,1
PZA03612.2,8,128613967,0.183336355675984,0.224014336917563,279,2.02863800118887,1
PZA03611.1,8,128632225,0.207701991930382,0.227598566308244,279,1.91982993200064,1
PZA03610.1,8,128633607,0.307818560686951,0.218637992831541,279,1.6046875218691,1
PZA01049.1,8,129044327,0.343247853070284,0.496415770609319,279,-1.21501766910227,1
PHM5468.25,8,129163361,0.241181629289155,0.243727598566308,279,-1.91363406662464,1
PZA03052.15,8,129384587,0.226282845210303,0.0967741935483871,279,-2.43879858183267,1
PZA03395.5,8,130388141,0.0157402176063763,0.0842293906810036,279,5.0642198541322,1
PZA03395.4,8,130388227,0.605108950232235,0.0734767025089605,279,-1.16615287083762,1
PZA03395.3,8,130388436,0.609386825983167,0.173835125448029,279,0.876689540327743,1
PHM14152.18,8,131568112,0.07053888178324,0.413978494623656,279,2.28639138857518,1
PZA00049.12,8,132749967,0.66993645101373,0.211469534050179,279,0.632011269364654,1
PHM4203.11,8,133529939,0.537590360897941,0.383512544802867,279,0.780056141494716,1
PZA03005.9,8,133748608,0.740793882754307,0.487455197132616,279,0.418960077067312,1
PZA03005.19,8,133748695,0.151128226337317,0.132616487455197,279,-2.48003300072339,1
PHM448.23,8,133775120,0.236112662831182,0.433691756272401,279,-1.52880003831972,1
PZA00766.1,8,133775220,0.73803041237911,0.476702508960573,279,0.436678044541836,1
PZB01389.2,8,134723762,0.952535186213537,0.0412186379928315,279,0.247913334112312,1
PZB01389.1,8,134723842,0.771670721266752,0.446236559139785,279,0.381486595494787,1
PZA03591.1,8,134813437,0.00974755402956031,0.175627240143369,279,-4.57091334354189,1
PZA03591.3,8,134813550,0.371316545567528,0.145161290322581,279,1.52147562499234,1
PZA03591.2,8,134813696,0.716614764507061,0.406810035842294,279,0.469088886880629,1
PZA03590.1,8,134815566,0.317028450229459,0.021505376344086,279,4.21459453829013,1
PZA00090.1,8,137480768,0.430649099523845,0.123655913978495,279,1.92048911032243,1
PZB00665.1,8,137572174,0.0524399580927263,0.290322580645161,279,-2.98524854733311,1
PZB00665.2,8,137572228,0.070993224506055,0.437275985663082,279,-2.27602874508299,1
PZA02011.1,8,140212456,0.96358374262769,0.489247311827957,279,-0.0580517182819098,1
PZA03061.5,8,141037093,0.568286323714406,0.173835125448029,279,1.21102359324706,1
PZA03608.2,8,141276260,0.634824357588139,0.362007168458781,279,-0.64150850398437,1
PZA03608.1,8,141276353,0.224549852733265,0.252688172043011,279,-1.82291405416296,1
PZA00168.14,8,141887023,0.441961694563032,0.121863799283154,279,1.50849104993156,1
PZA00429.2,8,144443053,0.317552801894486,0.329749103942652,279,-1.51272724067418,1
PZA00429.1,8,144443084,0.140215503158984,0.345878136200717,279,-2.13866954886651,1
PZA00097.13,8,144652871,0.290468843651429,0.0770609318996416,279,-3.01598314232734,1
PZB01454.3,8,145713740,0.139706709336241,0.46594982078853,279,-1.97161086013487,1
PZA03650.1,8,146342067,0.587710478650363,0.326164874551971,279,0.786841837741878,1
PZA03651.2,8,146342751,0.5581851687652,0.460573476702509,279,-0.786762618102874,1
PZA03651.1,8,146342784,0.507703676875348,0.327956989247312,279,-0.974889562457684,1
PZA03652.2,8,146342956,0.221046008124129,0.1415770609319,279,2.34299694175858,1
PZA03652.1,8,146343044,0.505616954858817,0.458781362007168,279,0.899433497150948,1
PZA03652.3,8,146343197,0.135946862728682,0.021505376344086,279,-8.09536412318255,1
PZA00686.4,8,146670206,0.351073622590597,0.0645161290322581,279,2.38315714382867,1
PZA00686.7,8,146670272,0.538474709126306,0.0663082437275986,279,-1.47829601435013,1
PZA00120.4,8,147049220,0.0524458020686798,0.120071684587814,279,3.87841750645634,1
PHM4757.14,8,151452567,0.169985022222192,0.318996415770609,279,1.86008639000042,1
PZA03153.2,8,151468480,0.849973325878056,0.252688172043011,279,0.296988421055707,1
PZA03153.4,8,151468520,0.513854546960495,0.313620071684588,279,0.89120354734085,1
PZA03153.1,8,151468637,0.776953380709933,0.275985663082437,279,0.682613748544131,1
PZA03153.3,8,151468701,0.954021996836592,0.365591397849462,279,0.077228603349536,1
PZA03182.5,8,152155087,0.788934124441349,0.410394265232975,279,-0.351981850885081,1
PZA03182.3,8,152155155,0.650807109420505,0.103942652329749,279,0.873393391647191,1
PZA03182.2,8,152155215,0.625921255011173,0.0340501792114696,279,-1.8940874278794,1
PZA00314.6,8,153355348,1,0,279,NA,1
PZA00422.2,8,153373467,0.865351342096162,0.181003584229391,279,0.27101451495876,1
PZA00422.5,8,153373529,0.128140216527451,0.136200716845878,279,2.77868905180093,1
PZA00334.2,8,154182352,0.325605261042933,0.21326164874552,279,1.56953816398806,1
PZA03225.2,8,154325717,0.295439980155238,0.301075268817204,279,1.39252637999958,1
PHM12749.13,8,155071379,0.840841077787924,0.365591397849462,279,-0.269791631327329,1
PZA00018.5,8,155326020,0.482652779980188,0.125448028673835,279,1.33692394358962,1
PZA00177.4,8,155435599,0.526408698294865,0.202508960573477,279,1.02955299507356,1
PHM15278.6,8,155484031,0.220366485821413,0.390681003584229,279,-1.57641834803492,1
PZA03695.2,8,155569735,0.929914273241709,0.057347670250896,279,-0.235290063127486,1
PZA03695.1,8,155569805,0.522043336498306,0.216845878136201,279,1.00729834788107,1
PZA03696.3,8,155570552,0.319168783570462,0.043010752688172,279,2.70873484751201,1
PZA03696.1,8,155570656,0.912020154198261,0.229390681003584,279,0.170784933182724,1
PZA03696.2,8,155570773,0.170637020544826,0.025089605734767,279,4.94012079437922,1
PZA03697.1,8,155570887,0.53862403455947,0.295698924731183,279,0.866259471806107,1
PZA03698.1,8,155571435,0.717956783216896,0.444444444444444,279,-0.470437344530188,1
PZA03698.3,8,155571493,0.961489291252553,0.186379928315412,279,-0.0784019983112323,1
PZA03698.2,8,155571651,0.427113797480806,0.238351254480287,279,1.21461444046941,1
PZA01741.1,8,156061850,0.926740262941492,0.254480286738351,279,-0.144796514042442,1
PZB02040.1,8,156646395,0.807972673920452,0.010752688172043,279,1.5660492610874,1
PZB00160.1,8,157472833,0.460093051145528,0.0609318996415771,279,-1.89049661143755,1
PZA00838.2,8,158949206,0.173663975760404,0.387096774193548,279,-1.76077587312443,1
PZA03656.1,8,158961898,1,0,279,NA,1
PHM3465.6,8,159478545,0.304601086824543,0.123655913978495,279,-3.00231858071765,1
PZA00706.16,8,159897914,0.426569319174999,0.191756272401434,279,-1.43282614748992,1
PZA00706.11,8,159898064,0.0380070726379236,0.399641577060932,279,2.78065773370516,1
PZB00811.1,8,160536300,0.0027776666763907,0.182795698924731,279,-7.750081284516,1
PZB00811.2,8,160536472,0.206875802164029,0.308243727598566,279,-1.81043847959074,1
PZA03388.2,8,160537081,0.948484517644842,0.365591397849462,279,0.0847507006507224,1
PZA03388.1,8,160537277,0.132335656596851,0.442652329749104,279,-2.06571501152161,1
PZA00675.1,8,161460108,0.827379327842746,0.222222222222222,279,0.361367054228743,1
PZA03592.1,8,161817307,0.189280154712651,0.159498207885305,279,-2.33616472481852,1
PZA03592.3,8,161817408,0.887412090376333,0.453405017921147,279,-0.202315710761737,1
PZA03593.1,8,161819705,0.621388386215981,0.259856630824373,279,0.704806975063014,1
PZA03593.2,8,161819940,0.261943895332674,0.0340501792114695,279,3.5067455642176,1
PZA00229.7,8,161988861,0.897806704812657,0.150537634408602,279,-0.209422486610356,1
PZB01107.7,8,162011903,0.834939320245861,0.032258064516129,279,-0.928704070589482,1
PZB01107.8,8,162011965,0.705725446574611,0.0878136200716846,279,0.813890457700245,1
PZB01107.6,8,162012097,0.548960318615734,0.0609318996415771,279,-1.73854835093556,1
PZB01107.2,8,162012202,0.945463201150814,0.188172043010753,279,-0.10622788862265,1
PZB01107.5,8,162012322,0.521785789250179,0.496415770609319,279,0.81394835399487,1
PZA00336.10,8,162446230,0.940984874540476,0.410394265232975,279,0.0942705357044318,1
PZA02746.2,8,163067200,0.338070894517878,0.469534050179211,279,1.26178522104138,1
PZB00700.1,8,163492031,0.897755909693455,0.0627240143369176,279,0.331869159795434,1
PZA00460.8,8,163565334,0.0075213026865539,0.480286738351254,279,3.59543475727147,1
PZA00460.3,8,163565396,0.856973816450863,0.381720430107527,279,-0.244537046342473,1
PZA00516.2,8,163572237,0.126918984530148,0.421146953405018,279,1.9911282719565,1
PZA00516.3,8,163572301,0.665813372500989,0.399641577060932,279,-0.558107185028043,1
PZB00007.3,8,163643858,0.527490267099256,0.17741935483871,279,1.05158183089177,1
PZA00362.2,8,163939051,0.625880066511536,0.299283154121864,279,0.702043319845278,1
PZA00362.1,8,163939189,0.647380525789112,0.232974910394265,279,-0.805746845271687,1
PZA01316.1,8,164369718,0.734961769402137,0.21505376344086,279,0.567949505265084,1
PZA00001.8,8,164795650,0.986304100098735,0.372759856630824,279,0.0268480762361467,1
PHM4786.9,8,164795880,0.440145041986309,0.387096774193548,279,1.10406130840535,1
PZA00904.1,8,165809816,0.388585375450691,0.412186379928315,279,-1.15557763336519,1
PZA00641.8,8,166182700,0.281124829669083,0.03584229390681,279,-3.60857666697294,1
PZA00641.7,8,166182794,0.558401865227548,0.032258064516129,279,1.99253766494264,1
PZA01964.29,8,166984405,0.695091988934341,0.338709677419355,279,-0.561778507191074,1
PZA03446.1,8,168485696,0.976890004681235,0.157706093189964,279,0.0498505853738871,1
PHM14046.9,8,169471006,0.892863038391868,0.258064516129032,279,-0.203953851674405,1
PZB01057.4,8,169540271,0.413340486701688,0.148745519713262,279,-1.45631499400271,1
PZB01057.3,8,169540274,0.561693165567277,0.134408602150538,279,1.09244305217187,1
PZB01057.1,8,169540340,0.891617346179679,0.376344086021505,279,0.259740642930425,1
PZB01057.2,8,169540394,0.587300409324591,0.166666666666667,279,0.837072209533106,1
PZA03202.2,8,169912459,0.92334933262615,0.301075268817204,279,0.130063982061545,1
PZA03202.1,8,169912848,0.275781739257721,0.474910394265233,279,-1.36513564250269,1
PZA00189.21,8,170014413,0.19261022935897,0.198924731182796,279,1.99617314174171,1
PZA00760.1,8,171099906,0.67492834320879,0.225806451612903,279,0.646760299570749,1
PZA03538.1,8,171578191,0.174770585132873,0.344086021505376,279,1.87827246029483,1
PZA03537.1,8,171581059,0.125851159819903,0.0716845878136201,279,3.78248253698879,1
PHM2749.10,8,171703522,0.263308790339484,0.39247311827957,279,-1.50508953427464,1
PZA01290.1,8,171827952,0.184593896877427,0.455197132616487,279,1.7529189519016,1
PZA02281.3,8,172057935,0.370203271203451,0.231182795698925,279,-1.40512465094412,1
PZB01872.1,8,172323589,0.395990301261185,0.408602150537634,279,-1.11741028570657,1
PZB01872.2,8,172323795,0.309498660554257,0.0304659498207885,279,3.64158766274501,1
PZA03062.7,9,3873116,0.224404232324217,0.265232974910394,279,-1.75523792586459,1
PZA03062.15,9,3873152,0.847303464719604,0.039426523297491,279,-0.652376848671127,1
PHM3925.79,9,3955377,0.715328341311827,0.0949820788530466,279,-1.16693911138419,1
PZD00036.2,9,6992336,0.681647664247446,0.347670250896057,279,-0.593974314308208,1
PZA01799.1,9,9885916,0.578367092007769,0.403225806451613,279,0.749273589601728,1
PZB00781.1,9,11101740,0.922942487835682,0.46594982078853,279,-0.129086863591359,1
sh1.4,9,11336778,0.99301026807065,0.424731182795699,279,0.0117641207295738,1
sh1.3,9,11337226,0.821129796310827,0.370967741935484,279,-0.312829364237179,1
sh1.2,9,11339352,0.16361255248848,0.32258064516129,279,1.87865194629881,1
sh1.11,9,11339891,0.934598117932959,0.401433691756272,279,-0.105252379357061,1
sh1.12,9,11340882,0.801809217035034,0.485663082437276,279,0.347716726709914,1
sh1.1,9,11341274,0.15390610443782,0.243727598566308,279,-3.08727671741618,1
PHM1218.6,9,11342096,0.0900855934117846,0.263440860215054,279,2.57110644335145,1
PZA01195.3,9,11345280,0.249983822193587,0.129032258064516,279,-2.84614650424832,1
PZA00466.1,9,11972467,0.810100549980867,0.184587813620072,279,0.43132294844481,1
PHM5181.10,9,15582065,0.191388045933401,0.363799283154122,279,1.8252836526408,1
PZA02916.5,9,15582100,0.0080346316282794,0.413978494623656,279,3.82921306610738,1
PZA02916.4,9,15582109,0.0498932994251365,0.478494623655914,279,2.82422869712626,1
PZA02702.1,9,16228586,0.0344683529560201,0.125448028673835,279,-3.90537367282703,1
PZA03431.1,9,16578365,0.0971757118769227,0.017921146953405,279,-7.92694331394174,1
zmm3.1,9,16966211,1,0,279,NA,1
zmm3.2,9,16966263,1,0,279,NA,1
zmm3.4,9,16966348,1,0,279,NA,1
PZD00047.2,9,16966384,0.805309227851638,0.00537634408602151,279,1.99905123021231,1
PZD00047.1,9,16966493,0.727266936622889,0.125448028673835,279,0.691888997801035,1
PZA03416.9,9,16979695,0.828816314981153,0.0519713261648745,279,-0.64740434614426,1
PZA03416.7,9,16980092,0.085506083986675,0.114695340501792,279,3.65187744765919,1
PZA03416.8,9,16980100,0.158446711556829,0.0340501792114695,279,6.78610878579578,1
PZA03416.6,9,16980188,0.333156707376499,0.0645161290322581,279,2.11818052565887,1
PZA02996.9,9,17214904,0.0756200285797305,0.0232974910394266,279,-7.88412065548131,1
PHM9374.5,9,17653676,0.920203952545613,0.329749103942652,279,0.139475759083857,1
PZA02844.1,9,17653885,0.582469195155372,0.0161290322580645,279,-2.93295857736191,1
PZA00860.1,9,18684111,0.427411215767897,0.327956989247312,279,1.09585807023685,1
PZA03058.12,9,19292942,0.300208785461836,0.338709677419355,279,1.4828489242605,1
PZA03058.16,9,19292964,0.901951352319872,0.467741935483871,279,-0.167971304740571,1
PZA03058.17,9,19292988,0.0502308851863704,0.112903225806452,279,-3.81204773097389,1
PZA03058.22,9,19293027,0.691838021662633,0.220430107526882,279,0.771853948023073,1
PZA03058.21,9,19293212,0.048403101582637,0.102150537634409,279,-4.03493435303413,1
PZB00736.2,9,20516063,0.158063452008116,0.292114695340502,279,1.90310743515712,1
PZB00736.4,9,20516152,0.955310643950048,0.014336917562724,279,-0.259433274729828,1
PZA00583.4,9,20525979,0.61469714164445,0.498207885304659,279,-0.672131057501403,1
PZA00583.17,9,20526173,0.58821368944181,0.10573476702509,279,-1.10411306333973,1
PZA00438.4,9,21519206,1,0,279,NA,1
PZB01042.7,9,22040626,0.717327808974556,0.145161290322581,279,-0.640130818636567,1
PZB01042.5,9,22040925,0.199251402997615,0.170250896057348,279,-2.20911055909345,1
PZB01042.3,9,22040955,0.523847865567716,0.100358422939068,279,-1.33912706915264,1
PZB01042.2,9,22040988,0.618742454206684,0.229390681003584,279,0.900742484410511,1
PZB01042.1,9,22041092,0.190068595449542,0.161290322580645,279,-3.06024131284157,1
PZB01042.6,9,22041257,0.665596278007641,0.0555555555555556,279,1.16127499275407,1
PZB01042.8,9,22041375,0.749257402907517,0.274193548387097,279,0.450608918386159,1
wx1.1,9,23215033,0.0444094231427776,0.1415770609319,279,3.74763570137188,1
PZB00547.3,9,23215090,0.0729324528021115,0.100358422939068,279,3.64770123162762,1
PZB00547.1,9,23215171,0.232218662044751,0.265232974910394,279,-1.75866132029363,1
PZB00544.1,9,23215722,0.396979927213699,0.401433691756272,279,-1.12800583128794,1
PZB00544.2,9,23215793,0.559371871613265,0.265232974910394,279,-0.831584198875237,1
PZB00540.1,9,23217179,0.304840660310121,0.333333333333333,279,-1.3883878868235,1
PZA01999.3,9,23217376,0.876171624548208,0.123655913978495,279,0.292484323993269,1
PZB01110.6,9,24028336,0.626855627474633,0.272401433691756,279,0.698576965793929,1
PZB01110.1,9,24028795,0.705465300557488,0.259856630824373,279,-0.551766162912131,1
PZB01963.2,9,24376691,0.477209595018126,0.150537634408602,279,-1.43568374220681,1
PZB01963.4,9,24376774,1,0,279,NA,1
PZB01963.6,9,24376844,0.868088350051547,0.225806451612903,279,-0.285856092080594,1
PZB01963.5,9,24376908,1,0,279,NA,1
PZB01963.3,9,24376967,0.532851000375239,0.258064516129032,279,-0.937784730412325,1
PZB01963.1,9,24377057,0.60028028273835,0.261648745519713,279,0.77632477168683,1
PZA02648.2,9,25654718,0.358852007405771,0.243727598566308,279,-1.47007585280331,1
PZA03113.5,9,26513930,0.0784634951774639,0.227598566308244,279,-2.83858489915532,1
PZA03113.3,9,26514219,0.613182761580903,0.467741935483871,279,-0.702619516970478,1
PZA03113.4,9,26514227,0.06446603165723,0.419354838709677,279,-2.55135467721116,1
PZB00379.2,9,26661426,0.371221856479309,0.378136200716846,279,1.1678335205859,1
PZB00379.1,9,26661626,0.00820410957837705,0.471326164874552,279,3.52478668583544,1
PZA00693.3,9,28318787,0.513862664454803,0.261648745519713,279,1.02909192962393,1
PZB00959.1,9,28529745,0.204525416996912,0.385304659498208,279,1.85167133086557,1
PZB02423.1,9,28529871,0.203037279418398,0.0716845878136201,279,-2.81385771600008,1
PZB00235.2,9,34649110,0.56765027332591,0.0645161290322581,279,1.4879898819354,1
PZB00235.1,9,34649218,0.911191278125654,0.297491039426523,279,-0.153865073907383,1
PZA02878.13,9,37421825,0.997377601654397,0.238351254480287,279,-0.00551947416425569,1
PZA02861.13,9,42849025,0.955399346456903,0.333333333333333,279,-0.094645270447284,1
PZA02861.12,9,42849080,0.660987741578338,0.28673835125448,279,0.739151281554741,1
PZA03469.1,9,42852770,0.234618616785095,0.396057347670251,279,1.92441435886558,1
PZA03097.4,9,44359301,0.200534711430095,0.189964157706093,279,-2.46409573849416,1
PZA03097.7,9,44359430,0.706406138228001,0.204301075268817,279,0.590544340549929,1
PZB00014.1,9,46590628,0.484877207552164,0.324372759856631,279,-1.22206186433348,1
PZA03085.30,9,51080355,0.71230917049658,0.258064516129032,279,0.583029886582282,1
PZB02422.1,9,59789379,0.903322359341433,0.129032258064516,279,0.241286317086449,1
PZA00588.1,9,59789907,0.81088689476254,0.379928315412186,279,0.326501008103145,1
PZA00588.2,9,59789931,0.863810809039477,0.365591397849462,279,-0.24071273713721,1
PZB01114.6,9,60776013,0.973848656331408,0.494623655913978,279,0.0470070362888264,1
PZB01114.2,9,60776186,0.485219579457266,0.0860215053763441,279,-1.54518711536565,1
PZB01114.1,9,60776323,0.914036985022438,0.496415770609319,279,0.152432786041803,1
PZA00287.1,9,72258299,0.843968227515492,0.181003584229391,279,0.341363602749132,1
PZA03057.3,9,73251868,0.357220910028443,0.145161290322581,279,1.7614327244607,1
PZA00925.2,9,73487579,0.397814276370673,0.42831541218638,279,-1.25712944491723,1
PZA01791.2,9,77467426,0.243518921097771,0.426523297491039,279,-1.54099281650626,1
PZA03759.2,9,80446876,0.0659144059336005,0.272401433691756,279,-2.69870069557609,1
PZA03759.1,9,80446937,0.999327636813348,0.139784946236559,279,-0.00149309645659979,1
PZA03758.1,9,80499825,0.243740320163974,0.17741935483871,279,2.09262653722558,1
PZB00761.1,9,83959651,0.631337745943324,0.378136200716846,279,0.6522169153972,1
PZB00761.2,9,83960023,0.85100537447859,0.109318996415771,279,-0.434336859357723,1
PZA00070.5,9,85334547,0.104368705462422,0.365591397849462,279,2.19987667853772,1
PZA01861.1,9,85740054,0.312174092691317,0.345878136200717,279,1.42555649947636,1
PZA02545.1,9,88057165,0.315407884514841,0.0770609318996416,279,3.86654901305194,1
PZA00653.5,9,89363110,0.438354077221252,0.467741935483871,279,-1.0227923305835,1
PZA03595.2,9,90435061,0.24988512564842,0.338709677419355,279,-1.75079226636856,1
PZA03595.1,9,90435214,0.554175526326922,0.412186379928315,279,-0.838913871967452,1
PZA03595.3,9,90435381,0.0970317066797964,0.010752688172043,279,-11.3087609187448,1
PZA03596.2,9,90436004,0.516672523105952,0.406810035842294,279,-0.918744055667591,1
PZA03596.3,9,90436140,0.668348610157269,0.0519713261648745,279,-1.14186850937539,1
PZA03596.1,9,90436248,0.728603310156694,0.49820788530466,279,0.478338418067475,1
PZA02897.12,9,94285743,0.596890056148583,0.270609318996416,279,-0.750866354991655,1
PZA00947.1,9,96885738,0.590875500936214,0.216845878136201,279,0.771535200830535,1
PZB01899.3,9,98502706,0.35076611524366,0.483870967741935,279,-1.22694550594696,1
PZB01899.2,9,98503011,0.613152446416227,0.494623655913978,279,0.639308819876812,1
PZA03253.1,9,103719503,0.697646642574435,0.227598566308244,279,0.580602733078963,1
PZA03253.2,9,103719660,0.481220274974564,0.236559139784946,279,1.11344796496572,1
PZA00514.6,9,104237516,0.263252443467568,0.017921146953405,279,5.27335416788847,1
PZA00514.1,9,104237592,1,0,279,NA,1
PZB00967.2,9,104333938,0.474158205076033,0.211469534050179,279,1.1225496437093,1
PZB02480.2,9,104373145,0.533838436960237,0.240143369175627,279,0.977748520366658,1
PZB02480.1,9,104373476,0.545358049527236,0.333333333333333,279,0.841365882665011,1
PZA00225.7,9,104537824,0.770630554023052,0.360215053763441,279,-0.428802259076721,1
PZA00225.8,9,104537850,0.436285312772828,0.367383512544803,279,1.13366026637862,1
PZB01358.1,9,106774837,0.986860751118141,0.315412186379928,279,-0.0248355357503138,1
PZB01358.4,9,106774862,0.282331611282674,0.0448028673835126,279,2.96550316339296,1
PZB01358.3,9,106774925,0.548204231897144,0.17741935483871,279,1.05703998678939,1
PZB01358.2,9,106775093,0.780758758501454,0.329749103942652,279,0.421298857235618,1
PZB01652.1,9,106850853,0.609811412321013,0.460573476702509,279,0.721840497896917,1
PZA00015.5,9,109909820,0.291839031430969,0.154121863799283,279,-1.90366508067812,1
PZA03470.1,9,110522534,0.634277973730925,0.152329749103943,279,0.909883441643806,1
PZB01913.2,9,110628874,0.119387632237759,0.0591397849462366,279,3.67714115761726,1
PZB01913.1,9,110629231,0.55267513432517,0.422939068100358,279,0.776078841170377,1
PZB01869.2,9,111935442,0.178267500106057,0.0663082437275986,279,3.72033262473664,1
PZB01869.4,9,111935545,0.51635220472911,0.290322580645161,279,0.980145834580481,1
PZB01869.1,9,111935626,0.150760491759345,0.261648745519713,279,-2.20151952624735,1
PZB01867.5,9,111935765,0.778047659064871,0.254480286738351,279,-0.425053663749723,1
PZB01867.2,9,111935837,0.292831827574015,0.487455197132617,279,1.4326531364463,1
PZA03235.2,9,114897449,0.420619537827604,0.254480286738351,279,1.23642819626389,1
PZA03235.3,9,114897648,0.683794858170969,0.046594982078853,279,-1.40510987993668,1
PZA03235.1,9,114897665,0.166775988936807,0.340501792114695,279,-2.05126997697801,1
PZA02613.1,9,116763482,0.104537833124907,0.0967741935483871,279,-3.44140679730565,1
PZB01292.2,9,117894780,1,0,279,NA,1
PZB01292.1,9,117894891,0.321244078362012,0.17741935483871,279,-1.68714310196946,1
PZB01292.3,9,117895037,0.60962953119913,0.0609318996415771,279,-1.29712216005125,1
PZA01819.1,9,118511506,0.401299219083118,0.197132616487455,279,1.31747173444008,1
PZB01432.1,9,124067174,0.10535098934115,0.318996415770609,279,2.23024497198856,1
PZB01432.3,9,124067329,0.441740720997539,0.207885304659498,279,1.19200904130229,1
PZB01432.4,9,124067391,0.678509022076516,0.170250896057348,279,0.737479755453245,1
PZB01432.2,9,124067508,0.166918079457501,0.396057347670251,279,1.99104662057297,1
PZA00840.1,9,124112589,0.632939160629352,0.268817204301075,279,0.688890867095167,1
PZA00060.2,9,124619424,0.764741733376462,0.397849462365591,279,0.412564478730109,1
PZA00116.2,9,125052222,0.109157850949829,0.145161290322581,279,-2.73833407848319,1
PZA00116.3,9,125052246,0.0495249154503888,0.145161290322581,279,-3.39363512386458,1
PZA00213.7,9,126584310,0.170609345606936,0.448028673835125,279,1.79756800603647,1
PZA00213.19,9,126584378,0.155225983634106,0.125448028673835,279,3.12458821899112,1
PZB02504.1,9,128442190,0.292724088941678,0.412186379928315,279,-1.37323494467542,1
PZB02504.3,9,128442195,0.602490000742869,0.426523297491039,279,-0.671803529762552,1
PHM3330.25,9,128515170,0.270625047331045,0.313620071684588,279,1.61460499696916,1
PZA00568.19,9,129048317,0.50364736541972,0.0591397849462366,279,-1.66565494136646,1
PZA02111.1,9,130251867,0.154310062737866,0.170250896057348,279,-2.77516882887,1
PZB00080.2,9,130608245,0.96801815008238,0.032258064516129,279,-0.220331698533125,1
PZB00080.1,9,130608305,0.130697663972893,0.0376344086021505,279,4.17459632165595,1
PZB02099.2,9,130611573,0.685921675917175,0.068100358422939,279,1.52960579883053,1
PZA03669.1,9,130876521,0.934344508691823,0.0860215053763441,279,-0.249889700102365,1
PZA03670.1,9,130886940,0.243621233033513,0.308243727598566,279,-1.66168819504022,1
PZA03671.1,9,130889568,0.141948214040554,0.442652329749104,279,-1.86574776046572,1
PZA02235.14,9,132119630,0.899809094170002,0.335125448028674,279,0.168689840315611,1
PZB00126.1,9,133389152,0.884230759841464,0.444444444444444,279,-0.182337509796983,1
PZB00643.1,9,133448740,0.200870978833938,0.349462365591398,279,1.80015847857126,1
PZB00750.3,9,133448843,0.169772667686965,0.198924731182796,279,2.41188835006392,1
PZB00750.2,9,133449028,0.44990009224309,0.136200716845878,279,-1.43016549874603,1
PZA01096.1,9,133450713,0.140604475823543,0.232974910394265,279,2.47591777478772,1
PZB01436.2,9,135383612,1,0,279,NA,1
PZB01436.3,9,135383693,0.291396086396592,0.102150537634409,279,-2.1188008580401,1
PZB01436.1,9,135383906,0.0711600140298577,0.243727598566308,279,2.5486136749841,1
PZB00118.2,9,135842386,0.434251699551667,0.340501792114695,279,-1.09244317961723,1
PZA02252.2,9,136597740,0.994779121505889,0.132616487455197,279,0.0123740012645877,1
PZA00502.5,9,139381999,1,0,279,NA,1
PZA00502.1,9,139382140,0.63206868747816,0.43010752688172,279,-0.569018312098691,1
PZA01369.1,9,140926271,0.129767237729115,0.258064516129032,279,-2.39109939214033,1
PHM816.29,9,142043997,0.0927546091452938,0.489247311827957,279,-2.15165980606348,1
PZB00221.3,9,142271047,0.78554718915527,0.306451612903226,279,0.372370126919351,1
PZB00221.6,9,142271097,0.318585869157447,0.0125448028673835,279,-5.72301338079129,1
PZD00055.1,9,142271281,0.418560610182617,0.43010752688172,279,1.01252630775475,1
PZD00055.2,9,142271439,0.933809147574107,0.0591397849462365,279,0.207615459851404,1
PZB00221.2,9,142271476,0.206254139212057,0.478494623655914,279,1.60094731028888,1
PZB00221.5,9,142271582,0.722520057590569,0.268817204301075,279,-0.495557972647806,1
PZB00221.7,9,142271657,0.356347204619448,0.24910394265233,279,1.4058763056118,1
PZA00323.3,9,142499873,0.853898061668119,0.236559139784946,279,0.286722566908122,1
PZA00323.4,9,142500070,0.672609576077654,0.405017921146953,279,0.663826385190083,1
PZA01715.2,9,142948449,0.75286863779158,0.480286738351254,279,0.382211028544075,1
PZA01715.1,9,142948545,0.0232461122557993,0.317204301075269,279,3.21901541278978,1
PZA02381.1,9,144723067,0.517205880763617,0.0842293906810036,279,1.90137870792455,1
PZA00912.2,9,145148200,0.895102585766328,0.267025089605735,279,-0.213797925554797,1
PZA02997.16,9,146470580,0.382785180180919,0.222222222222222,279,1.26969099472326,1
PZA02997.19,9,146470644,1,0,279,NA,1
PZA00832.1,9,147131097,0.152476360142682,0.227598566308244,279,2.2134658973433,1
PZA00579.2,9,147384886,0.0498904657729167,0.28494623655914,279,2.71625646553951,1
PZA00579.6,9,147384958,0.38719872310722,0.0609318996415771,279,2.1673858904054,1
PZA03156.3,9,147821234,0.116525925767445,0.032258064516129,279,5.87002846523536,1
PZA02847.21,9,147826958,0.660483076571018,0.258064516129032,279,0.673864729949854,1
PZA00428.2,9,148430337,0.447312175232891,0.376344086021505,279,1.00097473213376,1
PHM13681.12,9,148713045,0.24319340185586,0.318996415770609,279,-1.53885987520468,1
PZA03405.1,9,148715252,0.359467390125149,0.017921146953405,279,4.53632198355617,1
PZA00123.1,9,149398788,0.394377694007957,0.0519713261648745,279,-2.428495262902,1
PZD00050.3,9,149507714,0.524919594258735,0.136200716845878,279,1.15735965494562,1
PZD00050.2,9,149507835,0.791347074371281,0.0770609318996416,279,0.666758037040795,1
PZA03573.2,9,150137968,0.173113490140981,0.17921146953405,279,-2.15921230058368,1
PZA03573.3,9,150138109,0.813291964085408,0.132616487455197,279,-0.43094159717664,1
PZA03573.1,9,150138200,0.421104300971783,0.186379928315412,279,-1.48257370984029,1
PZA03573.4,9,150138319,0.34898757722943,0.00896057347670251,279,5.38477044466147,1
PZA03572.2,9,150138962,0.435899471749103,0.243727598566308,279,-1.10967176174945,1
PZA00184.4,9,151289826,0.683954468288484,0.0663082437275986,279,-0.91460628615971,1
PZA00184.1,9,151289948,0.754306752254407,0.17741935483871,279,-0.480680243654179,1
PZA03332.1,10,838970,0.953888861506472,0.0645161290322581,279,-0.133639912519488,1
PZA02554.1,10,1939921,0.732351484575327,0.206093189964158,279,0.591493098338019,1
PZA02221.20,10,1948030,0.0240472508693577,0.401433691756272,279,3.0035329516448,1
PZA03216.2,10,2118915,0.461744490943596,0.489247311827957,279,-0.93788550082236,1
PZA01313.2,10,3598262,0.0192000121911282,0.458781362007168,279,2.86741545024617,1
PZA02095.10,10,5119007,0.0300082071998913,0.125448028673835,279,3.93019645897123,1
PZA03078.29,10,6121273,0.3694265711229,0.405017921146953,279,1.18719941650645,1
PZA03078.33,10,6121326,0.355503697628268,0.0770609318996416,279,2.16200420818272,1
PHM2828.83,10,6121374,0.64693090934996,0.46415770609319,279,0.574628400622553,1
PHM3765.7,10,7904882,0.697104687923438,0.354838709677419,279,-0.846528389006041,1
PZA03563.1,10,8398476,0.385106869969611,0.412186379928315,279,1.12396494277011,1
PZA03563.2,10,8398599,1,0,279,NA,1
PZA03571.2,10,8398973,0.558267070402417,0.181003584229391,279,-1.08599001152326,1
PZA01883.2,10,8950935,0.068831862443849,0.163082437275986,279,3.2891980733616,1
PZB01301.7,10,9748233,0.586784140194174,0.367383512544803,279,-0.721332754046168,1
PZB01301.6,10,9748367,0.828747519640486,0.365591397849462,279,-0.274992061485022,1
PZB01301.5,10,9748559,0.870207361866665,0.351254480286738,279,-0.227094828664124,1
PZA00257.11,10,10432605,0.945661916579433,0.362007168458781,279,-0.0871910541679419,1
PZA00257.22,10,10432680,0.6248542872234,0.053763440860215,279,1.32474261414633,1
PZA00463.3,10,13546326,0.773043258002722,0.263440860215054,279,0.511315485637854,1
PZA02961.1,10,16264730,0.322892852492145,0.139784946236559,279,-1.75575726243142,1
PZA02961.6,10,16264897,0.241276299484118,0.489247311827957,279,1.52206184063821,1
PZA00656.4,10,17645859,1,0,279,NA,1
PZA00656.14,10,17645881,1,0,279,NA,1
PHM3922.32,10,17722937,0.633626768685479,0.399641577060932,279,0.68234082365933,1
PZA00079.1,10,18903460,0.677165586958668,0.163082437275986,279,0.733542906635341,1
PZA00310.5,10,20451157,0.975015108553469,0.17741935483871,279,-0.0494347272644196,1
PZA02853.10,10,25965887,0.883953119448692,0.0878136200716846,279,-0.331740729495464,1
PZA02853.7,10,25965933,0.340410662784284,0.302867383512545,279,-1.29081108198128,1
PZA00552.3,10,26982134,0.260999290790031,0.032258064516129,279,3.73574974848974,1
PZA00552.4,10,26982383,0.809091918397975,0.0752688172043011,279,0.61824473036518,1
PZA03262.2,10,28596609,0.145562786060374,0.145161290322581,279,-2.5641979538796,1
PZA03262.1,10,28596640,0.510765161230804,0.170250896057348,279,1.12461883945628,1
PZA03137.3,10,28596680,0.132545796627488,0.154121863799283,279,-2.67722563201539,1
PZD00032.2,10,30830302,0.343912906346575,0.0949820788530465,279,2.12851114697584,1
PZD00032.1,10,30830484,0.0626763701728902,0.474910394265233,279,2.59535385257534,1
PZD00032.4,10,30830707,1,0,279,NA,1
PZD00032.5,10,30830820,1,0,279,NA,1
PZD00032.3,10,30830960,0.580116588887038,0.0268817204301075,279,1.99150235492301,1
PZD00033.2,10,30832690,0.804272622897157,0.0842293906810036,279,-0.528284379979017,1
PZA02945.10,10,33619582,0.00366670711275281,0.396057347670251,279,3.86433544831797,1
PZA02945.37,10,33619945,0.0252133012396648,0.492831541218638,279,-2.91669862283451,1
PZB01178.1,10,42369806,0.0466403120645579,0.333333333333333,279,2.78163899099057,1
PZB00849.1,10,43580032,0.416434437627745,0.28673835125448,279,1.16164782648169,1
PZB00849.2,10,43580042,0.550709941102217,0.0501792114695341,279,1.55312490448815,1
PZA01597.1,10,61603191,0.744011623973188,0.442652329749104,279,-0.432899382409654,1
PZA00562.4,10,61763079,0.243052606104974,0.25089605734767,279,1.62465665629652,1
PZA00562.3,10,61763171,0.269525827534984,0.43010752688172,279,2.4642881631431,1
PZA00409.17,10,62062819,0.283836116341543,0.344086021505376,279,1.49381752348858,1
PZA00409.15,10,62062890,0.861116534409931,0.17741935483871,279,0.284052241937141,1
PZA00409.3,10,62062924,0.76882925673938,0.283154121863799,279,-0.42212479639783,1
PZA00174.1,10,66408538,0.536806265652499,0.173835125448029,279,1.02860573367958,1
PZA00174.2,10,66408674,0.431668515248223,0.181003584229391,279,-1.2837251429247,1
PZA00665.6,10,68803444,0.919742333260401,0.118279569892473,279,-0.187390512535358,1
PZA01677.1,10,70797556,0.825223076318993,0.202508960573477,279,0.345726207578228,1
PZA02941.2,10,71120160,1,0,279,NA,1
PZA02941.3,10,71120220,0.123049296209464,0.116487455197133,279,3.06583376123937,1
PZA02941.6,10,71120324,0.160706829926882,0.211469534050179,279,2.25289643962958,1
PZA00475.20,10,75521031,1,0,279,NA,1
PZA00475.25,10,75521139,1,0,279,NA,1
PZA01877.2,10,77492186,0.553131026855068,0.166666666666667,279,1.13917957019468,1
PZB02029.1,10,78146208,0.654994063925314,0.456989247311828,279,0.540788128716582,1
PZA03157.2,10,81756950,0.84147364260599,0.159498207885305,279,0.328927403992604,1
PZB00409.1,10,84002430,0.245170098098117,0.159498207885305,279,1.93884017941256,1
PZA00587.3,10,84518272,0.435235962830585,0.100358422939068,279,1.55551724166275,1
PZA03170.2,10,85296853,0.533202410881488,0.202508960573477,279,-1.03741211349833,1
PZA03170.1,10,85296889,0.615719159944646,0.195340501792115,279,0.807518009550861,1
PZB02529.2,10,86319860,0.552026408125911,0.0161290322580645,279,-2.72131343451817,1
PZB02529.1,10,86320007,0.174973817330528,0.460573476702509,279,1.75620254497617,1
PZA00337.4,10,86327620,0.255873522395396,0.467741935483871,279,1.50367279700491,1
PZA00337.3,10,86327722,0.516611861569291,0.417562724014337,279,0.90456286463346,1
PZA00814.1,10,87194491,0.775892623427708,0.272401433691756,279,-0.411402637166492,1
PZA03351.1,10,89122261,0.969075050943725,0.195340501792115,279,0.0586289953354857,1
PZA00048.2,10,98582073,0.576886033885223,0.455197132616487,279,0.783208463945725,1
PZA00048.1,10,98582149,0.937146421445133,0.453405017921147,279,0.107615911794391,1
PZA00400.3,10,98866690,0.31990348591776,0.3584229390681,279,-1.29247826113953,1
PZB01206.2,10,99238136,0.32728766989933,0.245519713261649,279,-1.81727562136869,1
PZB01206.1,10,99238326,0.529999409853326,0.367383512544803,279,-0.961157516639089,1
PZA02398.2,10,99471436,0.234431578944058,0.342293906810036,279,1.64451197968941,1
PHM537.22,10,99471668,0.713988035300488,0.222222222222222,279,-0.581513488992772,1
PZA03585.1,10,104900730,0.0198266839153239,0.134408602150538,279,4.22033226130784,1
PZA02993.5,10,106620017,0.175006367883296,0.1415770609319,279,2.26517581959977,1
PZA02993.6,10,106620041,0.908999729471312,0.222222222222222,279,-0.180618215096033,1
PZA02993.14,10,106620146,0.531696162602732,0.146953405017921,279,-1.04714567494382,1
PZA00444.5,10,106780310,0.0310745341567512,0.028673835125448,279,9.09367414822362,1
PZA00444.1,10,106780357,0.796887335364974,0.139784946236559,279,0.516865754788041,1
PHM18195.6,10,106780623,0.913139336301481,0.134408602150538,279,-0.219113518169161,1
PZB00806.9,10,107950190,0.568692316345066,0.0663082437275986,279,-1.33957410995616,1
PZB00806.8,10,107950287,1,0,279,NA,1
PZB00806.4,10,107950370,0.755990459614707,0.168458781362007,279,0.592045116244606,1
PZB00806.6,10,107950399,0.571282513788372,0.145161290322581,279,-1.18031677455561,1
PZA00135.6,10,109542101,1,0,279,NA,1
PZA01292.1,10,109633741,0.0476990028915489,0.344086021505376,279,2.75330414680582,1
PZA01919.2,10,111260278,0.651714333575425,0.492831541218638,279,0.572161300831214,1
PZA02128.3,10,111608788,0.600749554392349,0.168458781362007,279,-0.939751417073794,1
PZA00215.3,10,111672770,0.503512099425044,0.3584229390681,279,-0.998165499572927,1
PHM13687.14,10,117796822,0.127083106667483,0.370967741935484,279,2.14710675309343,1
PZA00712.15,10,117797016,0.249269719725169,0.433691756272401,279,-1.50269920024177,1
PZA00712.4,10,117797175,0.445638399198072,0.275985663082437,279,1.07401646082893,1
PZA02219.2,10,118308828,0.876472862606533,0.21505376344086,279,0.247153117739801,1
PZB00677.3,10,120604920,0.189055134263707,0.0806451612903226,279,-2.89055205742655,1
PZB00677.4,10,120605201,0.570682210358188,0.109318996415771,279,-1.09262265985618,1
PZA03713.1,10,121489957,0.0908462955076774,0.247311827956989,279,-2.54541136960712,1
PZA03711.2,10,121491031,0.670712737483074,0.152329749103943,279,0.831695892968004,1
PZA03711.3,10,121491202,0.0458753208974477,0.0627240143369176,279,5.77513560367082,1
PZA03711.1,10,121491271,0.472063959987312,0.125448028673835,279,-1.39390478123652,1
PZA03710.2,10,121491723,0.483330855882552,0.139784946236559,279,1.29653915737993,1
PZA03710.4,10,121491895,0.646401527799246,0.14336917562724,279,0.855221558371706,1
PZA03710.1,10,121491955,0.942234348281315,0.216845878136201,279,0.119487927457618,1
PZA03710.5,10,121492057,0.801034345231591,0.0788530465949821,279,-0.57877233283679,1
PZA03710.3,10,121492142,0.230747738574801,0.068100358422939,279,2.98391785516981,1
PZA03710.6,10,121492205,0.94148748259139,0.238351254480287,279,-0.11738717629399,1
PZA03709.1,10,121493027,0.0711851636693687,0.120071684587814,279,3.77801392201751,1
PZA03709.2,10,121493288,0.208446007065694,0.0555555555555556,279,-3.4847894435004,1
PZA00251.4,10,122517732,0.0507481649256337,0.184587813620072,279,3.45964183187068,1
PZA00251.1,10,122517816,0.480479591949324,0.236559139784946,279,1.03634224292293,1
PZB02227.3,10,123741974,0.79498948932627,0.0896057347670251,279,-0.535196992566585,1
PZB02227.1,10,123742114,0.806956860544199,0.231182795698925,279,0.365138199119203,1
PZB02227.4,10,123742392,0.806970052858468,0.145161290322581,279,0.42866558084773,1
PZB02227.2,10,123742823,0.674150728469149,0.308243727598566,279,-0.581289483002785,1
PZA02821.5,10,123998923,0.197981871860544,0.342293906810036,279,-1.78603324180573,1
PZA03196.3,10,124005323,0.411548474183067,0.0824372759856631,279,1.76437894502045,1
PZA03196.1,10,124005403,0.540356392701392,0.419354838709677,279,0.817486416277466,1
PZA00063.3,10,124523264,0.444472487429455,0.0591397849462365,279,2.45649126681556,1
PZB01412.2,10,126573429,0.0388518074874297,0.0734767025089605,279,5.88366898783724,1
PZA03071.15,10,128463270,0.853420031950327,0.232974910394265,279,-0.27799902710901,1
PZA00647.9,10,129730703,0.495035158650731,0.367383512544803,279,-0.928779213842521,1
PZA00342.7,10,130170691,0.135151066290549,0.28494623655914,279,2.06577451685523,1
PZA00342.9,10,130170772,0.585459848159075,0.270609318996416,279,-0.871295814105092,1
PZA03115.1,10,130351968,0.204480024041456,0.494623655913978,279,1.66877051011213,1
PZA03115.2,10,130352040,0.448796042696055,0.401433691756272,279,-1.06276444999574,1
PZA01241.2,10,130452676,0.20394838636939,0.39426523297491,279,1.73828891870326,1
PZA02320.1,10,132256848,0.85315960808977,0.362007168458781,279,-0.259617782638304,1
PZA03164.2,10,132380594,0.753687404059434,0.225806451612903,279,-0.460705168605821,1
PZA03164.3,10,132381021,0.229257707092252,0.0663082437275986,279,2.90642282500973,1
PZA03164.1,10,132381032,0.981660842538475,0.306451612903226,279,0.0350028016306982,1
PZB01997.1,10,132732382,0.194888598260361,0.241935483870968,279,1.986606448629,1
PZB01111.8,10,134034407,0.300550097169244,0.439068100358423,279,1.36046042566413,1
PZB01111.3,10,134034437,0.619144444098478,0.109318996415771,279,1.04277833884673,1
PZB01111.1,10,134034461,0.318634234194243,0.440860215053763,279,1.31604814372239,1
PZB01111.5,10,134034491,0.664439521470769,0.100358422939068,279,0.851546425047511,1
PZB01111.7,10,134034686,0.0276691359847152,0.0394265232974911,279,6.82541409195212,1
PZB01111.6,10,134034875,0.85614025429749,0.193548387096774,279,0.266049891749974,1
PZA03398.2,10,134805750,0.581201740905516,0.0125448028673835,279,3.33285010125566,1
PZA03398.1,10,134805853,0.926972615709569,0.121863799283154,279,0.167982730305265,1
PZA01456.2,10,135928293,0.119803905057847,0.496415770609319,279,1.94416243303859,1
PHM18513.156,10,136530988,0.815841528535059,0.410394265232975,279,-0.308981124596426,1
PHM15868.56,10,137132183,0.352209448210795,0.369175627240143,279,-1.24511478942477,1
PZA02663.1,10,137627429,0.0460860356294228,0.390681003584229,279,2.53932108969991,1
PZA03570.2,10,138760374,0.960321150726024,0.0752688172043011,279,-0.103963406543329,1
PZA03570.1,10,138760446,0.613117099724922,0.290322580645161,279,0.675657187891774,1
PZA03569.2,10,138760685,0.907634510220348,0.0681003584229391,279,0.267074242648538,1
PZA03229.1,10,139507065,0.893359418660874,0.435483870967742,279,-0.172522663433119,1
PZA03229.4,10,139507136,0.899664205104659,0.189964157706093,279,-0.193389663056667,1
PZA03229.2,10,139507440,0.0966177554296414,0.125448028673835,279,-3.13904459639149,1
PZA01995.2,10,139616614,0.0675414399750952,0.274193548387097,279,2.68561939190015,1
PZA03267.3,10,139717238,0.536999799199831,0.338709677419355,279,0.796770543490166,1
PZA03267.2,10,139717663,0.178929990061618,0.227598566308244,279,1.88902302847926,1
PZA03267.4,10,139717741,0.506878032111056,0.413978494623656,279,-0.845177351095697,1
PZA03132.3,10,139830278,0.514019214561543,0.173835125448029,279,-1.1173431700225,1
PZB00239.1,10,140492616,1,0,279,NA,1
PZA03607.5,10,141828307,0.295592568399538,0.0537634408602151,279,2.75854224821237,1
PZA03607.3,10,141828459,0.308599437765417,0.270609318996416,279,-1.56043300611494,1
PZA03607.2,10,141828530,0.474513457856246,0.387096774193548,279,1.0396379115688,1
PZA03607.1,10,141828531,0.422935699514345,0.412186379928315,279,1.16824716136344,1
PZA03607.4,10,141828691,0.684155952197211,0.197132616487455,279,0.679738798420851,1
PZA03606.1,10,141829598,0.842394454164818,0.243727598566308,279,-0.354656341098257,1
PZB02554.3,10,141829707,0.456466150921224,0.0197132616487455,279,-2.91628141878484,1
PZB02554.2,10,141829795,0.724902848045962,0.293906810035842,279,0.508901911060936,1
PZB02554.1,10,141829860,0.628972165758403,0.396057347670251,279,0.728803395817889,1
PZA03605.1,10,141830532,0.806320966885236,0.39247311827957,279,0.375713308816463,1
PZA03605.2,10,141830830,0.640061724556345,0.0770609318996416,279,-1.2132620095758,1
PZA03604.2,10,141831736,0.855355572973671,0.397849462365591,279,-0.276180786052477,1
PZA03604.1,10,141831767,0.484486099374748,0.378136200716846,279,1.0744595990718,1
PZA03604.3,10,141831821,0.461760557995805,0.046594982078853,279,-2.55048362337321,1
PZA00727.11,10,142854665,0.359968517836843,0.161290322580645,279,1.6866945449538,1
PZA00727.1,10,142854765,0.479991059196474,0.206093189964158,279,-1.12892638751558,1
PZA00130.9,10,143269455,0.27392386101109,0.405017921146953,279,-1.50241620486746,1
PZA00130.7,10,143269563,0.613373993683645,0.216845878136201,279,0.787278635306782,1
PZA02969.1,10,143676007,0.41259811841602,0.317204301075269,279,1.09698832106494,1
PZA02969.7,10,143676157,1,0,279,NA,1
PZA02969.8,10,143676207,0.451146955952278,0.43010752688172,279,-0.996544474553157,1
PZA02049.1,10,144025574,0.704638260548698,0.329749103942652,279,-0.547995545544377,1
PZA00007.2,10,144172190,0.0343374678380726,0.197132616487455,279,-3.22637913842105,1
PZA00007.1,10,144172316,0.00578320598110137,0.480286738351254,279,3.67017255213651,1
PHM5435.25,10,144239494,0.136119616873392,0.387096774193548,279,-2.07166023085672,1
PZA00551.4,10,144239564,0.111552770112109,0.415770609318996,279,-2.07513637479344,1
PZB00769.2,10,144548839,0.682506661966858,0.0806451612903226,279,0.903470456761076,1
PZB00769.1,10,144548910,0.270565056407571,0.267025089605735,279,1.56377436668598,1
PZA01073.1,10,144549995,0.768664052807395,0.292114695340502,279,-0.442675416930756,1
PZB01471.2,10,145850233,0.172954336157294,0.0842293906810036,279,-3.26562063173604,1
PZB01471.3,10,145850362,0.0456506533498497,0.396057347670251,279,2.62933979802621,1
PZB01471.1,10,145850422,0.0694928136220249,0.311827956989247,279,2.52666042760396,1
PZA00062.4,10,146999711,0.479578499506905,0.100358422939068,279,-1.66701481229706,1
PZA00678.1,10,147762925,0.319569990718141,0.347670250896057,279,1.34768865682209,1
PZA00678.2,10,147762964,0.573498867355889,0.245519713261649,279,-0.947903582133992,1
PZA00179.9,10,147819958,0.186371823224116,0.120071684587814,279,2.50359497155201,1
PZA02833.6,10,148332885,0.49057224899883,0.444444444444444,279,0.924587704276177,1
PHM1506.23,10,148488692,0.351624516676172,0.349462365591398,279,-1.30290921885731,1
PZA03402.1,10,148816538,0.455339178830764,0.03584229390681,279,-2.31191669689695,1
PZA03429.1,10,148907116,0.831912422647065,0.0770609318996416,279,-0.66572831599521,1
