SNP,Chromosome,Position,DF,t Value,std Error,effect
PZB00859.1,1,157104,274,1.58447264579183,1.415733832293,1
PZA01271.1,1,1947984,274,1.86184831034815,1.27628205160283,1
PZA03613.2,1,2914066,274,-1.02387980315095,1.38277436639013,1
PZA03613.1,1,2914171,274,-0.1692622336454,1.5240025407016,1
PZA03614.2,1,2915078,274,1.33602786419481,1.38656460845772,1
PZA03614.1,1,2915242,274,1.33141074830436,1.3991763921147,1
PZA00258.3,1,2973508,274,-0.700012173036969,1.49726501134661,1
PZA02962.13,1,3205252,274,0.976538929500761,1.92093990668726,1
PZA02962.14,1,3205262,274,0.542791782742065,2.31111702484049,1
PZA00599.25,1,3206090,274,-0.530877930595129,1.96173960500105,1
PZA02129.1,1,3706018,274,-0.0276670339394925,1.23006882621255,1
PZA00393.1,1,4175293,274,0.762032087446439,1.54832392370729,1
PZA02869.8,1,4429897,274,-0.362424551226279,1.62611348265382,1
PZA02869.4,1,4429927,274,-0.894182984885425,1.56975441656237,1
PZA02869.2,1,4430055,274,0.361528528681828,1.58483515030904,1
PZA02032.1,1,4490461,274,1.66365364644046,1.93704630351715,1
zagl1.5,1,4835434,NA,NA,NA,1
zagl1.2,1,4835558,274,-0.434521241010182,3.38205996867545,1
zagl1.6,1,4835658,274,0.938867713389692,5.10629334566058,1
PZD00081.2,1,4836542,274,-0.984276108356927,4.75302027013136,1
zagl1.1,1,4912526,NA,NA,NA,1
PZB00919.1,1,5353319,274,0.941977595023077,1.48850640248069,1
PZB00919.2,1,5353655,274,1.37059724008997,3.21033724993478,1
PHM2244.142,1,5562502,274,0.519770908762003,2.03958217252728,1
PZA03093.10,1,8075572,274,0.240959571352779,1.21225645688748,1
PZA00181.5,1,8366368,274,0.184045641948041,1.99648812523418,1
PZA00181.2,1,8366411,274,1.39244856976635,1.44679537383319,1
PZA00528.1,1,8367944,274,-0.0808391039762842,1.62974372648724,1
PZA00175.2,1,8510027,274,-2.00235355715101,1.28042714717062,1
PZA00447.6,1,9023947,274,1.2608433856604,1.34681525450323,1
PZA00447.8,1,9024005,274,-2.39339106232707,1.34811021219526,1
PZB01915.1,1,9029842,274,-0.798824689909013,1.51482413835566,1
PZA03128.1,1,9084948,274,0.674944950690389,1.37273682594482,1
PZA03128.3,1,9084979,274,0.760693520716792,1.63475624005017,1
PZA02284.1,1,9273299,274,-1.04293703956405,1.30823426560417,1
PZA00731.6,1,9300391,274,0.848668183954637,1.51343029274771,1
PZA00731.7,1,9300541,274,-0.614056116519512,1.37870861147872,1
PZA03518.1,1,10065344,274,0.66447386478236,2.69661841062158,1
PZA03519.2,1,10065856,274,0.121064372073349,1.4576609931472,1
PZA03519.1,1,10066126,274,-0.0424110992199113,1.46276490392568,1
PZA03520.1,1,10067544,274,-0.243465571471014,1.49272401800923,1
PZA03520.2,1,10067604,274,-0.887096420121925,2.09755342411559,1
PZA03520.3,1,10067746,274,0.377730061168659,3.23285733175533,1
PZA03520.4,1,10067852,274,-1.13450744820116,2.56883359960271,1
PZA03521.1,1,10068726,274,-0.502129820913644,1.70448832039328,1
PZA00106.9,1,10069039,274,-1.11076645287386,2.0006903456934,1
PZA00106.10,1,10069145,274,-0.224537985579173,1.70816919159366,1
PZA03551.1,1,12208400,274,1.06520280706101,1.28916880770128,1
PZA03551.2,1,12208569,274,-0.510019543277856,1.50304384424915,1
PZA03552.1,1,12209727,274,1.025474516695,1.82056778526493,1
PZA03552.2,1,12209786,274,-1.24021312705949,3.68552358510709,1
PZA03557.1,1,12906197,274,0.462554848710414,1.50578974359458,1
PZA03558.3,1,12907213,274,-0.724643427736559,1.46781085843082,1
PZA03663.1,1,14463283,274,-0.00150860386132717,1.32114542501799,1
PZA03663.2,1,14463522,274,-0.275120977193102,1.55749899864994,1
PZA03662.2,1,14464249,274,-0.808217508825475,2.26420568398573,1
PZA01497.1,1,14578834,274,-2.02712500060479,1.36143120761349,1
PZA01652.1,1,14898863,274,1.80686025148036,1.43148273475014,1
PZA02393.2,1,16530875,274,-1.22136998453659,1.29207695226473,1
PZB00648.4,1,17595070,274,-0.613920861522662,3.06916301484995,1
PZB00648.5,1,17595139,274,0.0862308100623197,1.37809769941789,1
PZB00648.3,1,17595165,274,-0.358672841896998,4.06770522190239,1
PZB00718.1,1,17601375,274,0.771862331307292,1.47353747871131,1
PZB00718.2,1,17601417,274,-1.90555553503246,1.61916426393013,1
PZB00718.6,1,17601517,274,-1.23020111961745,1.55220597477171,1
PZB00718.3,1,17601571,274,0.915989050367806,1.53176262216207,1
PZB00718.5,1,17601655,274,-0.815498601730292,3.45591178534897,1
PZA01030.1,1,17680592,274,1.21539624660196,2.49888937904371,1
PZD00035.4,1,17900705,NA,NA,NA,1
PZA00358.12,1,18908016,274,-0.0492007513017068,1.38877889110062,1
PZA00425.9,1,21457466,274,-0.151364784418641,4.09382155409102,1
PZA00425.11,1,21457474,274,0.421475547341352,1.21808512979304,1
PZA00425.4,1,21457569,274,0.0586838923077468,1.26971593109523,1
PHM13619.5,1,22281738,274,0.48822081152328,1.31597936238516,1
PZA02487.1,1,22601426,274,1.1736825201694,1.45781781785712,1
PHM4531.46,1,22918337,274,0.560928274508419,1.58101663704981,1
PZD00096.1,1,23266657,274,0.55156402814905,1.63685444357867,1
PZD00097.2,1,23266988,274,0.361747559650246,3.42475972707228,1
PZD00097.1,1,23267335,274,0.407906969586516,1.28992631177636,1
PZD00098.2,1,23267835,274,0.217641239464416,2.02928783132164,1
PZD00098.1,1,23267898,274,-1.04432553313979,1.4962629814553,1
PZA02921.4,1,25035053,274,-2.13462392624454,1.39925305833135,1
PZA02921.9,1,25035236,274,-0.10535529048155,1.69328226963639,1
PZB01957.2,1,26283149,274,1.10379862283496,2.14501614487985,1
PZB01957.3,1,26283224,274,-0.319945063240062,1.99567787825141,1
PZB01957.1,1,26283293,274,1.17330704673547,3.21060183723069,1
PZA03004.10,1,26449707,274,-0.740294434853684,1.54640947084576,1
PZA03004.2,1,26449858,274,-2.128280793089,2.85261257366671,1
PZB02515.2,1,28084996,274,1.52788860912416,1.75397505168457,1
PZB02515.3,1,28085057,274,-1.39474979312704,1.4740488791027,1
PZB02515.1,1,28085224,274,1.31196927698579,1.31941508010079,1
PZB02058.2,1,28526476,274,0.195668721952474,1.28112901725098,1
PZB02058.3,1,28526850,274,-0.466690591147106,1.2949871384757,1
PZA00654.12,1,32583282,274,2.04125283750011,2.47058935389224,1
PZA00654.10,1,32583345,274,-0.461953314667005,2.6662648495587,1
PZA02490.1,1,32627736,274,0.265392452354383,1.29697783152172,1
PZA02806.4,1,34326335,274,-0.519555864992782,1.54508373124822,1
PZA01455.1,1,34388212,274,-0.357980953267047,1.59676819746642,1
PZB01662.3,1,34478962,NA,NA,NA,1
PZB01662.2,1,34479054,274,0.803915285825722,2.1257431857852,1
PZB01662.1,1,34479214,274,-0.240387348921822,1.44869129502117,1
PZA02686.1,1,34724095,274,0.894384801092105,2.27519446988838,1
PZA00017.1,1,35620725,274,0.513152889867349,1.42918682715414,1
PZA00017.4,1,35620809,274,-0.340678253341774,1.69192365650925,1
PZA00192.7,1,35621803,274,-0.306782421090189,1.64645264926074,1
PZA00192.6,1,35621919,274,-0.459509731557251,1.66728400098134,1
PZA03345.2,1,36548480,274,0.217416244844704,2.54465483013565,1
PZA03345.1,1,36548526,274,-0.589360031847757,1.31781149425875,1
PZA03345.3,1,36548537,274,-0.527183296897758,2.06518414637089,1
PZA03345.5,1,36548621,274,-0.747503795852677,1.98522000541695,1
PZA02271.1,1,38607726,274,0.365865492127681,2.95796983734046,1
PZB01440.2,1,40506950,NA,NA,NA,1
PZA00240.6,1,41231748,274,1.07527581492394,1.33629327656863,1
PZA00240.4,1,41231931,274,1.15083677002657,1.34150362699837,1
PHM3726.129,1,41390404,274,1.53744833508575,1.41472379185447,1
PZA00274.7,1,41505016,274,-1.50976608815702,1.52489851760287,1
PZA00274.14,1,41505211,274,0.772417703779015,1.31808902511146,1
PZA02376.1,1,44506999,274,-2.1743800236356,1.78307529441528,1
PZA03243.7,1,44531771,274,-0.0796983629799869,2.3842398790825,1
PZA03243.3,1,44531888,274,-0.180585591263393,1.47107930356891,1
PZA03243.6,1,44532145,274,-1.36353881086284,3.48002034395016,1
PZA03243.4,1,44532279,274,0.0837014719306814,1.54580102248432,1
PZA03243.2,1,44532330,274,0.195753288928667,1.68856140801344,1
PZA03742.2,1,44535266,274,-0.185267503743338,1.65574215993304,1
PZA03742.1,1,44535423,274,-0.301270605388233,1.67414216668988,1
PZB00033.1,1,44691505,274,-0.589086851959723,2.41111411001877,1
PZB02517.1,1,45278871,274,-0.334590938321616,1.43056521297277,1
PZA00081.17,1,45675053,274,0.142033759548577,5.17413996184519,1
PZA00081.18,1,45675182,274,-0.952482475585612,2.23206859380663,1
PZA03183.3,1,46064887,274,-2.29743624888768,1.36967635480677,1
PZA03183.4,1,46064981,274,-0.281658399018624,1.55315466323853,1
PZA03183.2,1,46065083,274,-0.614600403118549,1.70146503019368,1
PZA03183.5,1,46065084,274,0.323654850162383,2.04800335672019,1
PZB00872.1,1,46255037,274,-0.565463562497063,1.64329054005452,1
PZB00872.3,1,46255059,274,0.862056835594629,2.16267392445473,1
PZD00010.3,1,46810807,274,1.75677522960114,1.89284648818548,1
ts2.3,1,46810810,274,-1.24718137160581,3.36029935436821,1
ts2.4,1,46810918,274,-1.06457125626973,1.43256816179848,1
PZA03100.4,1,47280990,274,0.674125934600251,1.52132388505824,1
PZA03673.2,1,49531663,274,0.132106754048201,1.58240413671755,1
PZA03673.1,1,49531723,274,0.135875094510154,1.47508769492981,1
PZA03672.1,1,49533656,274,-0.0963983067785893,1.75058971931964,1
PZB02095.3,1,50136980,274,-0.39916481500244,2.88424211237746,1
PZB02095.2,1,50137048,274,-0.132439619546213,3.68545125225066,1
PHM4913.18,1,50197162,274,1.32351882142367,1.36049678582684,1
PZA00468.7,1,50197644,274,-0.790902873786944,4.62066882910662,1
PZA03168.1,1,51514610,274,-0.744550111375162,1.28361876176549,1
PZA03168.5,1,51514741,274,-0.169258879355918,2.39907852601817,1
PZA03168.2,1,51514784,274,1.95424636548707,1.32231004690683,1
PZA00617.16,1,53357515,274,1.52609902283338,1.55897590937987,1
PZA00617.5,1,53357638,274,0.422177070695729,1.43494787639973,1
PZA03746.2,1,53430906,NA,NA,NA,1
PZA03746.5,1,53431019,274,1.4492565946114,3.27848956612634,1
PZA03746.1,1,53431113,274,-0.521917737468251,1.33183523898402,1
PZA03746.4,1,53431210,274,1.94000150798536,3.11781008178368,1
PZA02737.1,1,54049220,274,2.26079515226363,1.32563579621048,1
PZA02550.1,1,55173916,274,1.55085503043638,2.28824787279065,1
PZA02114.1,1,56175806,274,-0.0920986128638365,2.98812742331388,1
PZB01062.2,1,56846640,274,-1.07571374757847,1.4928644204591,1
PZB01062.3,1,56846728,274,0.404061412204557,1.30848297975308,1
PZB01062.1,1,56846992,274,-0.648983542652853,1.87961296024793,1
PZB01273.3,1,56885616,NA,NA,NA,1
PZB01273.2,1,56885823,274,-0.102296212485965,1.35402315899616,1
PZB01273.1,1,56885950,NA,NA,NA,1
PZB01273.4,1,56886064,NA,NA,NA,1
PZA00328.1,1,59647300,274,0.441205172314368,1.79615555376434,1
PZA03561.1,1,60212051,274,-0.517071348298347,1.24985157773038,1
PZA03561.4,1,60212209,274,0.709292361135065,3.75820859586898,1
PZA03561.2,1,60212360,274,-0.90310641669372,1.54753456379625,1
PZA00378.9,1,63030387,274,1.74757883112444,1.85862349872043,1
PZA00294.20,1,63913289,274,-1.94136818910376,1.728918029677,1
PZA00294.22,1,63913517,274,-1.11924135592814,1.31029848334695,1
PZA00294.4,1,63913569,274,0.730671498282823,1.51089874389329,1
PZA03189.2,1,64260629,274,0.39936844126391,1.37468026747827,1
PZA03189.3,1,64260661,274,-1.65348552960153,1.75466446456811,1
PZA03189.4,1,64261105,274,-0.408551396477344,1.2887030437935,1
PZA03189.1,1,64261162,274,0.938353504528386,1.37838268095929,1
PZA00263.13,1,65108131,274,1.41808987287944,1.41035548084637,1
PHM5098.25,1,65825628,274,0.907864252462919,1.90195484958926,1
PZA02791.3,1,68322855,274,0.289936330348353,1.4070633209425,1
PZA02791.6,1,68322875,274,0.171449684565587,1.41983474287496,1
PZA00714.1,1,74579886,274,0.574830329722429,1.32468735257767,1
PZA00714.6,1,74580051,274,-0.202878346726438,1.9481144732185,1
PZA01267.3,1,76054042,274,1.33330242477669,1.3152906982025,1
PZA00752.1,1,80803012,274,-0.241395772043008,2.34970382785695,1
PZA01135.1,1,82563962,274,0.329335456235769,1.73966185614182,1
PZA00119.4,1,83595286,274,0.506415827675789,1.57342728191084,1
PZA00119.1,1,83595353,274,-0.487016415733222,1.2905711042984,1
PZA00593.1,1,87910951,NA,NA,NA,1
PZA00593.2,1,87911166,274,1.35194021436932,6.86627916584079,1
PZB01235.1,1,88380734,274,0.568198584600171,1.30398553473435,1
PZB01235.2,1,88380741,274,-0.9145589036097,2.28856359655931,1
PZB01235.3,1,88380847,274,-0.285824820616131,3.37485750236624,1
PZB01235.4,1,88380865,274,-0.491748544175404,1.83722571903214,1
PZA00692.4,1,88863332,NA,NA,NA,1
PZA03240.1,1,90772226,274,-1.29832408585407,1.4641190019584,1
PZA03240.2,1,90772275,274,1.20774646377729,1.42219451672098,1
PZA03240.4,1,90772459,274,0.385861135966844,2.22135238591143,1
PZA03240.5,1,90772644,274,-0.887864712159493,2.83093620680247,1
PZA03465.1,1,91279352,274,0.258259972156176,2.35713170116759,1
PZA03407.2,1,91391968,274,-1.62346864120374,1.40186827792226,1
PZA03407.5,1,91392329,274,0.825951701499731,2.71560196618922,1
PZA03407.3,1,91392495,274,-1.38102487494587,1.56689878180572,1
PZA03407.4,1,91392609,274,0.10922125896746,2.7674125076458,1
PZA00944.1,1,91429024,274,-0.247562732383638,1.42791604650564,1
PZA00944.2,1,91429158,274,1.89256354536655,1.96299880852685,1
PZA00705.1,1,95897136,NA,NA,NA,1
PZA00705.5,1,95897171,NA,NA,NA,1
PHM9418.11,1,96545939,274,0.870778293462858,1.47666687927551,1
PZA02763.1,1,101421538,274,-0.612426372318415,1.24553023645927,1
PZA03014.21,1,102663629,274,-0.932900508196468,3.90469794060126,1
PZA03014.10,1,102663772,NA,NA,NA,1
PZA03014.9,1,102663802,274,0.670442029886512,3.29171139196708,1
PZA00301.3,1,104998371,NA,NA,NA,1
PZA00939.1,1,106026234,274,-0.682445630058826,1.29090604017513,1
PZA01254.2,1,106204446,274,1.76633866282143,1.39028677201692,1
PZA02070.1,1,114236990,274,0.254080813091711,2.24957926118706,1
PZA00205.7,1,118507445,274,1.60880711337668,1.58743334954997,1
PZA00010.5,1,119703101,274,1.70396392743193,1.37245627387156,1
PZA03086.6,1,123936196,274,-0.594394479370172,2.6712473574284,1
PZB01067.2,1,123936959,274,-1.21724777332544,1.79815580536122,1
PZB01067.1,1,123937824,274,-0.759236569835016,2.74870351493576,1
PZA03394.1,1,137862451,274,-0.230413362861439,1.70695755066431,1
PZA02577.1,1,148524993,274,-0.664603786384751,1.35838148626125,1
PZA03200.2,1,148694799,274,-1.07935502802849,1.30525945776078,1
PZA03200.3,1,148694900,274,-0.780180282384875,2.17187018691507,1
PZA03200.1,1,148694930,274,-0.353430979870935,1.27469318282127,1
PZA03028.5,1,150749370,274,-0.246302823323994,1.99985112058768,1
PZA02741.1,1,161072169,274,-0.27878915079122,1.34359637364594,1
PZA00098.14,1,161472433,274,1.46165045599316,2.89714235994129,1
PZA00098.12,1,161472477,NA,NA,NA,1
PZA00660.20,1,170342897,274,-0.559247478425576,2.83445708038621,1
PZA02963.4,1,173860693,274,-1.48984809191465,3.69099285325002,1
PZA02963.5,1,173860756,274,-0.450980405143342,2.22025763790405,1
PZB00963.3,1,173861482,274,-0.0984507041297729,6.67005587567885,1
PZB00963.2,1,173861543,274,1.66093864408391,2.75003952378098,1
PZB00963.1,1,173861608,274,0.45619141966715,8.03060158284828,1
PZB00801.1,1,174183331,274,1.80426538784834,1.41063050903797,1
PZA03581.1,1,175157930,274,1.24365681772131,1.29140557160362,1
PZA03581.2,1,175158066,274,0.413882529595303,1.85833338281352,1
PZA03580.2,1,175158899,274,0.482989482698536,1.28390120661575,1
PZA03580.4,1,175158988,274,-0.125424017324858,1.84560212090725,1
PZA03580.5,1,175159119,274,1.19661882047273,5.61379794930626,1
an1.5,1,175504926,274,3.23573712816131,1.47252604991627,1
PZA03540.1,1,177870650,274,1.80208957485605,4.04135773192189,1
PZA00455.4,1,179852076,274,1.82575501177302,1.76906522621966,1
PZA00484.5,1,180171012,274,0.368004741161732,1.62388257117414,1
PZA00484.6,1,180171048,274,0.468732819775639,2.59356674312846,1
PZA02191.1,1,182386577,274,-1.4152523800296,1.66394467661395,1
PZA03112.1,1,182391102,274,-0.218645427246563,1.90685854989485,1
PHM1968.22,1,183647544,274,0.444608203088415,1.52742380036968,1
PZA00068.1,1,183831590,274,-0.920558445859016,1.52724037719261,1
PZA03531.1,1,184088942,274,-0.622069016733115,5.1230112579338,1
PZB00149.1,1,188047564,274,-1.88688401730051,1.44384128244415,1
PZB00149.2,1,188047739,274,-1.19330584787299,1.52393351413616,1
PZA00544.14,1,188047772,NA,NA,NA,1
PZB00454.2,1,188047850,274,-2.2502264866406,1.96030795574558,1
PZB00454.6,1,188048080,274,0.757429915398703,5.7434157730059,1
PZA00650.8,1,189467910,274,1.89071466601197,2.84032315875414,1
PZD00053.5,1,193887303,274,0.43950165593972,1.69661619075817,1
PZD00053.4,1,193887369,274,-0.0141579030283208,1.31187455094251,1
PZA00619.3,1,195425179,274,0.517545240251966,1.99643115628752,1
PZA03427.1,1,195589422,274,-2.2950918514388,1.47310838524358,1
PZA03427.2,1,195589541,274,-2.33777508969617,1.4935405467277,1
PZA02467.10,1,196927608,274,0.958394637711047,1.50552155302044,1
PZA00435.4,1,199755501,274,1.92571751050339,1.3519423765197,1
PZA00435.5,1,199755531,274,-2.06898178179552,1.31138236393206,1
PZA03074.24,1,201295597,274,0.41431681990248,1.68869772734879,1
PZA03074.27,1,201295773,274,0.166864082959721,1.74493527124801,1
PZA03685.1,1,201677505,274,1.62582500922676,2.98860363006049,1
PZA03686.1,1,201677675,274,0.13278241345532,1.63037155379189,1
PZA03686.2,1,201677764,NA,NA,NA,1
PZB00400.1,1,202132005,274,0.778043988629231,1.32127363990509,1
PZB00393.2,1,202135195,274,-0.823763813312423,1.31927039963054,1
PZB01156.3,1,202381257,274,-1.33547543727472,1.73857912179059,1
PZB01077.7,1,202619562,274,-0.0843837184043653,2.01715141742794,1
PZB01077.1,1,202619843,274,1.40793520960098,1.35607977420593,1
PZB01077.3,1,202619995,274,-0.964500732902753,1.53757139684486,1
PZB01077.2,1,202620610,274,1.43907057185455,2.10546611580334,1
PZA01216.1,1,203035464,274,-1.77311519198889,1.34705477785262,1
PZA00131.14,1,203385274,274,-0.431601582272431,1.74049217148236,1
PZA00131.15,1,203385307,274,0.421751604779954,3.82215740820903,1
PZB00991.1,1,203879850,274,-0.736552937394717,1.68087897758028,1
PZA01391.1,1,204199305,274,-0.960510865411811,2.19390525431206,1
PHM5480.17,1,204199508,274,1.1170395120327,1.47090592985269,1
PZB00728.1,1,206168095,274,0.695073633005533,1.33099654129992,1
PZB00728.2,1,206168158,274,-0.0113065038508013,1.48397162711638,1
PZA03218.1,1,206590338,274,0.764498656895804,1.3275536244661,1
PZA03218.2,1,206590497,274,-0.138826739685123,1.9859780995579,1
PZA01019.1,1,208143724,274,0.0359482189766654,1.26583556643041,1
PZA03194.2,1,212244300,274,1.66216978299081,1.33913445622137,1
PZA03194.1,1,212244425,274,0.907841898900677,1.46180699836548,1
PZA03193.3,1,212307127,274,0.131074318657803,2.1207051869435,1
PZA03193.1,1,212307274,274,0.205255567504128,1.27035060053423,1
PZA03193.2,1,212307461,274,-0.785142159993058,4.28796637631497,1
PZA02014.3,1,212557676,274,-1.42043486966326,1.42245748865124,1
PZA03276.2,1,213323483,274,1.18496699978246,1.59808001548672,1
PZA03276.4,1,213323513,274,-0.852944281928732,2.13025831040801,1
PZA03276.3,1,213323599,274,1.0899271744448,1.39310360540541,1
PZA03276.1,1,213323899,274,0.941799685474848,1.29410235002113,1
PZA03265.3,1,214745681,274,1.29956071682208,1.57099755156965,1
PZA03265.4,1,214745789,274,-0.397238310990924,1.88111343765294,1
PZA03265.2,1,214746095,274,0.00715283605725664,1.72139070538726,1
PZA00289.11,1,215472483,274,0.618254750079613,1.65531881249433,1
PHM6043.19,1,216927159,274,0.808090285152871,2.16872481348088,1
PZB02171.1,1,216988578,274,-0.195706407108783,1.37242354444243,1
PZB02171.2,1,216988754,NA,NA,NA,1
PZA03545.1,1,216989434,274,0.365923783083754,4.61874160136443,1
PZA03741.1,1,216989646,274,-0.576790254833347,1.31754896094992,1
PZA00369.11,1,219201415,274,1.24318654277787,3.77773026834501,1
PZA00369.1,1,219201506,274,0.263406414932963,1.69963510528261,1
PZA03632.3,1,219400051,274,-0.998912829055278,1.92217033268871,1
PZA03632.1,1,219400178,274,0.0698992777692478,1.29302105985094,1
PZA03632.2,1,219400314,274,-0.157953488382002,1.74371358308121,1
PZA03631.1,1,219400450,274,0.838813594560474,2.28910111324182,1
PZA03631.2,1,219400526,274,-1.42619484548721,4.54115812886957,1
PZA03630.1,1,219401036,274,0.233466673932911,1.38852605695431,1
PZA03630.2,1,219401367,274,-0.760359833425464,2.18254366816933,1
PZA03443.1,1,222014810,274,-1.33274060993738,1.39032629698527,1
PHM15871.11,1,222427156,274,-0.431073293965792,1.99741971083571,1
PZA02117.1,1,223466480,274,-0.863704856889432,1.32408323453052,1
PZA00403.5,1,223466873,274,1.19875344505638,1.40875170038221,1
PZB01979.2,1,224421551,274,0.794676285156707,1.31115551160643,1
PZB01979.3,1,224421962,274,-0.460792304103488,1.51643302549015,1
PZA00658.21,1,224518409,274,0.885319105189088,1.66590862412871,1
PZA00658.19,1,224518576,274,-0.706075463896792,1.50729327103445,1
PHM2478.22,1,226781494,274,1.35914519027644,1.99886033165263,1
PZA00664.3,1,227542648,274,-1.66805260372167,1.22872512162028,1
umc128.2,1,227602208,274,-0.167673267890429,1.26427290216485,1
PZA03001.18,1,231037244,274,-0.833096664817059,2.43753648864177,1
PZA03001.15,1,231037305,274,0.637572287993739,1.53651712798423,1
PZA03001.9,1,231037458,274,-0.408193798708994,1.54086483694854,1
PZB01647.2,1,231039050,274,-0.0074706224082267,3.65915494690562,1
PZB01647.1,1,231039372,274,0.885258823236972,1.5285007595779,1
PZB00116.3,1,233400962,NA,NA,NA,1
PZB00011.1,1,233401031,274,0.517666714639473,1.35201359291794,1
PZB00116.1,1,233401072,274,1.77677343033348,1.36227425827217,1
PZB00011.6,1,233401162,274,-1.05592221714979,1.96211141681129,1
PZB00116.2,1,233401241,274,0.594371563502286,1.34683727683795,1
PZA00381.3,1,237639087,274,0.278589019720274,1.49443436013699,1
id1.9,1,238901790,274,0.499708260352203,3.40645322988008,1
id1.8,1,238901929,NA,NA,NA,1
id1.6,1,238902012,274,0.388923835564645,1.71403299824111,1
id1.3,1,238902078,274,0.135017810001238,1.6740823674495,1
id1.2,1,238902091,274,0.580939594285232,1.70112451960882,1
PZB02144.4,1,238902135,274,0.0121524823796666,1.67875821855306,1
PZB02144.5,1,238902252,274,-0.509646361321568,1.88730990931527,1
an1.4,1,240498509,274,1.73777082066679,2.34265143711172,1
PZB00148.3,1,240498948,274,-0.998365357420243,1.56659797829323,1
PZB00425.1,1,240499513,274,1.38684378751279,1.7315790140917,1
PZB00237.2,1,240501065,274,0.134158860184525,2.34653148257503,1
PZB00237.1,1,240501138,274,-1.05848042247409,1.68529084046652,1
PZA03301.2,1,240574247,274,1.69083601200717,1.41029113005687,1
PZA03301.5,1,240574310,274,-0.572492461140943,2.0320531134153,1
PZA03301.3,1,240574367,274,-1.15597448073219,1.77531764083759,1
PZA03666.3,1,241424828,274,1.6299871520293,1.28259587331147,1
PZA03665.2,1,241430615,274,-0.349820051970629,1.39655938772206,1
PZA03664.1,1,241432880,274,-0.768188071155993,1.23597273779115,1
PZA03214.3,1,245136244,274,2.86620332213456,1.70183862517323,1
PZA03214.2,1,245136273,274,-0.660280560307935,1.50620077969791,1
PZA03214.1,1,245136387,274,0.975240766060863,1.28289980149744,1
PZA00137.2,1,247821390,274,0.627254681691049,1.37424023962863,1
PZA03064.6,1,248503298,274,0.74178382009672,1.26121709926073,1
PZA03404.1,1,249259485,274,-0.00445838875944458,1.24680978245861,1
PHM16605.19,1,251142538,274,-0.972890231871296,1.70736240949893,1
PZA00411.1,1,251196990,274,0.0624748968804093,3.43121423916209,1
PZA02269.4,1,252721946,274,-0.223827336602854,1.48708007904219,1
PZA02269.3,1,252722026,274,-0.565201466367262,1.36123043097346,1
PZA00318.2,1,255148812,274,-1.24555131260095,1.63234615040009,1
PZA00318.5,1,255148947,274,0.698177902516067,1.78969425558927,1
PZA03387.1,1,255487200,274,-0.162150652590768,1.27929962496538,1
PHM14475.7,1,256245118,274,0.173560250283782,1.19658203322882,1
PZA03434.1,1,257050459,NA,NA,NA,1
PZA01588.1,1,258495441,274,0.701629406041394,1.33425010757232,1
PZA00339.3,1,260297200,274,0.559834324694353,1.31711718723357,1
PZA00094.2,1,260688178,274,0.434692139948361,1.49731592618677,1
PZB02476.1,1,261275414,274,-0.241477455556427,2.00459814356157,1
PZB02476.2,1,261275857,274,1.2248638478307,7.35988246743674,1
PZA01921.19,1,261313982,274,-0.252343110627304,1.4876663223297,1
PZA00709.19,1,261859081,274,-0.725112372409043,1.25068350166378,1
PZA02985.5,1,262339533,274,0.298955769715346,1.38425425754968,1
PZA03457.1,1,262715518,274,1.73855257705054,1.75046294468352,1
PZA00013.8,1,263276112,274,0.0531314071885984,1.38613136211328,1
PZA00013.9,1,263276335,274,0.00574726540083502,1.40712184349109,1
PZA03392.2,1,263337129,274,0.0704122515640248,2.29584528902719,1
PZA03392.1,1,263337243,274,1.54930954766182,1.54898327619962,1
PZA00356.8,1,263637986,274,-0.348815102192005,2.99293380232498,1
tb1.1,1,264847299,NA,NA,NA,1
tb1.3,1,264847349,NA,NA,NA,1
tb1.20,1,264847406,274,-0.326333401768419,2.08094840507223,1
tb1.19,1,264847429,274,-0.262207768730156,1.97594633100658,1
tb1.18,1,264847469,274,-0.165785549748369,1.98944526831117,1
tb1.17,1,264847517,274,-0.0258801983538659,5.94693316233675,1
tb1.15,1,264847721,274,-0.502846027555699,1.22413098107757,1
tb1.14,1,264847950,274,-0.705057587174227,1.95487783821451,1
tb1.13,1,264847982,274,-0.277423088594743,1.81082999033962,1
tb1.12,1,264847985,274,0.458217724013111,2.2803238093305,1
tb1.11,1,264848126,274,0.927558154014153,3.5733770846069,1
tb1.8,1,264848659,274,0.106872557667572,3.87669868564362,1
tb1.5,1,264849536,274,-0.99547632203108,2.96455623036239,1
PZD00083.4,1,264855731,274,1.68931589804374,2.2217256845661,1
PZD00083.3,1,264856041,274,-1.0494508541877,2.10565639579597,1
PZD00083.2,1,264856106,274,1.72561346628715,2.29110729750773,1
d8.1,1,265199563,274,0.195947339627309,1.59702362945005,1
d8.2,1,265199818,274,0.114666093281705,1.95495335237313,1
d8.3,1,265199938,274,-0.526687003295548,2.21688859910741,1
PZB00226.1,1,265201499,274,0.279792089177299,1.85096078879743,1
PZB01725.2,1,266953775,274,-0.0476424631955165,1.43724907878191,1
PZB01725.1,1,266954041,274,-1.35356325204691,1.28221331801598,1
PZB01728.5,1,266955761,274,-0.646693142183078,4.09158792813622,1
PZB01728.6,1,266955990,274,0.684495630105132,1.58637530556775,1
PZB01728.7,1,266956231,274,0.888529203158402,1.52740410905736,1
PZA02812.43,1,267615478,274,-0.0179395911033976,1.43857314215853,1
PZA02812.34,1,267615649,274,-0.5144195418037,1.45243763871512,1
PZA00364.2,1,268082543,274,-0.351168168708713,1.55653696685145,1
PZA00364.5,1,268082607,274,-1.03427891938803,1.69443470038489,1
PZB00083.1,1,268369569,274,0.343646673671605,1.4338888259694,1
PZB00083.3,1,268369718,274,0.397295426368792,1.80520522850116,1
PZB00895.4,1,268369850,274,-0.00209252619262249,2.76868095307872,1
PZB00895.3,1,268369942,274,0.235653398114851,2.09870513714317,1
PZB00895.1,1,268370364,274,0.304868490902093,1.65167805892832,1
PZB00895.2,1,268370415,274,-0.102500074566465,1.36200446699101,1
PZB00008.1,1,268371949,274,0.504147061210827,2.08207000372558,1
PZB00063.1,1,268373103,NA,NA,NA,1
PZB00063.6,1,268373267,274,-0.557076245615574,2.18575900521459,1
PZB00063.2,1,268373269,274,0.64906525484405,1.91567549249162,1
PZB00176.5,1,268373293,274,-0.379299441799397,2.39159408269428,1
PZB00063.3,1,268373339,274,0.843943050683205,1.41441928957833,1
PZB00063.4,1,268373504,274,-1.04197470425366,1.37970600881874,1
PZB00063.5,1,268373562,274,0.493370498159316,1.42477751056518,1
PZA02278.1,1,270002291,274,0.927267262336215,1.90499638528385,1
PZB01427.4,1,270364551,274,-0.761458787708548,1.82619250984565,1
PZB01427.5,1,270364633,274,-0.861297911017195,2.45716033060674,1
PZA02698.3,1,272318990,274,-0.887261350014892,1.8527622312467,1
PZA00698.4,1,273531917,274,1.03964811640859,1.99831300753434,1
PZA02520.1,1,275190900,274,-1.68939174882229,1.6296939670264,1
PZB00068.1,1,275982031,274,-0.931846874952964,1.31482330441621,1
PZB00184.2,1,275983349,NA,NA,NA,1
PZB00184.1,1,275983520,NA,NA,NA,1
PZB00018.4,1,275983631,274,1.98192598701742,1.33931862925997,1
PZB00018.3,1,275983798,274,-0.548202168277981,2.23824419145072,1
PZB00178.2,1,275983912,274,-1.62989905603692,1.41217823682593,1
PZD00039.4,1,276320129,274,-0.621061291275053,1.69219039699574,1
PZD00039.2,1,276320365,274,-0.993119209115889,1.4477225672941,1
PZD00039.3,1,276321097,274,0.220020564654109,1.58797014598883,1
PZA01978.23,1,276645374,274,0.348038006092552,1.34918564411166,1
PZA02204.1,1,278690966,274,0.667640858323942,1.29822125296487,1
PZA00610.15,1,280215046,274,-0.954625237554789,1.91239293489897,1
PZA00610.9,1,280215196,274,-0.671580271242785,1.73132106650871,1
PZA03188.2,1,280719532,274,-1.74031050548057,1.37430514100165,1
PZA03188.1,1,280719719,274,-1.35384884049901,1.34225936953479,1
PZA03188.3,1,280719787,274,-0.847035215931943,1.4752783106159,1
PZA03188.4,1,280719882,274,-3.70805380659581,1.56495011138767,0.591353284703771
PZA02957.4,1,281818425,274,0.600921629711735,1.66760566561093,1
PZA03020.8,1,282044048,274,0.903003471552631,1.4143089456939,1
PZA00245.16,1,284407357,274,-0.0450725685741339,1.42819960672079,1
PZA00245.14,1,284407382,274,-0.686443857923182,3.34462877270317,1
PHM18705.23,1,284564734,274,-0.819801614644919,1.44776199678008,1
PZB01403.2,1,285273545,274,0.062617197552785,2.28521098859639,1
PZB01403.5,1,285273773,274,1.17899956780794,3.50910140454571,1
PZB01403.1,1,285273845,274,2.65999336883762,1.2909182964137,1
PZB01403.3,1,285273907,274,0.903654313161398,2.38532274463717,1
PZB01403.4,1,285274032,274,0.843885482829796,2.70312257799322,1
PZB01400.1,1,285364096,274,0.120313780697907,1.67158621656032,1
PZB01400.5,1,285364179,274,0.057081683770646,1.83618350291237,1
PZB01400.3,1,285364244,274,-0.381629835686088,3.17112802721837,1
PZB01400.4,1,285364382,274,-0.247511081419591,3.22165963346057,1
PZB01400.2,1,285364454,274,-0.0936263069259691,2.9731652381207,1
PZB01394.1,1,285421542,274,0.13531985877204,1.56193567077559,1
PZB01394.4,1,285421736,274,-0.596353310791781,1.47955814158932,1
PZB01394.2,1,285421905,274,-1.39132500852666,1.29485556554152,1
PZA00894.7,1,285891340,274,-0.722085533061372,1.4400855273012,1
PZA03037.8,1,285977254,274,0.25161835600038,1.95505595646969,1
PZA03037.3,1,285977341,274,0.413624316919571,1.97015456969724,1
PZA03037.2,1,285977386,274,1.50955255691498,1.33754798686757,1
PZB00119.1,1,286269951,274,0.267280308707879,1.33882487177473,1
PZB00119.3,1,286270485,274,-1.1548488421962,1.57141457399294,1
PZB02440.1,1,286271514,274,2.17587888489766,1.89440970991591,1
PZB02513.3,1,286271692,274,-0.194955947696589,1.64929117727849,1
PZB02513.1,1,286271849,274,-0.713940208942907,1.54501288011503,1
PZB02513.4,1,286272166,274,-1.19602320799626,2.6005784347522,1
PZA03305.3,1,286642520,274,1.81462199509704,1.49925914474139,1
PZA03305.1,1,286642578,274,-1.09615572297172,1.45058977722324,1
PZA03305.4,1,286642691,274,1.53225377243625,5.62274342589175,1
PZA03305.7,1,286642715,274,0.800757350066481,1.54355838469764,1
PZA03305.5,1,286642725,274,-0.882678493258783,1.52658822818348,1
PZA03305.2,1,286642765,274,-2.37839367512201,1.35570695815141,1
PZA03076.10,1,287175779,274,0.410654052229612,1.49814469992104,1
PZA03111.2,1,287179850,274,-1.8426414936073,1.55744642311398,1
PZA02837.5,1,287641039,274,-0.359800009525751,1.37736906791407,1
PZA02837.6,1,287641051,274,-0.975764535837611,1.32371685933085,1
PZB01226.1,1,288439770,274,-0.139725961336019,4.0046582779312,1
PZB01227.3,1,288441116,274,0.0956962005177418,1.74164726137311,1
PZB01227.1,1,288441342,274,-0.191808161400852,1.35696193569594,1
PZA03556.2,1,290049345,274,0.986134971430028,1.3131389409938,1
PZA03556.3,1,290049468,274,0.0186982113873388,1.25097862043697,1
PZA00520.4,1,290199645,274,0.117237639132229,2.11289018962561,1
PZA02044.1,1,290807362,274,-0.186523323594748,1.62346855201784,1
PZB02502.3,1,291031959,NA,NA,NA,1
PZB02502.5,1,291032046,274,0.0999860359967643,2.18313680694299,1
PZB02502.2,1,291032289,274,1.16524779119534,2.60873414296681,1
PZB02502.1,1,291032576,274,-1.23146217126981,1.24868895643168,1
PZA00385.1,1,291738801,274,0.461134948554413,1.40729195072373,1
PZA00385.3,1,291738809,274,0.765875002687085,1.71158430238417,1
PZD00069.3,1,291833188,274,0.375579340258182,2.00331294835266,1
PZD00069.5,1,291833767,274,1.30793504463806,2.43186921831258,1
PZD00069.4,1,291834351,274,-2.16754802399945,1.57035141731353,1
PZA00307.12,1,291983606,274,-0.288428375634466,3.27455938199138,1
PZA00307.14,1,291983663,274,-0.959072165564442,1.3383759743293,1
PZA00276.18,1,292092865,274,-1.13609659987714,1.61762310355891,1
PZA00991.2,1,292560595,274,0.233492159954022,1.88043061096078,1
PZA00235.6,1,292728854,274,-0.0594722145429567,1.5326312208889,1
PZA00235.8,1,292728923,274,-1.04256603919714,1.86742361871125,1
PZA00623.3,1,293632633,274,0.379133930622126,2.14438975557462,1
PZA00623.2,1,293632755,274,-1.43557546886474,1.31066302087645,1
PZA00623.1,1,293632805,274,-2.13786234763662,1.36296459355905,1
PZA02359.10,1,293907804,274,0.491578241332238,1.30861701158442,1
PHM9807.9,1,294311411,274,1.04184549872085,1.77711128083851,1
PZA01238.2,1,294333956,274,-0.72763511893973,1.38998502408339,1
PZA01068.1,1,294472124,274,0.302720150135451,1.35312143870477,1
PZA00343.26,1,294646173,NA,NA,NA,1
PZA00343.31,1,294646235,274,-0.776652796956194,1.35592893769264,1
PZA00343.11,1,294646407,274,0.445636200385513,1.50217662059209,1
PZA00703.1,1,294674358,274,-0.153425735445093,1.35694402779329,1
PZA03018.9,1,294904680,274,-0.31358713650489,2.44573173156219,1
PHM1275.22,1,294904743,274,2.14269169429302,1.32896302491015,1
PZA03018.16,1,294904764,274,-0.827983065270514,1.43253069725102,1
PZA00243.24,1,295770969,274,-1.72180941757356,1.45994797254316,1
PZA00243.1,1,295771060,274,-1.09561824469187,1.38077897174203,1
PZA00243.25,1,295771335,274,-0.828972785320989,2.01704277449029,1
PZA00856.2,1,295785198,274,0.0870021594454749,1.30205426337489,1
PZA01807.1,1,297315711,274,-0.826836259017432,1.62558719342758,1
PZA00432.4,1,297570924,274,-0.0645169619002842,1.2891927545674,1
PZA00477.5,1,298082468,274,1.40213977957349,1.4429833852463,1
PHM7616.35,1,298082534,274,1.54341464262256,1.50186357673769,1
PZB01937.1,1,298412935,274,-1.70755412992926,1.36284547550215,1
PZA00230.5,1,298412984,274,-1.62794369004657,1.75810777525064,1
PZB01937.2,1,298413091,274,0.3545878773112,2.03560892753482,1
PZB01937.3,1,298413352,274,-0.466225023507881,1.81775784463966,1
PZA00506.2,1,299170077,274,-0.967854995301949,2.83997630538564,1
PZA03310.3,2,736367,NA,NA,NA,1
PZA03310.2,2,736559,274,-1.9567374249285,4.64426058903196,1
PZA00680.1,2,1081781,274,0.0211311497279092,2.3021759171997,1
PZA00680.3,2,1081791,274,0.451230428246347,1.32094172278952,1
PZA00732.5,2,1174310,274,-0.158890245618147,2.09351127669529,1
PZA00732.2,2,1174438,274,0.899930111390165,1.62445240424818,1
PHM5817.15,2,1220908,274,0.143901293228398,1.33163464153039,1
PZA00365.3,2,1221350,274,-0.326585489295962,1.32591075500738,1
PZA00365.2,2,1221385,274,-0.968000469070852,1.34672772953075,1
PZB02366.2,2,2483775,274,1.95356537873311,1.93570598859793,1
PZA02133.10,2,2483787,274,0.523724790007764,1.37254318735562,1
PHM1511.14,2,2483836,274,0.0197894801891916,1.29046943151391,1
PZB02366.1,2,2483916,274,0.470741750265649,2.63396417670539,1
PZB02366.3,2,2483998,274,-1.0245485377996,5.21682344945186,1
PZA00525.16,2,2527199,274,0.55865649897782,1.79475671859632,1
PZA00525.2,2,2527379,274,0.733537768480333,1.28928718271337,1
PZA00525.17,2,2527442,274,0.551084040498853,1.56013871703405,1
PZA02175.1,2,2793372,274,1.30529441709476,1.34247965745493,1
PZA02681.8,2,2795242,274,0.311629862760853,1.45061809412189,1
PZB02145.4,2,3173134,274,0.449186249102083,5.84779729217434,1
PZB02145.2,2,3173329,274,0.324516902732915,1.23730632099025,1
PZB02145.1,2,3173529,274,-0.114967182525429,1.36695146649426,1
PZB01233.6,2,3376157,274,0.352577119785719,2.81286618583852,1
PZA00172.11,2,4177434,274,-0.358522147419535,2.42977582638678,1
PZA00172.12,2,4177515,274,0.183039987684691,1.43548140657688,1
PZA00613.21,2,4180573,274,-0.87658456609032,2.67402284850764,1
PZA00613.20,2,4180603,274,0.334421959743807,2.88101202383433,1
PZA00613.22,2,4180789,274,-0.198708561347491,1.4620271703302,1
PZA00396.9,2,4679573,274,-1.87272842606305,1.45914250627053,1
PZA00396.10,2,4679610,274,-0.955216702970014,1.49181983209941,1
PZB02518.1,2,5058124,274,-1.94111114717144,1.32245589605684,1
PZA00200.8,2,5821096,274,0.409093010907811,1.28742376113151,1
PZA00200.9,2,5821159,274,0.0941480704882903,2.43153253884683,1
PZA02081.1,2,5923120,274,0.113484423459135,2.29733300215879,1
PZA00237.6,2,6041279,274,-0.119549567351454,1.51846156153841,1
PZA00237.2,2,6041506,274,-0.272052285301216,1.7748547047041,1
PZA00628.7,2,6425970,274,-0.761127319894933,1.32523854322686,1
PZA01935.10,2,6470320,274,1.17752394645598,1.52397982588274,1
PZA03747.7,2,7473076,274,1.68271659830957,3.05657810328901,1
PZA03747.4,2,7473327,274,0.79402712463479,1.81145919746554,1
PZA03747.2,2,7473491,274,2.32048061570634,1.45473873701198,1
PZA03747.1,2,7473644,274,0.578060668917534,1.65644981970151,1
PZA03747.5,2,7473868,NA,NA,NA,1
PZA03748.2,2,7480688,274,0.883387197366064,1.60505840716718,1
PZA03748.3,2,7480880,274,2.26611069770787,1.39610778085935,1
PZA03748.4,2,7481006,274,-1.15809250846564,2.96907402711786,1
PZA03748.1,2,7481079,274,-0.414109870183948,1.61461712565779,1
PZA03701.1,2,7481522,274,1.30809725588432,1.3420139573605,1
PZA03700.3,2,7482182,274,0.0231082972990508,2.94272401743972,1
PZA03700.2,2,7482369,274,0.0567563774221821,1.94369179110371,1
PZA03699.1,2,7482709,274,1.89610558435715,1.72699498423591,1
PZB00108.2,2,9400242,274,-1.55867282989661,2.42306783864357,1
PZB00108.4,2,9400477,274,0.228099127880129,1.37886820858206,1
PZB00517.4,2,9400593,274,0.653272532545376,4.39096698523171,1
PZB00517.2,2,9400673,274,-0.134872978850129,1.36677671369107,1
PZB00901.7,2,9400770,274,-0.353064010763465,4.31939515182435,1
PZB00901.4,2,9401003,274,0.623860983075475,1.36439860036225,1
PZB00089.3,2,9401124,274,1.16026771248852,1.72683119028396,1
PZB00901.6,2,9401212,274,-0.328422333350651,1.54299914675184,1
PZB00089.2,2,9401239,274,-0.631137794563295,1.33823484349233,1
PZB00901.3,2,9401316,274,-0.235901609219582,1.40567793525794,1
PZB00901.5,2,9401336,274,0.988752490648312,1.33261425495199,1
PZA02272.3,2,9917183,274,-0.238617759035543,1.37570773958372,1
PZA00620.3,2,10429405,274,0.501864239171315,1.26478894467612,1
PZA00620.2,2,10429605,274,-0.77645550423783,1.3206170259506,1
PZA00176.8,2,10533421,274,-0.751277088941498,1.44119334560472,1
PZA03336.3,2,11193471,274,0.27856288756668,1.47567143883661,1
PZA00259.1,2,11678938,274,0.124023263060736,1.85650795330894,1
PZA00008.1,2,11924901,274,0.160918233545483,1.82759378809434,1
PZB00219.1,2,12543294,274,-0.993257707837758,1.40643748990914,1
PZB00219.3,2,12543497,NA,NA,NA,1
PZB00219.2,2,12543545,274,0.204414037143777,2.89243414402401,1
zfl2.3,2,12544637,274,0.79617190928391,1.2741122643128,1
zfl2.9,2,12544790,274,-0.558360911885199,2.01911996397603,1
PZA03136.4,2,13199808,274,-0.610968490713595,2.2180970020188,1
PZA03210.1,2,13242487,274,-1.54116224884872,2.00622407519245,1
PZA00108.12,2,13779884,274,-1.91972850524657,2.09117819284121,1
PZA00108.4,2,13779970,274,0.927910868891136,1.30173234762341,1
PZA01753.1,2,14751136,274,0.386126233662406,1.89497891555741,1
PZA03559.2,2,15810122,274,0.354873655127818,4.9990279638556,1
PZA03559.1,2,15810363,274,-2.67690494434086,1.27049898904467,1
PZA00459.5,2,17015152,274,-1.85075910743431,1.25915683019504,1
PZA02814.2,2,17268906,274,-0.855586637743249,1.28668383808323,1
PZA03442.1,2,18125201,274,0.700550765689424,1.81213676339082,1
PZA00497.4,2,19837491,274,0.0780651512990983,1.46181361955086,1
PZA00497.1,2,19837545,274,1.09814808832112,1.51300887159894,1
PZA03228.2,2,20042233,274,-0.471881858014585,1.86325000335056,1
PZA03228.3,2,20042386,274,-0.379907861696056,1.37395874695032,1
PZA03228.4,2,20042412,274,1.02561649930858,2.16106863329132,1
PZB00793.1,2,20722170,274,0.777181665837737,1.2696933433212,1
PZB00793.2,2,20722655,274,-0.0669874532841603,1.44449464871974,1
PZB02020.3,2,20954147,274,0.491036570694966,5.12513066742363,1
PZB02020.2,2,20954874,NA,NA,NA,1
PZB02017.1,2,20958246,274,0.863801230089893,1.63000212465999,1
PZB02017.2,2,20958307,274,-0.506948190666561,1.97949996375384,1
PZB02017.5,2,20958456,NA,NA,NA,1
PZB02017.4,2,20958530,274,-0.884051648303165,5.26512041306737,1
PZB02017.3,2,20958616,274,-1.18983667086708,1.96683151962234,1
PZA00349.3,2,21201165,274,0.587624166828091,2.69912679728539,1
PZA03635.1,2,21202350,274,0.785344773366665,1.61453789262455,1
PZA03634.2,2,21203177,274,0.854456197634068,3.2545113551262,1
PZA03634.1,2,21203230,274,1.5890201440611,1.59873451278542,1
PZA03633.1,2,21203782,274,-0.915916460784487,6.30527336950958,1
PZA00590.1,2,21991242,274,0.515412572429064,1.57340554648129,1
PZA01879.1,2,22196255,274,0.745906242793692,1.86764248605384,1
PZA00471.2,2,22429044,274,-1.33326428961382,1.88019565195939,1
PZA00471.1,2,22429119,274,0.928580617165599,2.08847271997215,1
PZA03350.1,2,22805046,274,-0.908135645096222,4.79919516157328,1
PZB02167.2,2,22805327,274,-0.551530931802589,2.8636842041076,1
PZB02167.1,2,22805742,274,0.0621921408892015,2.61097689577151,1
PZB02194.1,2,22808653,274,-0.663567784473783,1.38572525701998,1
PZA00102.8,2,24893433,274,-1.64739724522939,1.90532102456157,1
PZA00102.6,2,24893463,274,1.75060748087221,1.88217409180392,1
PZA01755.1,2,25230561,274,0.273100920233229,1.34833329875838,1
PZA03642.1,2,25924769,274,0.587335712731475,2.00896828694568,1
abph1.20,2,27403404,274,-0.42420531076982,1.55031370915098,1
abph1.19,2,27403428,274,-0.566941124676123,2.79895600170928,1
PZB02035.2,2,27403490,274,-0.10905233042658,1.6260152369036,1
PZB02035.3,2,27403594,274,0.35438512398288,1.48570584540433,1
PZB02035.4,2,27403660,274,-0.0703196301922119,1.55667949060787,1
PZB02035.1,2,27403823,274,-1.11284252542694,1.4128051681412,1
abph1.22,2,27403892,NA,NA,NA,1
abph1.15,2,27403986,274,-0.153844472716121,1.32831097080191,1
abph1.10,2,27404108,274,-0.759461558289602,1.44395006630436,1
abph1.9,2,27404126,274,0.646005436717677,1.4936502609782,1
abph1.5,2,27404261,274,-0.812905770642243,2.34330282467577,1
abph1.3,2,27404343,274,0.170126138511128,1.74763887392695,1
abph1.1,2,27404419,274,-0.42682432608956,1.69281116374186,1
PZA03568.1,2,27790383,274,-0.946148274557256,2.16111348769948,1
PZA03568.2,2,27790401,274,-0.236481651467494,1.7012914480971,1
PZA03568.3,2,27790566,274,1.00546241357498,2.35354927185626,1
PZA03567.1,2,27791160,274,0.714906733097495,1.69151912854376,1
PZA01374.1,2,28316042,274,0.963427955515243,2.88762881158325,1
PZA03121.2,2,29977973,274,-0.48827823195794,1.6130604990742,1
PZA01336.1,2,31394426,274,-0.437664305344955,1.53508279518825,1
PZA03319.1,2,31946302,274,-0.303174902272314,1.308398370432,1
PZB02523.1,2,32949215,274,1.18746089207951,1.93118570365561,1
PZA00061.1,2,33824834,274,0.403103162954779,1.32939456131969,1
PZA02378.7,2,35040818,274,-1.22227630093915,1.35253999840191,1
PZB00257.1,2,35753260,274,-0.37552862757904,2.62744933558824,1
PZA02793.33,2,36943058,274,0.355935994565055,1.64939145807435,1
PZA03328.6,2,37328085,274,-0.859583438308133,1.60595985881583,1
PZA03328.4,2,37328160,274,-0.759118747112843,1.71317683873708,1
PZA03328.2,2,37328339,274,0.2108945286571,1.85230087632653,1
PZA03328.7,2,37328362,274,0.38077487807487,1.99633341488146,1
PZA03328.3,2,37328439,274,-0.313373821665588,1.82181093209949,1
PZA00730.2,2,38352327,274,-1.19730631787245,1.76812384972554,1
PZB01230.2,2,39040619,274,-1.05212505265393,1.25847562825019,1
PZB01230.1,2,39040641,274,-0.291910426054398,1.7977861232853,1
PZB01230.5,2,39040780,274,0.939716819133139,1.71176636590568,1
PZB01231.4,2,39041029,274,-0.29308658934175,1.6169287611119,1
PZB01231.1,2,39041048,274,-0.925185238090515,1.31965035004118,1
PZB01231.2,2,39041117,274,-0.235359056967988,1.51679650826134,1
PZB01231.3,2,39041317,274,0.334850015643907,1.37841497696086,1
PHM10404.8,2,40967991,274,0.283383055151871,1.27803199200459,1
PZA03233.3,2,41493308,NA,NA,NA,1
PZA03233.1,2,41493380,274,-1.00890988901075,1.43748248269271,1
PZB01047.1,2,42722721,274,-0.316765626527032,1.20050312065322,1
PZA00226.6,2,43256857,274,-0.0764746433207232,2.65160643830098,1
PZA00226.7,2,43256960,274,0.113822299497483,1.47127705922652,1
PZB00017.1,2,43923075,274,1.15257535055873,3.31771035971679,1
PZB00183.1,2,43923340,274,1.73552422667578,1.26916474395032,1
PZB00165.4,2,43923359,274,-2.12711393701999,2.0197920361422,1
PZB00183.2,2,43923377,274,1.08750641407145,1.54455047128323,1
PZB00165.2,2,43923473,274,-0.236162576682496,1.29289842921772,1
PZA02808.16,2,44606521,274,-0.116473155189267,1.34057767231953,1
PZA02808.14,2,44606542,274,-0.617263392985417,2.40964164098608,1
PZA02808.12,2,44606596,274,-0.0882551336516133,2.41039245294725,1
PZB01370.1,2,44880958,274,0.53577789352837,1.37959816903194,1
PZB01370.2,2,44881342,274,-0.335716637179746,1.48954178958185,1
PZA02450.1,2,47575949,274,-1.67947752234999,1.38034798931644,1
PZA02774.1,2,49160699,274,0.367148690626687,1.69591584577628,1
PZA02168.1,2,51780601,274,-0.233554726799845,1.5574456339732,1
PZA03629.1,2,51784790,274,-0.579697687351,1.40696993061354,1
PZA03629.2,2,51785014,274,-0.609349571541081,1.16084813914463,1
PZA03628.1,2,51785080,NA,NA,NA,1
PZA03627.1,2,51785517,274,0.652550186408432,1.43839538948685,1
PZA03627.3,2,51785620,274,0.45993606413918,1.65777950854637,1
PZB02209.1,2,56773455,274,-0.555789170436171,1.55613641529271,1
PZB02209.2,2,56773640,274,0.984982204658345,1.9038928798226,1
PZB02209.3,2,56773916,274,-0.570747841000236,4.20455775338003,1
PZA00394.15,2,56930205,274,-0.362187241611587,1.86464554644971,1
PZA00394.11,2,56930271,274,-0.83153218083358,1.64952138383701,1
PZA03756.1,2,58354634,274,0.634592118277615,1.30871872638225,1
PZA03756.2,2,58354695,274,1.46861521470972,1.31079705666114,1
PZB01325.1,2,58472853,274,0.458551222819922,2.01518945430806,1
PZA00635.7,2,59600768,274,0.356025906632722,1.33021497603121,1
PZA00635.4,2,59600797,274,-1.1720678624551,1.36340724062111,1
PZA00635.1,2,59600932,274,0.904413264105621,1.37524266644966,1
PHM10321.11,2,62802971,274,0.174068042299159,1.3030079703065,1
PHM3457.6,2,62804122,274,0.94663148856686,1.31326340210499,1
PZA02881.9,2,62804286,274,-0.656668786946952,1.3388603048796,1
PZA00280.14,2,62870552,274,1.27872219524723,4.75379234392346,1
PZA00442.4,2,63547171,274,-0.784609331090626,1.34867353925592,1
PZA00442.3,2,63547199,274,-0.207552679355456,1.34599998016093,1
PZA03410.1,2,68655603,274,-0.707039901385767,1.85423415258302,1
PZA00170.1,2,69623218,274,-2.14401444640763,1.52599736688564,1
PZA03358.4,2,74221735,274,0.491520343412821,2.39696003816867,1
PZA03358.2,2,74221816,274,-0.000408763373785737,3.04401705739873,1
PZA03358.1,2,74221900,274,0.474457075290868,2.42909629832009,1
PZA03358.3,2,74221960,274,-0.399725148073635,2.35820896740688,1
PZA02946.8,2,83201598,274,-0.790650402587422,1.39791005820792,1
PZA01902.1,2,89520665,274,0.72250733266929,3.24913493308824,1
PZA02549.3,2,103493947,274,0.28548800978303,1.94013625538589,1
PZB00607.1,2,104938493,274,-0.984787494248884,1.4898608291507,1
PZA00291.7,2,107146789,274,-0.918362102057478,1.54408721300184,1
PZB02521.1,2,118120373,274,-0.220140045445824,1.42023086193222,1
PZA00485.2,2,121241431,274,0.115701922735742,1.415506779279,1
PHM3626.3,2,125642617,274,-0.0815923268001435,1.25435394047459,1
PZA02966.10,2,128180134,274,-1.19187257845169,2.4056500638481,1
PZA02966.11,2,128180206,274,0.44625074487385,1.37022551713136,1
PZA03278.1,2,128573571,274,-1.01732067702349,1.28446859088636,1
PZA03278.2,2,128574019,274,0.212367792207922,1.36559501956867,1
PZA02831.2,2,131092176,274,1.22037679929883,1.49681766114104,1
PZA02831.5,2,131092323,274,0.345645047702141,2.27910328352876,1
PZA02831.6,2,131092420,274,-0.721610246782665,1.7453862532361,1
PZB01969.3,2,136267079,274,-0.352100346343917,2.08373140667525,1
PZB01969.1,2,136267342,274,0.666334361000734,5.79289462648675,1
PZB01969.4,2,136267476,274,-0.674518000462767,5.59503056252905,1
PZB01969.2,2,136267644,274,1.13619577926113,2.30539607199399,1
PZB01487.1,2,139752027,274,-0.906688854864189,1.39509138615098,1
PZB01487.2,2,139752077,274,-0.378030068812833,2.03819184395611,1
PZB02511.1,2,140014895,274,1.50917808487832,1.30931922346728,1
PZA00140.7,2,140264825,274,-0.677732742077226,2.36434458652699,1
PZA00140.6,2,140264872,274,0.451811618140719,2.34909074663428,1
PZA00277.13,2,141942735,274,2.49060052442333,1.55325939010971,1
PZA00277.9,2,141942814,274,3.05036823953202,1.66499853369211,1
PZA02626.1,2,144527921,274,-0.684614904571508,2.14594894754422,1
PZA00029.12,2,144528504,274,1.19708781992698,1.84351974293294,1
PZA00029.11,2,144528591,274,-0.571350735356441,3.01421786987305,1
PZB01285.2,2,145724799,274,-0.144053831234938,4.22667790094663,1
PZB01285.1,2,145725068,274,1.29556557098564,5.04315750349239,1
PZA03211.5,2,148837537,274,-1.00991512337499,1.65717344690844,1
PZA03211.3,2,148837564,274,-0.159514777344908,1.34589335519404,1
PZA01280.2,2,149428645,274,-0.200476081750402,1.24574777632496,1
PZA01537.2,2,150984061,274,-0.537484049004681,1.26014619094341,1
PZA02939.6,2,157152608,274,-0.669930886747762,4.62063134048161,1
PZA02939.5,2,157152675,274,0.743168779391004,1.77880792265439,1
PZA00133.1,2,157316199,274,0.362395843009984,2.51158656675841,1
PZA00133.3,2,157316321,274,1.64445367566314,1.7797480652135,1
PZA03539.1,2,157316550,274,-1.87255058740414,1.71369297041318,1
PZA03390.1,2,158767674,274,-0.339731407673515,2.65145867434549,1
PZA03083.7,2,159619959,274,0.44225793629747,3.90331737197852,1
PZB02119.1,2,160112653,274,-0.497990372817484,4.12881879203399,1
PZB02235.2,2,160125437,274,0.884465028966247,5.37925804277125,1
PZB02235.5,2,160125620,274,-0.538367444462509,1.89414306409922,1
PZB02235.3,2,160125895,274,-0.510816153995208,2.39542684030734,1
PZB02235.4,2,160126422,NA,NA,NA,1
PZA00367.2,2,161879250,274,-0.594734689292732,1.69433201273703,1
PZA00367.6,2,161879515,274,2.25204605207168,2.49335468255396,1
PZA00478.7,2,162823104,274,0.317994591340213,3.82396188779456,1
PZA01321.1,2,164561951,274,0.466261880921722,1.46609037066395,1
PZA03692.1,2,166659759,274,0.36985141848846,1.40372068816413,1
PZA03688.3,2,166660386,274,0.47776895017098,1.36249771724285,1
PZA03688.2,2,166660485,NA,NA,NA,1
PZA03690.1,2,166660980,274,-0.483369504336009,1.39566824031078,1
PZA03690.2,2,166661063,274,-0.360261688794112,1.39486263082138,1
PZA02841.3,2,167759219,274,-0.16202505602241,2.51634932398069,1
PZA02841.5,2,167759231,274,0.73768277744934,1.74922345216697,1
PZA03418.1,2,168377989,274,-0.355062917391164,2.05215499801747,1
PZA03418.2,2,168378080,274,0.233805265724749,2.09753441297124,1
PZA01638.1,2,168860137,274,-1.43803905070429,1.94722853679193,1
PZA00515.10,2,169265278,274,-0.09866277603228,1.37222948921641,1
PZA00637.4,2,169524428,274,1.36959178148577,1.31112594111558,1
PZA03708.1,2,169976110,274,-0.537515698025945,1.37557028615904,1
PZA03708.3,2,169976308,274,0.479676879167918,4.53714322383597,1
PZA03707.2,2,169989245,274,1.36970506611708,3.2199709294116,1
PZA03707.1,2,169989408,274,0.269410252329209,1.3722807925423,1
PZA00495.5,2,170377814,274,-0.0367316361082729,1.39393546355162,1
PZA00495.3,2,170377897,274,-0.346870245854245,1.38041719596187,1
PZA00495.4,2,170377910,274,0.537889664818137,1.40376654881002,1
PZA03644.4,2,170899166,274,0.386861925959927,4.1548386818517,1
PZA03644.2,2,170899280,274,0.44329511298266,1.57192355490308,1
PZA03644.3,2,170899522,274,0.299583660204703,1.47394005151244,1
PZA03644.1,2,170899849,274,0.688152324844979,1.41190634659411,1
PZA03659.2,2,173848055,274,1.37525589844267,1.44876523511412,1
PZA03659.1,2,173848095,274,0.78897098829324,1.55489747522347,1
PZA03659.4,2,173848369,274,0.5026248918062,2.53097157257228,1
PZA03660.1,2,173849191,274,-0.0954841821321185,1.50730469701983,1
PZA03661.3,2,173849260,274,0.0551242988624429,1.35724257340741,1
PZA03661.1,2,173849428,274,0.0436607131464085,1.33203122245348,1
PZA03661.2,2,173849502,NA,NA,NA,1
PZA00224.4,2,176000581,274,1.04151082347512,1.26696979852535,1
PZA00224.3,2,176000714,274,0.687903265221669,1.73595631935618,1
PZA03286.1,2,177293723,274,-0.597026694286753,1.77044737636247,1
PZA03184.1,2,179826404,274,0.0699339820314823,1.38505504576343,1
PZA03184.2,2,179826439,274,0.499068740660445,2.25241947761453,1
PZA03184.3,2,179826461,274,1.18741055056015,1.28211664711498,1
PZA00729.18,2,186070362,274,-0.931901059925051,2.93497334829406,1
PZA00729.9,2,186070536,274,1.06075697256649,4.05624936012984,1
PZA03528.3,2,186510824,274,0.928534335570678,2.86098335777043,1
PZA03528.1,2,186510935,274,-0.323560182646632,1.36482661724898,1
PZA03528.2,2,186511034,274,-0.42014856369303,2.35308358115726,1
PZA03529.3,2,186511923,274,-0.267572991394395,7.34977257329263,1
PZA03529.6,2,186512163,274,0.652518413873802,2.88097093005237,1
PZA03529.1,2,186512251,274,-1.02668934658948,1.29959234794542,1
PZA03529.4,2,186512293,274,-1.20774927285206,1.84008213555666,1
PZA00611.1,2,187149215,274,0.0307047246857362,1.24274751435967,1
PZA02890.5,2,187225116,274,-0.933743278397543,2.66837111225927,1
PZA02890.4,2,187225134,274,-1.57596218565562,1.46778424881419,1
PZA02890.3,2,187225194,274,-1.31365512320806,1.59007917432112,1
PZA00533.4,2,187495335,274,-0.712497178558188,3.195920890696,1
PZA00533.3,2,187495401,274,-0.0259323893088468,2.30051074488129,1
PZD00042.2,2,189293647,274,-0.57632201052274,2.4993915328915,1
PZA00479.9,2,192125202,274,1.71872122543088,1.96348569231207,1
PHM3055.9,2,192602324,274,0.301003915677184,1.32446909801366,1
PZA03384.2,2,193285152,274,0.950830827815441,7.56490238705695,1
PZA03384.1,2,193285270,274,0.27414538970621,2.71519934408659,1
PZA03144.1,2,193321985,274,0.47167508472084,1.24347055543412,1
PZA00824.2,2,193996904,274,-0.763500622486181,1.32340891294974,1
PZA03640.1,2,195212071,274,1.02778416348765,3.03848235966179,1
PZA03641.1,2,195215389,274,0.522573867077955,2.82100633040093,1
PHM3668.12,2,195555350,274,1.84531249454451,1.25151574907858,1
PZA02017.1,2,195834649,274,1.46628097497472,3.58203013834209,1
PHM7953.11,2,195938817,274,-0.239899690867764,1.25882141569586,1
PZA00803.3,2,196001003,274,0.612582504254033,1.36818549296939,1
PZA00340.1,2,196280808,274,0.595261829049322,1.44096052135899,1
PZA02731.1,2,197109533,274,-0.923493016238309,1.41947145365869,1
PZB01267.1,2,198756269,274,1.47222258601334,1.70654117497132,1
PZB01267.2,2,198756501,274,1.14295728681977,1.37676707939867,1
PZB02013.1,2,198757428,274,-1.5729047753159,1.74026098993781,1
PZB02013.2,2,198757542,274,1.71867171677392,1.70647002030457,1
PZB02013.3,2,198757777,274,1.71292418242674,1.699104568706,1
PZB01261.1,2,198780031,274,-1.69798276006239,1.775757437154,1
PZB01261.2,2,198780161,NA,NA,NA,1
PHM16125.47,2,199411414,274,0.744445563977572,1.66637781025118,1
PZB01103.2,2,200020987,274,0.68824595173213,1.30432441741979,1
PZB01103.4,2,200021059,274,0.133686272923423,6.91815078405261,1
PZB01103.1,2,200021207,274,0.782923313429485,1.31073277924693,1
PZA03438.1,2,200624355,274,-0.392401036809699,5.02497936356373,1
PZA00725.4,2,201957482,274,0.0631374586880032,1.31711599463855,1
PZA00725.1,2,201957593,274,0.636494243516349,1.33519632773635,1
PZA03163.4,2,202113207,274,0.113059906509402,1.58112921604627,1
PZA03165.1,2,202113464,274,0.000149821895241049,1.29322935770669,1
PZA03163.2,2,202113539,274,0.791410256072754,1.31250799636126,1
PZA01885.2,2,206881202,274,0.334697215797194,1.59480518499838,1
PZA00390.6,2,206974644,274,-2.21471465613604,2.72998728908621,1
PZA00390.7,2,206974778,274,-0.547687379215615,1.66049811069973,1
PZA00639.12,2,207125619,NA,NA,NA,1
PZA02964.7,2,208276510,274,0.330541914165924,1.37244646764059,1
PZB00772.2,2,208388351,274,1.49032739658214,1.98004357666819,1
PZB00772.7,2,208388467,274,-0.962284760225906,1.47202418564278,1
PZB00772.1,2,208388592,274,1.6128685444,1.35466896149132,1
PZB00772.4,2,208388718,274,0.0210627524282532,1.75150243533053,1
PZA03602.1,2,209504204,274,1.1617929820751,1.25810514088701,1
PZA03602.2,2,209504254,274,1.77311668404069,1.88049367565282,1
PZA03601.3,2,209505940,274,-1.87880129563511,2.12469076041089,1
PZA03601.1,2,209506155,274,0.554986108203376,1.31668932057166,1
PZA03600.1,2,209507219,274,1.37065329352016,1.46448248710515,1
PZA02456.1,2,210924384,274,-0.415056878547722,2.49262267896634,1
PZB01234.5,2,212960231,274,0.685032368669164,1.62852342665416,1
PZA03293.1,2,213615257,274,0.640515682622409,1.26620613179888,1
PZA02680.1,2,213668709,274,-0.881696813154803,2.16498581074069,1
PZA00676.2,2,214263400,274,0.750417278067313,1.93981716725411,1
PZA02989.5,2,214339839,274,-0.041811442662103,1.96224157460872,1
PZA03169.3,2,214423348,274,0.924522013064596,2.49456273353046,1
PZA03169.1,2,214423402,274,0.885368667435795,1.64524590077956,1
PZA03169.2,2,214423504,274,-1.11098976358254,1.39381038273666,1
PZA02418.2,2,214647155,274,0.366463696414613,1.38630064304055,1
PZA00527.6,2,216832881,274,-1.88850242867388,1.392652919423,1
PZA00527.5,2,216832995,274,-0.637060233736464,1.27396647432621,1
PZA00527.10,2,216833071,274,0.286629805106344,1.32498205479725,1
PZA00164.1,2,217788232,274,-0.338999751010472,1.24552966194116,1
PZA02453.1,2,219554914,274,-0.11504129019149,1.40365804767083,1
PZA00163.4,2,220264713,274,0.547938077161633,1.25073575673781,1
PZA01991.3,2,220397345,274,0.664944371849368,1.30284557631498,1
PZB00139.1,2,221891382,274,1.49420260355826,1.42842153224202,1
PZA00487.24,2,222134965,274,-0.0836968512717951,1.39482444506848,1
PZA00487.16,2,222135246,274,1.72777313079934,1.55085150761912,1
PZB01013.3,2,222280629,274,1.02304594560767,1.3150628655329,1
PZB01013.1,2,222280720,274,0.440423585912029,1.97117600731563,1
PZB01013.2,2,222280823,274,-1.49447109920945,1.30163945264936,1
PZB01013.4,2,222280901,274,-1.58191634318641,2.01539237598741,1
PZA01895.1,2,225848026,274,-0.277205455849337,2.147897980201,1
PZA01352.5,2,226450170,274,0.0874288714028134,1.20028747442884,1
PZA02727.1,2,227921381,274,-0.0115765099321161,1.27208586154895,1
PZA00121.1,2,228972770,274,2.07883227398405,1.25327519819342,1
PZA00121.10,2,228972835,274,1.86799270405834,1.63003111122183,1
PZA00672.6,2,228991006,274,1.31743818244172,1.65614192615771,1
PZD00022.5,2,233128511,274,-0.300231633523076,1.34151310975531,1
zap1.2,2,233128584,274,-0.514640195540228,1.33341814401953,1
zap1.3,2,233128701,274,-0.21503116284079,1.45628494287639,1
zap1.5,2,233128987,274,-0.961141556465175,1.66958469435317,1
PZD00022.3,2,233129091,274,0.379786133310573,1.30910766634855,1
zap1.7,2,233129136,274,-0.0956344765306202,1.45443790467271,1
PZD00022.1,2,233129138,274,-0.54345363507693,1.50414279968819,1
PZA03576.4,2,233873436,274,-1.03956011458869,2.29062523576306,1
PZA03576.1,2,233873786,274,-0.610736358189617,1.3463594655906,1
PZA03576.3,2,233874044,274,-1.59502822345952,2.96488212778059,1
PZA03577.2,2,233876178,274,2.22176042826034,2.01446567297768,1
PZA03577.1,2,233876337,274,0.462376150623727,1.5512038378111,1
PZA03321.1,2,234574846,274,-0.471036019988312,1.27291535495325,1
PZA03321.4,2,234574991,274,0.729526209542676,2.30498075402825,1
PZA00309.1,3,1240310,274,-0.628765599202094,1.51893374214321,1
PZA00134.12,3,1682341,274,0.0205651871147359,1.96841132113051,1
PZA00615.6,3,1882706,274,1.52570639630456,2.1703559371944,1
PZA00615.3,3,1882847,274,0.450990402446052,1.95638687878752,1
PZA02090.1,3,4138512,274,-1.30166043357711,1.3017254969062,1
PZD00038.3,3,4824552,274,-0.630447215431056,1.34616867363164,1
PZD00038.1,3,4824779,274,1.01854038866667,1.62014980305566,1
PZA02678.1,3,5232441,274,0.71771752194942,1.42710109143418,1
PZA00100.9,3,5479958,274,-1.10517909662659,1.47373825495707,1
PHM12859.7,3,5479991,274,1.4666958875576,1.38587123421625,1
PZA00100.2,3,5480402,274,1.31148437623214,1.35172125113657,1
PZA00458.6,3,5480980,274,-1.03719197558502,1.61608747732923,1
PZA00458.1,3,5481011,274,1.71154620110684,1.38852309093532,1
PZA03527.3,3,5748224,274,-2.36731763084721,1.84486681247239,1
PZA03527.2,3,5748362,274,0.0767412433753759,1.46260912656323,1
PZA03527.1,3,5748473,274,-0.60535870579174,1.2820944593451,1
PZA03212.3,3,6547051,274,-1.06679002133567,2.22044264112806,1
PZA00749.1,3,6733476,274,0.915417963202267,1.45658072950214,1
PZB01947.1,3,7410038,274,0.662209794376487,1.57428646268717,1
PZA03525.1,3,7428361,274,0.423269327614235,2.37425685434074,1
PZB01940.1,3,7429527,274,0.816717254634382,1.44711515303402,1
PZA03283.2,3,7602160,274,0.35121257528059,1.43189875501112,1
PZA03283.1,3,7602186,274,-0.462488816183806,1.38897007067205,1
PZA00537.4,3,8341160,274,-0.776781909404555,2.75252240620505,1
PZB00470.5,3,9124190,NA,NA,NA,1
PZB00064.1,3,9124976,274,1.3161194881988,1.68212888096432,1
PZB00112.2,3,9125023,274,0.153760840931211,2.95719204116523,1
PZB00112.1,3,9125043,274,-0.709527793491354,4.10330585068755,1
PZA01765.1,3,9598936,274,-1.73954955187645,1.48214159257586,1
PZA03009.5,3,11414308,274,-1.11874770156384,1.5626168688484,1
PZA03009.6,3,11414383,274,-0.605796806478044,1.82731080477938,1
PZA03009.7,3,11414423,274,0.649176582488874,1.34922783669409,1
PZA00508.2,3,11895612,274,-0.216963861948209,1.25097076651639,1
PZA03145.1,3,12965736,274,1.46316057631325,1.24826765373719,1
PZA02855.14,3,17184071,274,-0.990483696062284,1.60434307887443,1
PZA02855.17,3,17184120,274,0.118570332368272,1.35026168339502,1
PZA02855.22,3,17184237,274,-0.0311476646786995,1.50830939800567,1
PZA03309.1,3,18361979,274,0.661497690608789,1.93146190940931,1
PZA00480.10,3,22952214,NA,NA,NA,1
PZA03185.1,3,23329881,274,0.452566062237921,1.28331402714616,1
PZA02427.1,3,23999118,274,-0.669265661581124,1.37405958479734,1
PZA00645.1,3,27040373,274,1.01374950462318,1.94624865560686,1
PZB01964.4,3,27198692,274,-0.206388427951968,2.35450622197268,1
PZB01964.3,3,27198816,274,1.53883666606773,1.74217978291937,1
PZB01964.6,3,27199028,NA,NA,NA,1
PZB01964.5,3,27199404,274,-1.00616116847923,1.78446216928318,1
PZB01964.1,3,27199765,274,-0.0791718998151029,1.39201230002527,1
PZB01720.1,3,27204262,NA,NA,NA,1
PHM2343.25,3,27981649,274,0.12254948700498,1.30820518246737,1
PZA00210.9,3,29693390,274,0.589739643208999,1.62485466291443,1
PZA00210.6,3,29693448,274,-1.6279465175469,4.09495077418425,1
PZA00210.1,3,29693561,274,0.159634009271169,1.27672293980491,1
PZA03054.10,3,31695391,274,0.579751567081819,1.83655168507202,1
PZA03054.5,3,31695534,274,-0.849638958012098,2.02270697189822,1
PZA03054.3,3,31695569,274,-0.224365281468298,1.48364242581218,1
PZA01473.1,3,32080895,274,-0.107612448488119,2.50997642871932,1
PZA00348.10,3,32449451,274,-0.591970128827154,2.80304314558894,1
PZA00348.11,3,32449584,274,1.44635426753679,1.3249324342665,1
zb21.1,3,37536931,274,-2.22003236636049,1.5888316171201,1
PZA00380.5,3,39489976,274,1.14773377757699,1.6644417100218,1
PZA00380.7,3,39490060,274,0.368432669146165,1.41002357365216,1
PZA00297.2,3,39992968,274,0.272964456111573,1.51389011676558,1
PZA00297.3,3,39992991,274,0.948443254004665,1.49954066395591,1
PZA01114.2,3,40198671,274,-0.559608956765447,1.57872129681564,1
PZA03070.9,3,43868043,274,-1.59916436979679,1.43564566325153,1
PZA03070.7,3,43868067,274,-1.71077675965054,1.44507527220128,1
PZA03070.6,3,43868070,274,-1.84320076029918,1.44182713033482,1
PZA03070.5,3,43868105,274,1.14803561929235,1.48826575110839,1
PHM15899.9,3,43868122,274,0.594769407814763,2.44234599696509,1
PZA03269.1,3,51967230,274,-1.00462903079183,1.87807441116942,1
PHM15474.5,3,53548967,274,1.63577477454396,1.39683864131357,1
PZA01447.1,3,53549251,274,1.04886274700037,1.38641030796774,1
PZA03119.1,3,54127608,274,-0.362451581156718,1.29676659552209,1
PZA03119.3,3,54127888,274,-0.710228291590585,1.53459234293156,1
PZA00265.6,3,55946581,274,-2.8485814562699,1.33930083078781,1
PZA00265.4,3,55946639,274,-2.07127694546723,1.5716299919382,1
PZA00627.1,3,56747948,274,-1.98592696026653,1.299942852621,1
PHM2324.23,3,57966892,274,-1.81172104188282,2.06625963942623,1
PZA03242.1,3,58616503,274,-0.148319343859483,1.30404123731078,1
PZA02699.1,3,63847564,274,1.34036634503239,1.3654613165737,1
PZA00414.27,3,64730607,274,0.312393217759744,1.42924108395893,1
PZA02134.3,3,66922282,274,1.48110097684482,1.76028116243369,1
PZA00608.1,3,67283995,274,0.834119932827006,1.38181350903779,1
PHM5502.31,3,67284067,274,1.32361039502795,1.36396299809831,1
PZA00608.5,3,67284085,NA,NA,NA,1
PZA00621.2,3,69079684,274,-0.0577308454184608,1.78651217363695,1
PZA03366.2,3,69892464,274,0.792529486158631,4.9013360276871,1
PZA03366.1,3,69892547,274,-0.0837059030103594,3.4838564638943,1
PZA00565.3,3,73140552,NA,NA,NA,1
PZA00109.3,3,82173052,274,0.33925474855792,1.32716275746275,1
PZA00232.24,3,95541392,NA,NA,NA,1
PZA02742.1,3,97441783,274,-2.49873909066494,1.31483920488264,1
PZA02645.2,3,101980017,274,-0.871157266944244,1.42342725596374,1
PZB02484.1,3,108233038,274,0.223146377776231,1.31727517493106,1
PZB02484.2,3,108233139,274,-1.45359788690551,4.59564132578142,1
PZA03761.3,3,110715343,274,2.19309122957664,1.71751049888981,1
PZA03761.1,3,110715403,274,0.163658227732754,3.6107462166284,1
PZA03761.2,3,110715467,274,-0.171606238187767,5.8512831935062,1
PZA03761.4,3,110715630,NA,NA,NA,1
PZA00707.7,3,110715760,274,0.92522213279008,3.28674445613675,1
PZA00707.9,3,110715956,274,-1.50802222436812,1.41470812408904,1
PZA03760.3,3,110719350,274,0.588305636415778,6.90461262722396,1
PZA03760.2,3,110719489,274,1.37043788690953,1.59601441151724,1
PZA03760.1,3,110719558,274,-0.197788631005792,2.23484300091207,1
PZA03302.1,3,115392917,274,-0.503787657726517,1.30597737125792,1
PZA03302.2,3,115393003,274,0.981361062727235,2.82184311044773,1
PZA03302.3,3,115393037,274,-0.732102120425503,1.33999990492356,1
PZA02619.1,3,120046370,274,-0.617821164946871,1.82020191943017,1
PZB00037.1,3,120915609,274,0.0769916733428287,1.53727661135784,1
PZB00037.2,3,120915670,274,-1.08868947902993,2.30802576306562,1
PZB00037.3,3,120915712,274,0.16100708095635,1.54800168911577,1
PZB00451.1,3,120915995,274,-0.179856997054955,1.55102088909167,1
PZB00035.1,3,120916059,274,1.13268883330682,1.57998308621068,1
PZB00451.2,3,120916079,274,0.0369631762244145,4.43479165014076,1
PZA03729.1,3,122631251,274,-0.587201965462026,1.32231499266299,1
PZA03730.1,3,122632051,274,-1.1132114772496,1.49593422277284,1
PZA03730.2,3,122632201,274,1.27035182261185,2.18858970378501,1
PZA03730.3,3,122632318,274,0.422613159304502,2.65440886049453,1
PZA03731.1,3,122634784,274,-1.72344381922905,4.81567370855005,1
PZA03731.2,3,122634846,274,0.480375828324914,4.27879629802035,1
PZA03198.3,3,123785075,274,0.858557506777241,1.71136787493967,1
PHM15449.10,3,125077922,274,0.670186478044361,1.33528867072431,1
PZA00413.2,3,125192322,274,0.35530995762036,1.2917865670488,1
PZA00413.18,3,125192339,274,-0.582913844915771,1.39059486068485,1
PZA00413.17,3,125192483,274,-0.322649091126469,2.73761269203628,1
PZA00295.7,3,126261692,274,-1.21591341522727,2.9284720828355,1
PZA00363.6,3,132192142,NA,NA,NA,1
PZA00363.5,3,132192205,NA,NA,NA,1
PZD00016.4,3,133480594,274,1.0041715123033,1.72603890940518,1
PZD00015.5,3,133481473,274,0.942524154023517,1.60106573975812,1
PZD00014.4,3,133482561,274,-2.81821922717669,1.55586319111377,1
PZB02002.1,3,133483395,274,1.20449532171381,1.78997460319141,1
PZA02888.3,3,134850306,274,-0.473658417452704,1.8177189893635,1
PZA03264.1,3,136356797,274,-1.75346417919117,2.07450829641997,1
PZA03122.1,3,136357534,274,-0.707591106549853,1.78327185417336,1
PZA00254.3,3,139668467,274,1.06574280001355,1.50604705289364,1
PZA00719.2,3,140524105,274,-1.06118720323602,1.92354746504879,1
PZA00719.1,3,140524287,NA,NA,NA,1
PZA00114.3,3,142431173,274,1.39419229433213,1.28656291162923,1
PZA00920.1,3,142821031,274,-0.773475498827744,1.29254743430066,1
PHM890.20,3,143853993,274,0.391078327472904,2.20623681593843,1
PZA02906.7,3,144466196,274,-0.393433936857021,1.37050615458963,1
PZB02044.1,3,144466243,274,0.456377019218901,1.75932377778376,1
PZB02044.3,3,144466246,274,-1.06418175100896,1.53226477727049,1
PZB02044.2,3,144466414,274,-0.366188660791924,1.28051658353107,1
PZB02122.1,3,145421006,274,-1.60413930410827,1.45086116121181,1
PZA03541.2,3,148153258,274,0.497546619267685,1.36050784207324,1
PZA03541.3,3,148153805,274,-0.393037932195302,1.3505870720663,1
PZA03541.4,3,148154058,274,-0.786283121372182,2.19736553028264,1
PZB01183.1,3,148380841,274,-0.75444465591662,4.33862271379047,1
PZB00228.6,3,150829954,274,1.08285731566209,1.3616644973659,1
PZB00228.4,3,150830416,274,-2.28110555557757,1.63646640327097,1
PZB00228.5,3,150830673,274,-0.113121814769099,2.61609226236486,1
PZB00228.2,3,150830782,274,-0.258188005978862,1.40430642380668,1
PZB00274.4,3,150837246,274,2.4159332644939,1.85388673118386,1
PZB00274.5,3,150837488,274,0.823559492955536,1.44011392033942,1
PZA00827.1,3,155566732,274,-0.026289221145971,1.39243826074274,1
PZA03658.1,3,155576390,274,0.252052352743175,1.31233293155581,1
PZA00507.11,3,155818939,274,-1.18046281666326,1.32485843702838,1
PZB01683.2,3,156252241,274,-1.10886446590902,1.8259608726257,1
PZB01683.3,3,156252478,274,0.728984746834548,1.50028123000731,1
PZA00391.2,3,157104591,274,-1.07725084693657,1.56857825551436,1
PZA00948.1,3,157263770,274,-0.108117299498133,1.64005357145646,1
PZA03019.8,3,157317264,274,0.978113349922059,2.42746478761174,1
PZB01463.7,3,157318219,274,1.01382812775073,4.77985246955811,1
PZB01463.6,3,157318304,274,-1.17402308179186,3.12662374045995,1
PZB02179.1,3,157640380,274,-0.827714192320473,1.42026105104624,1
PZB02179.2,3,157640764,274,-0.918151195269918,1.45405007285041,1
PZB02179.5,3,157640944,274,0.994813532401659,1.36839080033198,1
PZA00828.2,3,157646430,274,-1.10684805300468,2.57658133153459,1
PZA02944.12,3,159253652,274,0.142252905989056,1.57335353635491,1
PZA02944.10,3,159253667,274,-0.354559174033032,1.38335144043436,1
PHM9914.11,3,159996138,274,1.16744183799862,1.27226239027006,1
PZA02923.7,3,160467612,274,-0.168860686131641,3.00718373599372,1
PZA00667.1,3,161516074,274,0.895041927377221,1.33391884639239,1
PZA00667.2,3,161516227,274,-1.27249689677258,1.33748366017769,1
PZD00003.3,3,161572823,274,-1.3485235577209,1.54735153406185,1
PZB01892.1,3,161573186,274,-3.03946533331503,2.80368765212443,1
PZB01856.4,3,162186725,274,-0.0940256082414574,2.48385702180751,1
PZB01856.1,3,162186937,274,-1.04451414072479,1.31400375508725,1
PZB01856.2,3,162187057,274,0.975164660153132,1.87301287010715,1
PZB01856.3,3,162187230,NA,NA,NA,1
PZD00006.1,3,163615279,274,-1.66951901140997,1.58827300229119,1
PZD00008.3,3,163617500,274,2.03273962741088,1.64350041377655,1
te1.4,3,163617645,274,0.175726298098946,1.3398769163836,1
te1.3,3,163617892,274,-0.424285919528602,4.0082737529782,1
te1.1,3,163618301,274,1.31550729573751,1.3343436725737,1
PZD00007.1,3,163618708,274,0.093560518658242,1.35013429340452,1
PZA01396.1,3,164833462,274,0.20949710717175,1.34540645497342,1
PZA00186.2,3,165800369,274,0.490061572077433,1.33058757314893,1
PHM2885.31,3,165901548,274,-0.807805585756944,2.02586852749128,1
PZB01933.1,3,167581102,274,0.828843979370288,1.412543372721,1
PZB01933.2,3,167581373,274,-1.40727782908005,2.05654868123526,1
PHM1959.26,3,168443563,274,-1.29327458530973,1.35564952191651,1
PZA03073.28,3,168443662,274,1.04272556564201,1.82691831379797,1
PZA03073.23,3,168443677,274,1.16480719579142,1.72041960134808,1
PZA03073.24,3,168443701,274,0.407244921476717,1.33122960870331,1
PZA03073.25,3,168443704,274,-1.07900807066409,1.34126877100461,1
PZD00040.2,3,168689468,274,0.929380327738824,3.25656334483692,1
PZD00040.3,3,168689563,274,1.33852641977971,3.59541389033252,1
PZD00027.5,3,169756987,274,-0.385439911699338,6.01422340861025,1
PZD00027.1,3,169757113,274,-1.82731754809584,1.37762337274203,1
PZD00027.2,3,169757331,274,0.134362874026261,1.31235848165003,1
PZD00027.3,3,169757661,274,2.33645459423932,3.0412707855897,1
PZA02402.1,3,169771952,274,1.1886088939844,1.64654876784358,1
PZA03032.17,3,171364486,274,0.397951219705911,1.62371761848996,1
PZA03032.16,3,171364514,274,0.989213030501935,1.25601077597892,1
PZA03032.19,3,171364540,274,0.462981263082917,1.71874451383591,1
PZA00783.1,3,171821889,274,-0.781708404773283,1.68679100638442,1
PZA00166.3,3,171935683,274,0.586185004288333,2.11868851918399,1
PZA00166.1,3,171935933,274,2.07992621325368,1.30807388487393,1
PZA02212.1,3,174550727,274,0.442472561526529,1.25305246672027,1
lg2.1,3,175051278,274,1.72895756162568,1.50076986878329,1
lg2.2,3,175051298,274,1.9124707815657,1.53695185078664,1
PZB01473.3,3,175051721,274,1.12091914937198,2.09901988069337,1
lg2.11,3,175051864,274,-0.55801228959676,7.49037844903618,1
lg2.12,3,175051925,274,-1.02893835588885,1.87010333718061,1
PHM17210.5,3,178229653,274,-2.06861055867605,1.41773540716426,1
PZA01962.12,3,178229838,274,0.760073361277552,1.36526038002554,1
PZB01919.3,3,178234746,NA,NA,NA,1
PZB01919.2,3,178234880,274,0.137984053310049,1.52196443105685,1
PZB01919.1,3,178235128,274,-1.72360667572465,1.35273514567035,1
PZA00701.6,3,179517651,274,-0.574605372602286,3.08416990052133,1
PZA03359.1,3,179903397,274,0.229540903723427,2.72771669464699,1
PZA03359.2,3,179903483,274,0.987795730036315,2.96246602302285,1
PZA03359.3,3,179903740,274,-1.01101260591895,2.77454704224381,1
PZA00482.10,3,180294773,274,-1.62125868532071,1.29249882088305,1
PHM1675.29,3,180341088,274,-0.791147324434222,1.93837287668091,1
PZA00107.18,3,180341137,274,0.0372432387738417,2.40898460342762,1
PZA00107.4,3,180341381,274,0.254990629178121,1.37094320768215,1
PZA03733.2,3,180532130,274,0.480102268844327,1.37734852087432,1
PZA03733.1,3,180532218,274,-0.368307037146506,1.3651185363287,1
PZA03734.2,3,180532745,274,1.35518527683414,4.15083877841941,1
PZA03734.3,3,180532956,274,-1.61205380217109,6.22071930582136,1
PZA03735.2,3,180533322,274,-1.2812166300409,5.84724595753992,1
PZA03735.1,3,180533618,274,0.352366979556964,1.38474283487627,1
ba1.9,3,181362666,274,-1.00116091596182,8.24164807007676,1
ba1.8,3,181362717,274,-0.200568839286244,5.77720415413473,1
ba1.7,3,181362781,274,0.983197310161569,4.43642036640384,1
ba1.6,3,181362952,274,0.693994996595773,9.21888307006766,1
ba1.5,3,181363034,274,-0.569982607221019,6.19840539151028,1
PZA00099.6,3,184718109,274,1.14794538349148,1.6253929773528,1
PZA03191.1,3,185290073,274,0.852598391154766,1.41809531464125,1
PZA03191.2,3,185290132,274,0.498847216685645,1.49162476428506,1
PZA03191.3,3,185290309,274,-0.271322203739757,1.29808272736164,1
zb27.1,3,185290956,274,-0.88448891013922,3.26307658463182,1
PZA03649.1,3,185316030,274,0.86230054091695,2.06386047552365,1
PZA03648.2,3,185317151,274,-1.85714770114226,1.52081672212024,1
PZA03648.3,3,185317395,274,1.67011286426628,2.08151286441589,1
PZA03648.1,3,185317458,274,0.577252323894286,1.55061986805603,1
PZA03647.3,3,185318086,274,2.10277390880849,1.59919049510694,1
PZA03647.1,3,185318330,274,0.807431508089175,1.35982384633674,1
PZA00702.5,3,185760526,274,0.34376676383218,1.55087439931845,1
PZA00586.1,3,185989508,274,0.0955563278757656,1.64787602407935,1
PZB00628.3,3,186186953,274,0.051885967736526,2.51992912584893,1
PZB01052.4,3,186580149,274,0.494339135105946,1.45138396293416,1
PZB01052.3,3,186580208,274,-0.510174227057518,1.45516985190208,1
PZB01052.2,3,186580210,274,0.467625616984049,1.64748037602295,1
PZB01052.1,3,186580250,274,0.532129389420847,1.46088960483283,1
PZA00303.19,3,187604432,274,1.38327447755746,1.44412613034135,1
PZA00303.6,3,187604478,274,-0.342016628051472,1.37356572727754,1
PZA00618.21,3,189138003,274,0.176477728617561,2.58822751832232,1
PZA00236.7,3,189437413,274,-2.48791619148142,1.90608141504749,1
PZA01228.2,3,189861328,274,0.994781581585744,2.10059445307716,1
PZA03743.1,3,191863818,274,-2.04792126917593,1.54327531017455,1
PZA03744.1,3,191864249,274,-1.6093838548747,1.63220046155392,1
PHM13673.53,3,192236275,274,1.81877396943893,1.43757450146084,1
PZB01223.1,3,192865017,274,-1.23818038350581,4.79541032818061,1
PZB01223.3,3,192865132,274,-0.00249398866669553,1.34749137700638,1
PZB01223.2,3,192865246,274,-0.4480124752115,3.17375531658136,1
PZA03255.1,3,193565357,274,1.01007934316722,1.36093433470236,1
PZA03255.3,3,193565631,274,0.00253567132657496,1.53367618880227,1
PZA03255.4,3,193565736,274,-0.023437891541686,1.51703362590483,1
PZB02516.2,3,193566873,274,-1.11928665565144,1.71702516203251,1
PZB02516.3,3,193566974,274,0.691554438650775,3.24245150925865,1
PZB02516.1,3,193567255,274,-1.24098502663755,1.41914778517126,1
PZA02952.10,3,194250329,274,1.20789692809866,2.48507285380682,1
PZA02952.7,3,194250404,274,0.174666043583544,1.75325097047451,1
PZB01109.1,3,194643731,274,2.14725936141556,1.42173475677132,1
PZB01109.2,3,194643852,274,1.93695660711355,1.25916283488831,1
PZA01035.1,3,195407066,274,0.740489684821443,2.06568635078368,1
PZA00308.24,3,196191461,274,1.32689189304745,2.54613171655074,1
PZA00308.23,3,196191494,NA,NA,NA,1
PZA01457.1,3,196870327,274,1.56140689059403,3.41755231624219,1
PZA00201.2,3,197456470,274,-1.25151019423944,3.97120161326943,1
PZA02122.9,3,197797720,274,-1.93570597814791,1.74087167161943,1
PZD00004.3,3,199478329,274,-0.501959666356509,2.88595340174223,1
PZA00892.5,3,199886201,274,0.805900742076642,1.38491241994379,1
PZA03224.3,3,200142461,274,-0.11733094190806,1.35803644057482,1
PZA03224.4,3,200142700,274,-1.19960837543247,1.95501606377657,1
PZA03224.1,3,200142836,NA,NA,NA,1
PZA03008.21,3,200201258,274,1.11105190069408,3.27022600092387,1
PZA03011.6,3,201790247,274,0.511595533829164,2.25119485275253,1
PZA03154.2,3,202363996,274,-0.90796908971226,1.34721644797936,1
PZA03154.4,3,202364106,274,0.15355339350149,1.491016316277,1
PZA03154.1,3,202364418,274,1.29093344988906,1.70653327569353,1
PZB01449.2,3,202569690,274,-0.395607953139551,1.35872957363014,1
PZB01449.3,3,202569749,274,0.225900187430765,1.55100436080045,1
PZA00047.2,3,203908761,274,0.185644085793923,1.56662227607986,1
PZA00220.2,3,206760654,274,-0.0774095536422318,1.27211624796099,1
PZA00220.11,3,206760693,274,1.45074573082967,2.30064056941124,1
PZA00538.18,3,206889455,274,-0.646246025478836,1.54397843520803,1
PZA00538.15,3,206889707,274,0.531629115403955,1.32015129611248,1
PZA00538.7,3,206889794,274,1.0020136077456,1.3954328699784,1
PZA02516.1,3,208180035,274,0.916285287098711,2.64147547677857,1
PZA03349.4,3,209957688,274,0.051873906670577,4.57500528026374,1
PZA03349.1,3,209957849,274,-0.169852357086547,2.28152409168732,1
PZA03346.6,3,210558095,274,0.910551517226345,3.74197439197953,1
PZA03346.5,3,210558393,274,0.934962159920864,1.65884001651478,1
PZA03553.1,3,210635720,274,-0.531969811047963,2.98923983185544,1
PZB01457.1,3,212725801,274,-0.784722397983367,1.29073725452113,1
PZB01457.3,3,212726119,274,0.0994123913335592,1.33105957820009,1
PZA03146.3,3,214272799,274,0.962258145099362,1.79261408497791,1
PZA03146.1,3,214272814,274,-0.877923630276185,1.42656080636372,1
PZA03146.4,3,214272883,274,1.33310094318795,1.38045733307887,1
PZA03146.2,3,214273072,274,-0.974804131482663,1.6377910461669,1
sh2.4,3,214838405,274,0.0413446080380632,1.45020970932976,1
sh2.3,3,214839793,274,0.471539019148423,1.32572070479498,1
sh2.21,3,214840195,274,-0.393892374281564,2.15127205209256,1
sh2.2,3,214843092,274,-0.735108617200215,1.43447083259827,1
sh2.1,3,214843730,274,0.657772057314639,1.36042172629374,1
PZA00750.1,3,215844498,274,0.0180492947638243,1.68517410622448,1
PZA01154.1,3,216028207,274,0.715537121276219,1.48179967074204,1
PHM3342.31,3,216028374,274,-0.184392514260098,1.46010828533551,1
PZA02665.2,3,216624570,274,0.132749173497961,1.2206520882591,1
PZA01233.1,3,216768571,274,-0.896541253082359,1.46303102395509,1
PZA02514.1,3,216915474,274,-0.186653607209091,2.68776664397606,1
PZB02076.3,3,217328675,274,-0.281720476102213,3.35876539147905,1
PZB02076.1,3,217328892,274,0.690925195811547,1.6914178910808,1
PZA02824.3,3,217329647,274,0.17548095925686,2.02740499745054,1
PZA02824.1,3,217329679,274,-0.669820587963216,1.61119203110999,1
PZA02668.2,3,218119861,274,0.0317564229180279,1.84258951921035,1
PZA00219.7,3,219309085,274,0.0285966066986297,1.24433586860479,1
PZA00219.6,3,219309117,274,1.52608784683553,1.33648521600467,1
PZA03360.1,3,219587062,274,0.878445452295681,1.62902477540105,1
PZA03391.1,3,219859920,274,0.498506462231718,1.33469134858133,1
PHM2672.19,3,219860052,274,0.228958535089535,1.30080144003649,1
PZA03391.3,3,219860155,274,0.663134382511271,4.68367707873429,1
PZA00234.19,3,221730567,274,0.784613890371111,1.51830731471522,1
PZA00234.21,3,221730615,274,0.826210375331189,1.80251456636984,1
PZA02789.36,3,222114560,274,0.180639308270923,1.52096868600757,1
PZA02789.31,3,222114627,274,-0.178201368575525,2.06387620016298,1
PZB00954.1,3,222262745,274,-0.832427001132876,2.25878131559033,1
PZA00572.1,3,222602120,274,-0.137335724453588,1.57734108244542,1
PZA00572.2,3,222602260,274,0.258510917570802,1.43639677010727,1
PZA00316.2,3,223513366,274,0.0398463083083099,1.30625124139501,1
PZA00316.9,3,223513444,274,-0.201285535413891,1.34366358161531,1
PZA01688.3,3,223670423,274,0.107770176112501,1.41839070467538,1
PZA01360.3,3,223867414,274,-0.0472172303717692,1.78453044732663,1
PZA02182.1,3,224184375,274,1.80253582067548,1.60352706856078,1
PZA00143.5,3,224903492,274,-0.175248975271555,1.80091732932349,1
PZA00420.1,3,226872335,274,0.125392022884328,1.37266045967886,1
PHM2423.33,3,227682147,274,0.287126187788667,1.27896570145933,1
PZA00088.3,3,228614270,274,0.41417401522215,1.35493265577438,1
PZB01460.1,3,229544509,274,0.0334001463850091,1.52237731555001,1
PZA03013.7,4,139753,274,-1.2864886530084,1.91438448575311,1
PZA03013.8,4,139810,274,1.22874246136322,1.9945544860715,1
PZA00216.8,4,2589311,274,-0.659427951687957,1.66285902467478,1
PZA00216.2,4,2589348,274,-0.196755175806549,1.44352097837373,1
PZA00136.2,4,2637306,274,-0.972177525762945,1.60229690107326,1
PZA00136.1,4,2637441,274,0.794716870494708,1.28622991833533,1
PZA03109.3,4,2638771,274,-1.01896059069673,3.53686250824094,1
PZA03109.2,4,2638925,274,0.543099205086128,2.19349278126395,1
PZA03109.1,4,2639015,274,0.572499231919212,1.48915873608163,1
PZA03106.1,4,2846701,274,-0.7387149112224,1.37647491205587,1
PZA03107.1,4,2851075,274,0.34288469789099,1.56756998526721,1
PZA00700.1,4,2852707,274,1.02898984520911,1.31027573306222,1
PZA00700.3,4,2852810,274,-0.352547652668485,1.49556002216555,1
PHM2438.28,4,3548007,274,0.270238654640775,1.24782122029899,1
PZA03227.1,4,3895352,274,-0.318811532014447,1.33746098988843,1
PZA03227.2,4,3895510,274,0.423766803328979,2.22587080515691,1
PZA00371.5,4,4867968,274,0.824256606028283,1.37764564248259,1
PZB02080.2,4,4980478,274,-0.757043833103518,3.87339620209643,1
PZB02080.1,4,4980568,274,-1.81889145838205,1.71181765545755,1
PZA00436.7,4,6401332,274,1.45212115308258,1.35234326156383,1
PZA00683.1,4,6612098,274,-0.653444445404074,1.36583167134108,1
PZA00683.2,4,6612185,274,1.26782210038437,1.64096796580134,1
PZA02358.1,4,11329241,274,0.522673104572805,1.26608924111373,1
PZA02138.1,4,11856246,274,-0.32741834133058,1.29931805158452,1
PZA01122.1,4,12618115,274,0.363300508357571,1.98855110815833,1
PZA00078.4,4,18502089,274,0.917079442579164,1.33716963499672,1
PZA00078.2,4,18502179,274,1.32896996652843,1.40025622686048,1
PZA00139.4,4,20064925,274,-2.06594249771451,1.37753770027279,1
PZA00139.14,4,20065054,274,-0.72492737704614,3.07307224948198,1
PZA01422.3,4,24475394,274,-0.654513478348772,1.56665347968929,1
PZA00644.11,4,25192009,274,-1.15518289656062,2.28905558407274,1
PZA00488.1,4,28192994,NA,NA,NA,1
PZB01619.2,4,29030873,274,0.493591494841236,1.34743216879768,1
PZA02457.1,4,29031200,274,0.489071365482901,1.38365530246434,1
PZA03643.2,4,29209179,274,-0.479705407338555,2.20594633193396,1
PZA03643.1,4,29209351,274,-0.333197200675279,1.82734350516962,1
PZA03693.1,4,29209539,274,1.3607561144855,3.26859578490969,1
PZA03043.8,4,32099560,274,1.49886249173134,1.38643022261463,1
PZA03043.14,4,32099732,274,-1.06394952422161,1.39194238107882,1
PZA02705.1,4,33860915,274,-0.193391862547347,2.01098617713445,1
PHM15427.11,4,33862684,274,0.444310247057278,1.30606338647469,1
PHM13623.14,4,35051574,274,0.045506260707904,2.00536481641477,1
PZA01106.3,4,35051622,274,-0.451077059073751,2.0857750386732,1
PZA01713.4,4,35384247,274,0.431477366663515,1.48098552591128,1
PZA03247.1,4,35769506,274,-0.122870972015622,1.39201140296256,1
PZA03247.3,4,35769858,274,-0.132951830978124,5.81619033169666,1
PZA00125.2,4,36047409,274,-1.513067225037,1.38083327530987,1
PZA00125.8,4,36047549,274,-0.649400859454563,2.32428106881488,1
PZA03385.1,4,37067373,274,-1.13816537981096,1.45291577871148,1
PZA03385.2,4,37067501,274,1.6407244071401,1.49858281433387,1
PZA01751.2,4,37185517,274,0.854778603241954,1.61225939678504,1
PZA02968.3,4,38941049,NA,NA,NA,1
PZA02968.4,4,38941090,274,-1.31099705900412,2.07297742695739,1
PZA00315.6,4,39975220,274,1.2391721439472,1.73231266576716,1
PZA00315.1,4,39975317,274,0.980447167361446,1.82551952175214,1
PZA03420.1,4,41178032,274,0.7497926524229,1.91383569662658,1
su1.3,4,41188938,274,-0.0699712625651394,2.86212206855744,1
su1.4,4,41189019,274,-0.848563847710774,1.87773471771949,1
su1.1,4,41191526,274,0.603266439987105,1.77831513264173,1
PZA00699.1,4,45378466,274,1.11712685646121,1.51957890472532,1
PZA00699.5,4,45378492,274,1.63449040700268,2.48114280405412,1
PZA03337.1,4,47028353,274,0.202910179918131,1.7559886691674,1
PZA00445.18,4,49713883,NA,NA,NA,1
PZA01759.1,4,60429503,274,0.238480039986788,1.63225232403967,1
PZA00726.6,4,60767943,274,0.397400940458623,1.53501842855861,1
PZA00726.7,4,60767994,274,0.0450873197871787,1.55218942314711,1
PZA00726.10,4,60768063,274,0.41110087179506,1.52912788966641,1
PHM14055.6,4,60768111,274,0.347909267338938,1.51928672795353,1
PZB00129.1,4,63721981,NA,NA,NA,1
PHM1307.11,4,63722896,274,-0.970741704961018,1.45602285363688,1
bt2.2,4,66287455,274,0.697928410658336,1.37127689389744,1
bt2.4,4,66288635,274,-0.163128978724496,2.4150147495294,1
bt2.7,4,66290994,274,0.200604475656326,1.43453957979614,1
PZA03706.1,4,73077404,274,-0.193749100608692,2.23462480797852,1
PZA03254.1,4,73176932,274,-0.107891134234608,2.21856810682554,1
PZA03254.2,4,73177100,274,-0.661477268277985,2.08404903439389,1
PZA03254.3,4,73177257,274,-0.630695139332451,2.17263810387459,1
PZA03705.1,4,73178489,274,0.202556086281682,2.20071775527366,1
PZA03586.1,4,73307190,274,0.271748970369331,2.21648229245128,1
PZA03751.1,4,73307596,274,-0.249085295243768,2.26180274495191,1
PZA03752.2,4,73309421,274,-0.383237531637837,1.80187873441163,1
PZA03752.1,4,73309674,274,-0.991006634928076,1.71183319333909,1
PZA03753.2,4,73310537,274,-0.692885812522178,7.26629422448014,1
PZA03753.1,4,73310789,274,-0.0415481208939428,1.771066129652,1
PZA03587.2,4,73311191,274,1.55385235158251,1.50085976829144,1
PZA03753.3,4,73311260,274,0.266885778609995,2.26441069716155,1
PZA00548.13,4,74062781,274,1.11589390359034,1.43314077240468,1
PZA00548.3,4,74062865,274,0.90778656993324,1.57804815310078,1
PZA03597.1,4,74239902,274,0.757086952904582,1.38272557525939,1
PZA02938.5,4,75728833,274,0.127251587313937,1.59258817168367,1
PZA02938.3,4,75728870,274,-0.0850481181016414,1.6131319747495,1
PZA03270.2,4,76122802,274,-0.145573867422436,1.68667924640441,1
PZA03270.1,4,76122822,274,-0.0988792692459862,1.37116685455761,1
PZA03270.3,4,76122886,274,-0.661748492010456,1.32625575909361,1
PZA03270.4,4,76122917,274,0.569832606780159,1.91426385745763,1
PZA03270.5,4,76123039,274,-0.415145293140424,1.8518678398391,1
PZA00218.1,4,78946415,274,-0.568168658802649,1.38514087980766,1
PZA00218.6,4,78946482,274,0.61451513803339,1.87046601074597,1
PZA03372.3,4,85850410,274,0.801369563356519,1.45404697869462,1
PZA03564.2,4,86797585,274,-0.316327070588307,3.31711430895945,1
PZA03564.1,4,86797748,274,1.20820794486985,1.29160389192282,1
PZA03562.1,4,86798226,274,0.191310794407333,1.90277590650238,1
PZA03562.3,4,86798403,274,-0.860028009531437,3.25705129415537,1
PZA03203.1,4,90203655,274,-0.419203783102179,1.28597663038117,1
PZA03203.2,4,90203822,274,-0.63658788773385,1.34746258259888,1
PZA03367.2,4,91417549,274,0.888880916936667,2.69340200732662,1
PZA03367.1,4,91417897,274,1.20984431475018,1.94438177698403,1
PZA00104.1,4,93812507,274,-1.15687247288734,2.01690115605078,1
PZA00630.9,4,103665461,NA,NA,NA,1
PZA03231.1,4,104160525,274,1.36762948888011,1.42976549858551,1
PZA03536.1,4,107751353,274,2.6521830176466,1.23277905339665,1
PZA03536.2,4,107751403,274,0.142374735105211,2.04182247769355,1
PZA03535.3,4,107751627,274,0.455296436890983,1.8944563568593,1
PZA03535.2,4,107751727,274,0.798127003177616,1.33085649214208,1
PZA00092.5,4,113503635,274,-0.604340405092545,2.76858191916367,1
PZA00092.1,4,113503659,274,-0.990580629154172,1.54574259440631,1
PZB02053.3,4,116875640,274,0.857857217645816,4.66317851586371,1
PZB02053.1,4,116875947,274,0.154028023306955,2.09595608212584,1
PZB02053.2,4,116876114,274,0.0899141899260531,2.13186832957035,1
PZA00549.3,4,117510363,274,0.868078599176208,2.84327928379288,1
PZA03376.1,4,120655021,274,-0.0495906365591026,1.7861858781158,1
PZA03376.2,4,120655387,274,-0.33604937408269,2.54249063025487,1
PZB00104.3,4,122795133,274,-1.65190672527865,1.48262375006049,1
PZB00104.2,4,122795210,274,-1.75634896276415,1.37974697205231,1
PZB00104.1,4,122795343,274,0.0388593313734633,1.8446129554186,1
PZB00153.1,4,122795391,274,0.357979076549734,1.52651951838744,1
PZB00093.7,4,122795990,274,-1.70810886297057,1.5964675874579,1
PZB00093.2,4,122796082,274,2.39452995600177,1.53426337851817,1
PZB00093.1,4,122796119,274,-1.5138865124613,1.38726301696351,1
PZA00662.3,4,123175449,274,0.618480078530897,3.28313486233167,1
PZA00704.1,4,128552705,274,1.07853122604181,1.47538253866263,1
PZA00704.11,4,128552748,NA,NA,NA,1
PZA03409.1,4,128632208,274,0.640162897054992,1.27711840938161,1
PZA03409.2,4,128632484,274,-1.00701592036945,1.43028055940221,1
PZA03409.4,4,128632580,274,-0.494886557969418,7.43409688588355,1
PZA03409.3,4,128632696,274,-1.04346004000702,2.09111834683231,1
PZB01080.2,4,129825080,274,1.43082759931529,3.10227389881965,1
PZB01080.1,4,129825130,274,0.824100469011375,1.5468975966083,1
PZB01689.1,4,129831216,274,-0.149854495596425,1.3455585644316,1
PZB01689.2,4,129831266,274,-0.814264412378709,1.56906797485445,1
PZA00151.2,4,131016731,274,0.746728575891518,1.30885758304411,1
Fea2.2,4,132734439,274,-1.22779432580908,1.61235533106959,1
Fea2.6,4,132734608,274,0.546881965390269,2.70065468426166,1
Fea2.3,4,132734721,274,1.2596984723082,1.68728213755849,1
Fea2.5,4,132734849,274,-1.15505513342539,1.80364747859137,1
Fea2.1,4,132735271,274,1.64495247540794,1.31761819618986,1
Fea2.4,4,132736424,274,0.890130855200315,1.42009073577262,1
PZA02988.2,4,133757006,274,-1.79691406889388,3.01709918691248,1
PZA03288.1,4,136297005,274,-0.822477743703275,1.48121412716726,1
PZA03288.2,4,136297062,274,1.12369254307013,1.51018408676248,1
PZA00663.5,4,141267246,274,0.463030351154345,1.51365618551751,1
PZA02147.1,4,143945759,274,0.188321545373443,1.74326790508879,1
PZA03174.3,4,146943233,274,1.03835465222984,1.755923616375,1
PZA03152.2,4,147044761,274,-3.04858303207528,3.38391891946178,1
PZA03152.3,4,147044805,274,-0.829137980694558,1.88184445891875,1
PZA03152.1,4,147045281,274,0.757792303164981,1.67725968721535,1
PZA02982.5,4,148401074,274,1.81471170991047,2.02725108050756,1
PZA02982.6,4,148401263,274,1.21758134862772,1.41605479012273,1
PZA02982.7,4,148401277,274,0.501654682770536,3.16708840119357,1
PZA00523.2,4,148408488,274,1.08946309390047,3.03088570892107,1
PZA03331.3,4,149531082,274,1.67108401166549,2.01387768305871,1
PZA03297.1,4,149531179,274,-0.0712763109292283,1.35757988487643,1
PZA03331.7,4,149531206,274,1.27187486716498,1.98707586676785,1
PZA02992.15,4,149588842,274,1.46130321750481,2.08823867308347,1
PZA02992.1,4,149589133,274,-0.0501349440855276,1.34659468981721,1
PZA03311.2,4,153293139,274,-1.79032861443129,1.51840711508668,1
PZA03311.3,4,153293180,274,0.609876004495756,1.73846755459316,1
PZA03311.6,4,153293197,274,0.504412123858362,2.10022462095706,1
PZA03311.7,4,153293234,274,0.931171276832776,1.71792223666001,1
PZA03311.4,4,153293452,274,0.228817175069531,1.91995750468766,1
PZA03311.5,4,153293454,274,0.546743654089951,3.92161331974653,1
PZA03548.1,4,153432215,NA,NA,NA,1
PZA00057.2,4,155043536,274,-0.784534726861313,1.38293497750342,1
PZD00018.1,4,155219858,NA,NA,NA,1
PZB00229.1,4,156289496,274,0.551460410472324,2.99796508045958,1
PZB00092.1,4,156289818,274,1.61174010024303,2.60461130909052,1
PZB00229.2,4,156290035,274,1.15535203187477,2.42547519429898,1
PZA01926.1,4,158126191,274,0.56651799624108,1.48386811385179,1
PZA00464.6,4,158720618,274,1.01175010901446,2.91452428261076,1
PZB01378.2,4,158720826,274,0.817821560038357,2.71581339087426,1
PZB01378.3,4,158720827,274,0.38134701163538,1.97904626052566,1
PZB01378.5,4,158720850,274,-0.421948569964686,2.383958727543,1
PZB01378.4,4,158720894,274,1.07486184640379,1.47924512318419,1
PZA03653.1,4,159982180,274,-0.0899788406010362,1.4922349487115,1
PZA03654.1,4,159984727,274,-0.146489157518355,1.52110982786115,1
PZA03654.2,4,159984883,274,0.965114469512673,3.17445981537907,1
PZA00492.26,4,160161677,274,2.0719141455767,1.72763290782215,1
PZA00492.25,4,160161764,274,1.34922640677256,1.77807798064073,1
PZA03116.4,4,166002187,NA,NA,NA,1
PZA03116.1,4,166002318,274,0.731290869705742,1.36158833862683,1
PZA03116.2,4,166002477,274,-0.414801817851656,1.47243383623152,1
PZA00453.2,4,166281189,274,-0.737385554393567,1.29928138685587,1
PZA00453.7,4,166281276,274,0.0132481205274137,1.95926198312523,1
PZA03379.1,4,167650111,274,0.695312600580935,5.41383948176326,1
PZA03379.2,4,167650309,274,1.36516597256273,4.79191596448297,1
PZA01289.1,4,169608659,274,-0.627140075459095,1.26978349124128,1
PZA03308.3,4,170217116,274,0.176434560597499,1.82399661923613,1
PZA03308.2,4,170217259,274,0.889859148748653,4.12466148311326,1
PZA03406.1,4,170217581,274,-1.2896025193371,2.91656845094198,1
PZA00271.1,4,171613440,274,1.1706523232187,2.32350610244031,1
PZA01477.3,4,172301064,274,-0.409694099785136,1.21812837751068,1
PZA03314.1,4,172385940,NA,NA,NA,1
PZA02819.22,4,172692049,274,0.524013924589021,1.2672178747066,1
PZA02819.35,4,172692287,274,-0.560907905401963,1.41758953154421,1
PZA02825.4,4,173687725,274,-1.36112767646864,1.36346097774748,1
PZA03275.4,4,174427991,274,0.28463713579728,1.31028402131952,1
PZA03275.3,4,174428015,274,0.883422927513931,2.01416830497901,1
PZA03275.1,4,174428225,274,-0.0120348534250213,1.27436286448474,1
PZA01187.1,4,177666738,274,0.408322803098372,1.38730779022963,1
PZB02464.2,4,177670560,NA,NA,NA,1
PZD00030.9,4,177975134,274,0.978498735133856,2.28366329474089,1
PZD00030.11,4,177975918,NA,NA,NA,1
PZD00030.2,4,177976082,274,-0.837206023663282,1.51014625861284,1
PZD00030.10,4,177976308,NA,NA,NA,1
PZD00030.8,4,177976360,274,0.321572475776929,2.33425626867485,1
PZD00029.3,4,177980567,NA,NA,NA,1
PZD00029.4,4,177980783,274,-0.257468884733103,5.20699508335794,1
PZB00282.2,4,178735388,274,0.811299073407023,1.53314169633071,1
PHM3637.14,4,179758341,274,-1.42361992011555,1.30194111462399,1
PZA02194.1,4,180309373,274,1.42739582962553,1.71381478688529,1
PZA02289.2,4,180316143,274,-0.225552603850694,1.44890971667305,1
PZB01090.1,4,181809360,NA,NA,NA,1
PZA03445.1,4,182713785,274,-0.973518503188074,1.51055822130571,1
PZA01954.1,4,184373943,274,-0.0945585121186662,1.68216956117687,1
PZA03263.2,4,184717014,274,0.804465145255579,1.51516756340436,1
PZA03263.1,4,184717135,274,0.628208285294426,1.42816851108656,1
PZA03158.3,4,184717455,274,-1.77878071077761,1.50420739997616,1
PZA03158.1,4,184717653,274,-0.437089840193854,1.2639590182186,1
PZA02949.25,4,185103244,NA,NA,NA,1
PZA02949.22,4,185103471,274,1.19790416692335,2.08938085196379,1
PZA00941.2,4,185562016,274,0.474702409679701,1.22088341858735,1
PZA00344.10,4,193202013,274,-0.90419052625083,1.83274369366756,1
PZB01461.3,4,194092746,274,-0.63899982322767,1.94575037362469,1
PZB01461.2,4,194092806,274,-0.054771488461314,1.31914507997751,1
PZB01461.1,4,194092995,274,0.247228825165146,1.45822685294766,1
PZB01461.4,4,194093117,NA,NA,NA,1
PZA00332.3,4,194749230,274,2.46593814875268,1.48537732279743,1
PZA00332.5,4,194749287,274,-2.80683351443274,1.50064975558069,1
PZA00193.1,4,197964404,274,0.0536922364107047,1.39074258192171,1
PZA00193.2,4,197964459,274,-0.711009629787942,1.36350759273,1
PZA03575.3,4,201131313,274,1.27897465759589,1.37509139424382,1
PZA03575.2,4,201131577,274,-1.67757673057626,1.56753506181305,1
PZA03575.4,4,201131730,274,0.116376346944684,2.90676806954887,1
PZA01790.1,4,202245921,274,0.806630872812119,2.01047247113209,1
PZA03205.1,4,202883367,274,-0.903897787780031,2.3882891143288,1
PZA03205.3,4,202883397,274,0.845530753852874,1.26701566238806,1
PZA03534.3,4,204059060,274,1.03867110299715,3.23553823443015,1
PZA03534.1,4,204059180,274,1.15186894355359,2.89158747016486,1
PZA03533.1,4,204059957,274,-1.77010567202611,2.55637576171579,1
PZA01566.1,4,204764426,274,0.230586071850238,1.59139333221686,1
PZA02421.1,4,205427981,274,-2.01866735349049,1.40750302689703,1
PZA00633.8,4,206492925,274,0.766776896412664,3.86700935086651,1
PZA00633.4,4,206493021,274,-0.30895529020866,1.34275959277975,1
PZA02779.1,4,207114208,274,1.93851453909336,1.3811979451937,1
PZA03719.2,4,210235075,274,0.590734615056678,1.45151815831611,1
PZA03719.1,4,210235180,274,-1.19887604244249,1.36951050946774,1
PZA03720.1,4,210235726,274,0.510742101269128,1.75911570238307,1
PZA03720.2,4,210235939,274,1.41366148728125,1.58491220237654,1
PZA03721.1,4,210236675,274,-0.295773467328322,1.28480436361349,1
PZA03124.1,4,212497348,274,1.03332996519743,2.32653137628866,1
PZA01332.2,4,212893509,274,-1.18018302779012,1.37650030753038,1
PZA03081.9,4,215393158,274,0.960138633080453,1.46301904419343,1
PZA03081.6,4,215393255,NA,NA,NA,1
PZA03081.1,4,215393350,274,-0.574121991574254,1.39791771494324,1
PZB01021.5,4,216310255,274,-0.976347337786441,1.5952928809537,1
PZB01021.4,4,216310366,274,-0.159216361375159,2.70913292140933,1
PZA03271.1,4,216812238,274,0.16012694002641,1.32594772070692,1
PZA03271.2,4,216812289,274,-0.61599445119756,1.53133527370364,1
PZA03725.2,4,217610295,274,-0.248153054326685,2.71881694422167,1
PZA03725.1,4,217610450,274,-1.18385322766472,3.32607155644818,1
PZA02479.1,4,218367682,274,0.918090305916685,1.32086119061806,1
PZA02865.11,4,220857872,274,-1.0345528261377,1.47482085975018,1
PZA00155.1,4,220885121,274,1.31391432580876,2.10386343100971,1
PZA03150.3,4,222233027,274,0.146261930665657,1.39008058601155,1
PZA03150.4,4,222233032,274,-0.848709652437029,1.53002629611173,1
PZA03155.1,4,222233078,274,-0.372775095760992,1.3899103636481,1
PZA03155.3,4,222233297,274,-0.409907886219683,1.39197153082018,1
PZB00878.2,4,222331942,274,-0.165443989896313,1.72548425141181,1
PZB00878.3,4,222331993,274,0.142537378760135,3.6241932801154,1
PZB00878.1,4,222332058,274,0.638020673448921,2.05888349829339,1
PZB00724.1,4,222332554,274,0.377903850362745,1.36691570814653,1
PZB01022.3,4,225206525,274,0.559074215285117,1.32233302434803,1
PZB01022.4,4,225206666,274,-0.0482081357834094,1.46663536310523,1
PZA00878.2,4,226223649,274,0.319301068901658,1.44186399741434,1
PZA00636.7,4,226884613,274,0.690865222079586,1.57150087579803,1
PZA00399.10,4,229644826,274,0.219837905295114,1.21120155143157,1
PZA00521.3,4,234783765,274,-0.653261521349981,1.30324735539126,1
PZA00694.6,4,235779015,274,-0.718652590020792,1.42972352873504,1
PZA03755.2,4,236401862,274,0.189305537609779,1.52144706558155,1
PZA03755.3,4,236402260,274,-0.27600404480068,1.42989736151658,1
PZA03754.2,4,236403295,274,1.62421589412934,6.44862937199039,1
PZA00209.4,4,236488577,274,0.819906780937553,1.54135335469043,1
PZA00209.8,4,236488723,274,0.0365870276625113,1.37003375693205,1
PZA02155.1,4,237336600,274,-0.337654394529864,1.56872774146786,1
PZA00513.1,4,238553534,274,-1.00490304319735,1.69939133195925,1
PHM5599.20,4,239237605,274,-0.531715535575049,1.2824411916988,1
PHM5665.26,4,240769341,274,-1.5300975522991,1.39545442689082,1
PHM2100.21,4,241723131,274,0.140131105526353,2.31047093464026,1
PZA03322.1,4,242019413,274,0.86783634299308,1.34366927493268,1
PZA03322.5,4,242019440,274,-0.752371520327185,1.38778750592771,1
PZA03322.4,4,242019500,274,-1.39077137859008,2.12405349894876,1
PZA03322.3,4,242019759,274,-1.49061902692429,1.6402283853054,1
PZA00005.2,4,243003422,274,-1.30083644001181,1.34831479035089,1
PZA00005.5,4,243003527,274,-0.648858538648909,1.32704359498172,1
PZA03017.10,4,243222842,274,0.067893038041878,1.37664045778052,1
PZA03599.3,4,243935771,274,-0.604684763551533,2.18459711601184,1
PZA03599.2,4,243935993,274,-0.514294139982561,1.98793254299934,1
PZA03599.1,4,243936127,274,-0.86172548015848,2.0211495704203,1
PZA03598.1,4,243936876,274,-0.724942132669046,1.40737631448793,1
PZA03598.2,4,243937127,274,0.812163740686173,1.43460011692414,1
PZA01905.12,4,244087450,274,-0.707166334828915,1.29455068568986,1
PZA02239.12,4,244721608,274,-0.319201066188128,1.44285554415416,1
PZA00682.16,4,244992633,274,0.302892842461508,1.91059311270262,1
PZA00682.2,4,244992844,274,1.26633022853805,1.44471690803479,1
PZA00051.17,4,245051599,274,2.38063250997288,3.49797920191324,1
PZA00051.2,4,245051649,274,-0.607164011955661,1.434366003936,1
PZA00282.14,4,245123491,274,-0.728395703268128,1.60036908872315,1
PZA03762.1,4,245131700,274,-1.07463248722635,1.26487303602681,1
PZA03762.2,4,245131801,274,0.433889832369479,5.72281523219745,1
PZA01887.1,5,656148,274,-0.969451637745391,1.37271254030649,1
PZA00684.12,5,920922,274,-0.647695507577268,1.45415893846773,1
PZA02894.1,5,945545,274,-0.245247865149734,1.295339513389,1
PZA00191.5,5,2123914,274,0.172544635215647,1.32322791055095,1
PZA00191.4,5,2123961,274,0.388565762051244,1.33086770045943,1
PZB01352.6,5,3142800,274,0.954844236657142,2.08616138843374,1
PZB01352.4,5,3142841,274,1.11259902144703,1.71376585536132,1
PZB01352.2,5,3142954,274,-1.71908339647612,1.66684406693369,1
PZA03046.4,5,3194619,274,-1.51305917862702,1.37414088402176,1
PZA03046.3,5,3194670,274,2.53208796245222,2.97091746613849,1
PZA03046.2,5,3194673,274,-1.53808665023027,3.04394623342556,1
PZA01570.1,5,3533995,274,-0.623481610587199,1.4205024733082,1
PHM13122.43,5,4190804,274,0.750485478866736,1.64369846289348,1
PZA03304.2,5,4293459,274,-0.344987408676688,2.0176377389018,1
PZA03304.3,5,4293495,274,1.15664963109016,1.59500618568571,1
PZA03304.1,5,4293537,274,-2.01799123549092,1.38819345581454,1
PZB01396.3,5,4591827,274,0.607917668741903,2.00585490279725,1
PZB01396.2,5,4592122,NA,NA,NA,1
PZA00089.3,5,5267091,274,1.94602636727357,1.21419710748793,1
PZA03186.1,5,5476347,274,0.25535029232145,1.95659929171111,1
PZA03186.2,5,5476395,274,-0.462096419491197,2.30675797268767,1
PZA02653.12,5,5917587,274,0.442239415301061,1.4526207577151,1
PZA02462.1,5,6820571,274,-1.38202437230287,1.27205841300977,1
PZB00081.4,5,6960673,274,0.476202370211484,1.49006174451283,1
PZB00081.2,5,6960836,274,-1.0794335411788,1.46779924579116,1
PZB00081.3,5,6961461,274,-2.1716386670522,2.15530345988691,1
PZB00081.5,5,6961472,274,-1.38128432422006,2.3240656853258,1
PZB00045.3,5,7082937,274,2.0727139131296,1.30291943488953,1
PZB00045.2,5,7082974,274,-0.730918193938904,2.05444046667196,1
PZB00054.3,5,7086096,274,-0.326865074759526,2.48204999590195,1
PZB00102.1,5,7086922,274,-0.620415719975083,1.72296576606322,1
PZB00102.2,5,7087084,274,-0.178183799807205,1.82686853063262,1
PZB02107.1,5,7087183,274,-0.121116511127101,1.75682763812524,1
PZA03584.1,5,7103451,274,-0.904189390435043,1.54960107869174,1
PZA03584.2,5,7103536,274,-1.97967507274492,3.53453377578921,1
PZA02753.1,5,7216587,274,-1.6155145992278,1.24759217334588,1
PZA03303.7,5,7648691,NA,NA,NA,1
PZA03303.3,5,7648721,274,1.02095212588827,2.8556671669753,1
PZA03303.6,5,7648847,274,-1.68924806698265,1.82544234847871,1
PZB01993.2,5,7831264,274,1.26620958398164,1.36433799626252,1
PZB01993.5,5,7831417,NA,NA,NA,1
PZB01993.3,5,7831723,274,-0.753795978339479,1.68556834018258,1
PZB00094.1,5,7946002,274,-0.907843495747741,1.21204140439997,1
PZA01925.1,5,8598835,274,-1.43462474876596,1.52615529518248,1
PZA00865.1,5,9279776,274,-0.184551887628395,1.37463948776106,1
PZA00281.1,5,9965510,274,-0.0520171589892519,1.25229231076841,1
PZA00281.13,5,9965534,274,1.2618455106234,1.90474064425753,1
PZB00182.3,5,10055221,274,0.520315636132105,1.3081603676297,1
PZB00188.2,5,10055420,274,-0.184974896858083,2.07652162379014,1
PZB00188.1,5,10055423,274,-0.674965882724416,1.44202612706164,1
PZB00069.1,5,10058612,274,-0.230197967052141,1.2786671819697,1
PZA03244.3,5,10752336,274,-0.246720573348122,8.10249102085164,1
PZA03244.5,5,10752397,274,0.545423439398013,7.37378518555198,1
PZA03244.1,5,10752476,274,-0.89957325875528,1.35164019476694,1
PZA03244.6,5,10752728,274,-0.221810951697196,1.34953017947424,1
PZA03244.2,5,10752817,NA,NA,NA,1
PZA03244.4,5,10752928,274,0.903479215613948,2.01785405349686,1
PZB00079.2,5,11737498,274,-0.679172704283153,1.26455056606338,1
PZB00079.4,5,11737636,274,-1.13834055497591,1.91607395994229,1
PZB00079.3,5,11737747,274,1.86714685050454,1.45736580060712,1
PZB01479.1,5,11738957,274,0.973339354575421,4.75111078434107,1
PZA03678.1,5,11904119,274,-0.293179947539533,1.99729412787676,1
PZA03092.7,5,11992708,274,-0.898244401690187,1.2647413403761,1
PZB01642.1,5,12337501,274,-0.343423330883105,2.263763135778,1
PZB01642.2,5,12338040,274,0.774238979900051,2.35934111534706,1
PZA00004.2,5,13542371,274,-1.55642584061826,1.5574738143198,1
PZA00112.3,5,13664532,274,0.783136551591266,1.46847389170059,1
PZA00112.4,5,13664643,274,0.163882225698585,1.30742608970398,1
PZA00112.5,5,13664679,274,2.60503956547565,2.25647952347394,1
PZA00985.1,5,13981667,274,0.911122957355454,1.46242899946604,1
PZA01327.1,5,15056528,274,0.0893485506336115,1.29654168117949,1
PZA01523.1,5,16208240,274,0.0457573170554659,1.75688438130604,1
PZA03371.2,5,17231557,274,-0.745101703761734,2.14034203560935,1
PZA03371.1,5,17231824,274,0.741851986131049,3.64381653457023,1
PZA03371.3,5,17232075,NA,NA,NA,1
PZA00247.5,5,18038315,274,1.37623366399029,1.74381241619083,1
PZA00517.6,5,18240488,274,0.602568089167348,2.88211107306292,1
PZA00517.4,5,18240536,274,2.37289433300719,1.67155053577445,1
PZB00223.1,5,19973068,274,0.729415342307784,1.35219101290387,1
PZB00223.2,5,19973210,274,-0.149451779926537,1.63986064989003,1
PZB00223.3,5,19973330,274,0.60183196670072,3.25017701895849,1
PZA03226.2,5,20089671,274,0.615781710479868,1.34248182382645,1
PZA03226.3,5,20089946,274,-0.0384731639173218,1.43030063991941,1
PZA03340.1,5,20200927,274,-0.783824191650743,1.39884409412743,1
PZA03340.3,5,20200987,274,1.58423663275667,2.06665858576876,1
PZA03340.2,5,20201009,274,0.330392526352535,1.42208963416334,1
PZA02792.26,5,21770965,274,0.873677593370164,1.48040853279129,1
PZA02792.25,5,21771015,274,-0.80766302156701,1.46828969350672,1
PZA02792.18,5,21771204,274,-0.439179743972964,2.10501791294546,1
PZA02792.16,5,21771297,274,0.936551746795876,1.44923077517696,1
PZA02792.9,5,21771433,274,1.30758726422527,1.46113025648013,1
PZA03298.1,5,21811793,274,0.728453932583546,1.33153170518641,1
PZA03298.3,5,21811854,274,-0.434157216599171,2.28508080046994,1
PZB01983.2,5,23437363,274,-2.48959105369832,2.53209382368897,1
PZB01983.1,5,23437641,274,-2.00835451961577,2.09794152346063,1
PZA00329.3,5,24480823,274,1.44959397488147,1.31704693758909,1
PZA00934.2,5,30064518,274,1.90250824440752,1.25579461073692,1
PZA02113.1,5,30239292,274,0.504847349147437,1.28155031888948,1
PZB00579.2,5,32365820,274,0.567436426230204,7.19453983980932,1
PZB00579.1,5,32366013,274,0.013196248933736,2.88317371389676,1
PZB00869.4,5,32366193,274,0.539335405394069,1.39342157937485,1
PZB00869.1,5,32366223,274,-0.441685778903829,1.37308647088217,1
PZB00869.2,5,32366232,274,1.46146384187839,1.34974443269991,1
PZA01563.1,5,32599139,274,-0.172482205916347,2.02232909847243,1
PZA00499.10,5,34586816,274,-0.335207129722979,2.63123343225492,1
PZA00499.3,5,34586850,274,-1.73142983877986,1.2438861629908,1
PZA00449.2,5,37511797,274,1.04369359970461,1.66091192210334,1
PZA03261.1,5,41024015,274,-2.23431673841519,2.34523931971677,1
PZA03217.1,5,41024709,274,-0.495666552369504,1.30644359670142,1
PZA03217.2,5,41024758,274,0.5252283041146,1.29827841931681,1
PZA00629.21,5,42492559,274,-1.09923863848876,2.48408058450191,1
PZA00407.8,5,48828125,274,-0.1983180051775,4.65796270943993,1
PZA02207.1,5,49203492,274,-0.592963245851573,1.27174260993537,1
PZA00401.6,5,55324262,274,0.610042985865343,3.21811883136343,1
PZA00401.11,5,55324334,274,-0.176107891118294,1.41953163947753,1
PZA00805.1,5,57507670,274,-1.29729949018242,2.04639825940078,1
PHM2769.43,5,57831576,274,-1.45559904097827,1.26256151234264,1
PZA00522.2,5,57933325,274,0.419115923151996,1.48258263824684,1
PZA00522.7,5,57933514,274,0.6349623657738,1.43272791183672,1
PZA00522.12,5,57933548,274,0.522359962338591,1.43952084057393,1
PZA00222.7,5,58576757,274,-0.356527831660502,1.29626386022477,1
PZA00222.5,5,58576811,274,1.03710015465081,1.35060955071079,1
PZB01004.2,5,58616019,274,1.09511820216738,5.33474468547351,1
PZB01004.1,5,58616136,274,-0.723620938165858,1.69770464349334,1
PHM1870.20,5,59299993,274,-0.196513703592958,1.38742168845963,1
PZA03451.7,5,59300236,274,-0.818252125423458,1.3446484963251,1
PZA03451.5,5,59300361,274,-0.0229336050026057,1.39427535594869,1
PZA03451.6,5,59300415,274,-1.09011563002794,1.36490527560461,1
PZB01271.1,5,60104545,274,-0.28652457006619,2.60301797981227,1
PZA03426.1,5,60371555,274,-0.845572718561914,1.63763361759096,1
PZB01115.4,5,60964265,274,1.24976537792981,1.39050201435804,1
PZB01115.3,5,60964334,274,-0.281468657294139,1.49798847332516,1
PZA00710.11,5,61491984,274,0.889019542885632,1.49597393204082,1
PZA00710.1,5,61492543,274,-0.792732338108417,1.41293843953367,1
PZA00345.27,5,61898123,NA,NA,NA,1
PZA00345.15,5,61898524,274,0.624452973914958,3.05794426353058,1
PZA00472.2,5,62415995,274,-0.825426952659992,1.82071822303916,1
PZB01336.6,5,62622237,274,-0.631737065677765,1.56776374845261,1
PZB01336.3,5,62622538,274,0.69537305385064,1.39550592842852,1
PZA03411.3,5,63013302,274,-0.54694907701209,2.89007629498485,1
PZA03411.2,5,63013636,NA,NA,NA,1
PZA01050.1,5,63415425,274,0.653241690953593,1.32449427679495,1
PZB00232.1,5,63417714,274,0.338919365945004,1.32382530378099,1
PZB00232.2,5,63418190,274,-0.119833223703386,1.52517345350372,1
PZB02023.1,5,63418474,274,0.282088717096378,1.32609518705589,1
PZA03042.1,5,64413079,274,0.48686838061715,1.43483303016139,1
PZA03042.5,5,64413280,274,2.09797308152051,2.51652967558794,1
PHM4165.14,5,65741535,274,0.604613165791185,1.23130152772058,1
PZA00626.4,5,66131678,274,1.85348774627018,1.45837664638214,1
PZA00626.3,5,66131744,274,1.4029608215814,1.46776353805079,1
PZA00569.11,5,66901923,274,-1.32637992619131,2.6528716076343,1
PZA00569.17,5,66902020,274,1.1216056883885,2.75269608468015,1
PZA03356.2,5,66971839,NA,NA,NA,1
PZA03356.1,5,66971925,274,-0.140911850928299,1.87453147662842,1
PZA03356.3,5,66972253,NA,NA,NA,1
PZA03399.2,5,67946242,274,1.49740853758129,1.86284127224052,1
PZA03399.1,5,67946563,274,0.284546633260596,1.59618101990525,1
PZB01112.1,5,68419652,274,1.46154834186477,1.51422406160007,1
PZB01112.2,5,68419832,274,-0.191401607604841,1.7231469438342,1
PZB01112.5,5,68419948,274,-1.33907457446365,3.19367945766661,1
PZB01112.3,5,68420111,274,-0.364602695024492,2.08999966189159,1
PZA03201.2,5,68603801,274,1.18229848769867,1.2962592849034,1
PZA01349.2,5,69319346,274,0.480568820380508,1.53176109544667,1
PZA03677.3,5,71093439,274,-1.18463467527616,2.21503761988929,1
PZA03677.4,5,71093557,274,0.31692923666042,2.93460916215191,1
PZA03677.1,5,71093631,274,1.02789042306625,1.59054907170419,1
PZA03677.2,5,71093680,274,1.35803115465112,1.35627319366611,1
PHM5798.39,5,71095193,274,-1.28549908055017,1.39145951684665,1
PZA01303.1,5,72408251,274,-1.98416074128219,1.48294818472295,1
PZA00261.6,5,75234294,274,0.421668563321875,1.38571644462413,1
PZA00261.5,5,75234342,274,-0.298980650890144,1.33358761207546,1
PZA03622.1,5,76512885,NA,NA,NA,1
PZA03594.1,5,76513050,274,0.694865036594751,1.22462664659985,1
PZA02818.10,5,77679469,274,-0.608296976497062,1.26802727721961,1
PZA02818.6,5,77679565,274,-0.477588914238823,1.29544692538475,1
PZB00147.1,5,80010733,274,1.1387314497038,1.23620277562711,1
PZA01779.1,5,81227637,274,-0.00993118927513885,1.46088528458143,1
PZB02425.3,5,83233487,274,-2.38979985715326,1.42910291799404,1
PZB02425.2,5,83233631,274,0.516058216810872,1.52367311827609,1
PZA01693.1,5,83544273,274,0.324583400510349,1.42109749254684,1
PZA00570.11,5,87053064,274,-0.883237400788478,1.27987191295148,1
PZA00570.19,5,87053407,274,1.00607666497973,3.19052111986826,1
PZA03049.23,5,88604674,274,0.404132561534969,1.33050344843195,1
PZA03049.15,5,88604788,274,-0.712702234258174,1.35495893786487,1
PZA03049.14,5,88604820,274,-0.80824186360941,1.42540893342653,1
PZA03049.24,5,88604977,274,-0.334829070773617,2.22486629463411,1
PZA00643.13,5,91096945,274,-0.43854837752513,1.41112138485126,1
PZA00643.11,5,91097032,NA,NA,NA,1
PZA03284.3,5,91651999,274,-1.9763768245938,1.67564250300547,1
PZA03284.4,5,91652139,274,-0.445630114383259,3.08907417268247,1
PZB02059.1,5,92520604,274,0.111485785390058,1.27606793187975,1
PZB02059.3,5,92520689,274,-0.729228812182273,1.87824445201887,1
PZA00547.8,5,92862112,274,-0.811161785645046,1.61786682385186,1
PZA00547.6,5,92862322,274,-1.50890881996999,1.28746057522913,1
PZA00249.2,5,100227859,274,-0.112469984385776,1.34877926527725,1
PZB01632.2,5,123268218,274,-1.41409756794709,1.38251446318585,1
PZA00031.5,5,123268237,274,0.0854585868144908,1.87016571270669,1
PZB01632.1,5,123268841,274,0.137357574867943,1.90316770437702,1
PZB01632.3,5,123269020,274,-1.02904264341806,3.80536368354243,1
PZA00524.2,5,132594432,274,-2.15254997670195,1.37508082980213,1
PZB00969.1,5,132772317,274,-1.90528174735163,1.40687366188943,1
PZB02491.1,5,132786876,274,1.73711373154286,1.41753932079613,1
PZA00067.8,5,145121054,274,0.257701873942196,1.38855274300727,1
PZA00067.10,5,145121179,274,-0.95233953536017,1.78073143512063,1
PZA00067.9,5,145121333,274,0.314963041924521,1.90009759920255,1
PZA02822.2,5,148711030,NA,NA,NA,1
PZB01017.1,5,158032440,274,-0.85086740382508,1.27216424916466,1
PZB01017.2,5,158032493,274,0.122884004847381,1.66218445645304,1
PZB01017.4,5,158032589,274,0.808838781385587,1.28364853817529,1
PZB01017.3,5,158032721,274,-0.0538168716146136,1.334741288081,1
PZB01017.5,5,158032820,274,0.109450553550145,2.0852629708618,1
PZA01608.1,5,158599491,274,-0.0929025770148949,1.59035014573194,1
PZA00573.11,5,160173844,274,-0.442570310405228,3.69535800512803,1
PZA00573.3,5,160173922,274,-1.58177868451489,1.71648684066859,1
PZA01796.1,5,160321846,274,1.02534260570482,1.32731339412042,1
PZA02965.13,5,163580663,274,-0.279053687436542,1.94180135933962,1
PZA00595.3,5,165094873,274,-0.147262539132266,2.7369970135184,1
PZA00595.4,5,165095136,274,1.48852881509499,2.41877253379156,1
PZA02981.2,5,166468431,274,-0.879442990433484,1.30538386097634,1
ae1.7,5,167873309,274,-0.187048377006789,1.24521428214691,1
PZB00619.1,5,167873609,274,0.785676465471601,1.71607210738087,1
PZB01331.2,5,167874494,274,-0.601559100343515,1.88511053358876,1
ae1.8,5,167884630,274,0.0654025386155094,1.79960149368046,1
ae1.1,5,167889542,274,0.995614047312784,1.52430029982243,1
PZA02807.5,5,167939710,274,-1.59208220564732,3.20623481261193,1
PZA00674.3,5,168637658,274,0.174866992245983,1.43051866398471,1
PZA00674.4,5,168637782,274,0.492362142689591,1.2754056591262,1
PZB02151.1,5,168867197,274,-1.05604799341697,1.34705217870464,1
PZB02151.2,5,168867279,274,-1.06681012813234,2.15171268731387,1
PZA02641.2,5,168924730,274,0.06469565201995,1.56206285448703,1
PZA00470.1,5,169327292,274,0.0779659478359127,1.46040323273429,1
PZA00255.15,5,169719615,274,1.07090060404259,2.33974449436556,1
PZA00255.14,5,169719641,274,-0.594327148153131,1.46435595804096,1
PZB00204.1,5,169853770,274,-2.50441113082879,1.27104607868411,1
PZB00204.2,5,169853895,274,-0.845567005963573,1.31124523039762,1
PZA02040.2,5,171389177,274,-0.502235873045325,1.35595497513253,1
PZA00300.11,5,171688991,274,1.21444456267661,1.32619424190703,1
PZA03704.1,5,171869817,274,-0.120083635683096,1.49703814476853,1
PZA03094.17,5,173094159,274,-1.38992862276283,3.49873032439836,1
PZA03094.9,5,173094268,274,0.221156833434701,1.28920930423842,1
PZA03094.6,5,173094351,274,1.21604015568007,1.2859839494212,1
PZA03718.1,5,175459060,274,0.465890828751598,1.50245965521453,1
PZA03717.1,5,175459765,274,-0.0844517044407663,1.46674676306272,1
PZA03716.1,5,175460472,274,0.920558752588405,3.10018121528608,1
PZA03716.2,5,175460577,274,2.13570966394496,3.0010828498409,1
PZA03714.4,5,175462637,274,-1.15568836917615,3.29130242804155,1
PZA03714.3,5,175462855,274,-0.832558162225509,1.42643048727855,1
PZA03714.2,5,175462981,274,-1.63492577720066,1.30571606318508,1
PZA03714.1,5,175463023,274,-1.40427995449536,1.35970445077481,1
PZD00056.3,5,176459414,274,0.866208455494716,1.60655136392441,1
PZD00056.4,5,176459531,274,-0.0712325441519947,1.35717423194567,1
PZD00056.1,5,176459677,274,1.18471147734712,1.71256297263731,1
PZD00056.2,5,176459761,274,-0.407161634589045,1.55462458512887,1
PZD00056.5,5,176459946,274,-0.782754838670117,2.97574319652096,1
PZB00213.4,5,176901695,274,-0.925126957913154,2.13794920872837,1
PZA02633.4,5,179953106,274,-0.211258721686881,1.2403751003343,1
PZA02408.2,5,180413515,274,-0.231358162011603,1.34500225322431,1
PZA02209.2,5,180428220,274,-0.1557050726233,1.21461839598092,1
PZA03324.1,5,181256363,274,-0.200825315993605,1.46968289185458,1
PZA02834.38,5,181672656,274,1.86647118448872,1.31101213336827,1
PZA01575.1,5,182337306,274,-0.366484098213829,2.25434399770114,1
PZA00603.1,5,183706112,274,-0.339997634528005,1.29424667736215,1
PZB00136.2,5,184587393,274,-0.682268349308119,2.03785922892054,1
PZB02033.2,5,184588852,274,-1.29036352897698,1.6247485683679,1
PZB02033.1,5,184588958,274,-2.20086773183574,1.30677688951442,1
PZA03161.1,5,185596985,274,0.31054782974424,1.68073616445738,1
PZA02788.12,5,187896409,274,0.328172736423538,1.46762325016046,1
PZA03172.2,5,188293932,274,-0.423031761668624,2.57963849370757,1
PZA03172.3,5,188294198,274,-0.172320486451954,3.36295676396023,1
PZB02005.2,5,188557212,274,0.443985361054718,3.11961550213641,1
PZB02005.1,5,188557321,274,-1.94123402555413,1.26531989346449,1
PZA02383.1,5,189143556,274,0.274106277575786,1.24482008100517,1
PZA03320.1,5,190229644,274,-0.76023563210428,1.38437379403674,1
PZA03320.6,5,190229745,274,1.12392606647981,1.48799981897155,1
PZA03320.4,5,190229809,274,-0.674191477061436,2.12991421675606,1
PZA03320.3,5,190229872,274,-1.82029667604699,1.44993874958766,1
PZA03320.2,5,190229927,274,-1.7781508419533,1.44016990285422,1
PZA00352.22,5,191075724,NA,NA,NA,1
PZA02411.3,5,192326110,274,-1.09662336715252,1.64232612701655,1
PZA00715.3,5,192778685,274,-0.793754806285794,1.56582907180027,1
PZA00715.1,5,192778844,274,0.482982528516638,1.42866322638843,1
PZA03050.11,5,193208168,274,1.26663918218227,1.25272133992464,1
PHM532.23,5,193208321,274,0.241522187876322,1.41709788140278,1
PZA03312.2,5,193296367,274,0.491752694996275,1.57920836797718,1
PZA03312.3,5,193296378,274,0.424994134546923,1.3431895726411,1
PZA03312.1,5,193296408,274,1.20712042504029,1.30285493629172,1
PZA03618.3,5,193521420,274,-0.699206751711543,1.64547056567503,1
PZA03618.4,5,193521685,274,-0.0187755171172401,1.29650047953106,1
PZA03618.2,5,193521810,274,0.206126627910938,1.74968448680454,1
PZA03618.1,5,193521948,274,0.48356005856218,1.3419039512845,1
PZD00017.2,5,195724183,274,1.0622127436099,1.66731665879234,1
PZA00652.14,5,198380640,274,0.584768806522358,1.94649897956634,1
PZA00652.17,5,198380653,274,-0.62761868119447,1.40399621792822,1
PZA03024.7,5,198534067,274,-0.0669313202953073,3.03357767517194,1
PZA03024.16,5,198534153,274,-2.16939546402519,1.25519462359799,1
PZB02283.1,5,199528414,274,1.27678386220531,1.52014235077395,1
PZB02424.2,5,199531191,274,-1.36256716621503,1.58511441414906,1
PZB02424.1,5,199531408,274,-0.839768333420995,1.25242181153101,1
PZA01142.4,5,199697937,274,0.755221572690947,1.76140856563198,1
PZB01376.1,5,199784965,274,0.976523534973722,1.36087694776258,1
PZA03680.1,5,200752538,274,-0.510144848154128,1.34506469953768,1
PZA03683.1,5,200755109,274,-1.67144232694529,1.34707243569666,1
PZA02820.17,5,200813183,274,0.373869390806446,1.49108790538546,1
PZA02820.16,5,200813185,274,0.0475416120172649,1.50608081910435,1
PZA02820.7,5,200813276,274,-2.27924103261305,1.69958541668026,1
PZA02820.6,5,200813312,274,0.299455888701768,1.86992132990661,1
PZA01265.1,5,201139510,274,0.170804325696077,1.45114913467907,1
PZB00765.1,5,202174585,274,0.780754541370248,1.3631239398751,1
PZA02060.1,5,202342720,274,0.269998268912305,1.35423171993763,1
PZA02667.1,5,202777978,274,-1.40196377296855,3.61878017772897,1
PZA00395.2,5,202847197,274,1.00880031854218,1.40378809490808,1
PZA00395.1,5,202847226,274,-0.966292305699947,1.40483684904642,1
PZA03353.1,5,203211587,274,-0.159937672234983,2.81590100030169,1
PZA00980.1,5,203778506,274,0.83340562541779,1.30916317466187,1
PZB00023.1,5,204103838,274,-0.328622283865297,1.54116644888752,1
PZA02068.1,5,204198466,274,1.67173178896169,1.34279548765407,1
PZB02189.5,5,204516414,274,0.677344442237887,1.43309830889715,1
PZB02189.4,5,204516488,274,0.861742482377385,7.35628118477964,1
PZB02189.3,5,204516565,NA,NA,NA,1
PZB02189.1,5,204516691,274,-0.526202434509587,1.43479317095491,1
PZB02189.6,5,204517020,274,1.06695872919271,1.42515651649649,1
PZB01987.1,5,205076873,274,0.93305321666889,1.96064756665666,1
PZB00686.1,5,205811176,274,0.874450226041768,1.60801567119044,1
PZB00686.2,5,205811393,274,0.0768331735367327,1.80986459124396,1
PZB02420.1,5,205811670,274,2.11612894449423,2.86933909163915,1
PZA00545.4,5,206664777,274,0.809357320634475,1.36831867769805,1
PZA00545.21,5,206665028,274,-0.8074143956922,2.65815187004306,1
PZA03167.2,5,207603095,274,-1.49548082389449,1.32049562075526,1
PZA03167.3,5,207603154,274,-1.77326644457182,1.39331663737276,1
PZA03167.5,5,207603495,274,-2.21303397984596,1.32468802286819,1
PZA00167.7,5,207870558,274,-0.19424876528527,1.31063633774344,1
PZA01259.1,5,207926607,274,-0.144802668327413,1.39292381116349,1
PZD00041.2,5,208729875,274,0.367858646500522,3.74757493705286,1
PZD00041.1,5,208730143,274,-0.507127593429195,3.16736699030751,1
PZA01680.3,5,208901002,274,-0.141296606655346,2.50246158013097,1
PZB01302.1,5,209098791,274,-2.51373822007869,3.43769422433124,1
PZA00448.5,5,209498142,274,0.695542678946049,1.7880176892993,1
PZA00448.6,5,209498196,274,0.257413200074658,1.46667901798993,1
PZA00500.5,5,210743837,274,0.986175846936394,1.45919595474868,1
PZA00500.3,5,210743871,NA,NA,NA,1
PZA03335.1,5,210890745,274,-0.963271807056663,1.64568816734415,1
PZA03339.3,5,210890786,274,1.65857127745504,2.10336502709574,1
PZA03335.2,5,210890886,274,0.00696184025100401,1.52299087293288,1
PZA03222.4,5,211815236,274,-0.0910432824256428,3.03958257684574,1
PZA03222.1,5,211815347,274,0.429045184284051,1.27306976961068,1
PZA02390.1,5,211884165,274,0.953533788454998,1.31858743217231,1
PZA00433.3,5,213271422,274,-0.410758278041675,1.47327754114416,1
PZA00433.5,5,213271532,274,1.13997049044657,1.36112355359976,1
PZA02817.3,5,214237451,274,-0.501933013701973,1.34335378806288,1
PZA02817.15,5,214237678,274,0.592732375381527,1.3404214085066,1
PZA00069.4,5,214424975,274,0.551409563646378,1.72307690789683,1
PZA00069.2,5,214425081,274,-0.147588540575185,1.25495104014817,1
PZA00408.7,5,214442805,274,-0.129555117527824,1.81621922722058,1
PZA03307.1,5,214935596,274,0.626215471386043,2.36606034144639,1
PZA02480.1,5,214953055,274,0.735157889042711,1.69226197352365,1
PZA02769.1,5,215505432,274,0.455223900777075,1.27401365167725,1
PZA01060.1,5,216431558,274,0.154022465698055,1.31480393687553,1
PZA00606.3,6,2379148,274,0.668629578531797,1.25669210976908,1
PZA03003.11,6,6321806,274,-0.0413990039777693,1.41183781585545,1
PZA03003.10,6,6321890,274,0.931387598416754,1.86383318842187,1
PZA03290.1,6,9243581,274,-0.845909126680377,1.66696198619989,1
PZA03290.2,6,9243719,274,-0.0564145074354464,2.20226632811722,1
PZA03290.3,6,9243743,274,-0.165210261032172,2.19891998279295,1
PHM15961.13,6,9561803,274,0.49441685512092,1.28318203339309,1
PZA00503.5,6,12075777,274,-0.390185247963741,1.58758087958138,1
PZA00158.2,6,14057156,274,0.71636945956412,1.31183790687246,1
PZA00233.8,6,19092580,274,2.28944174592037,1.48896937147217,1
PZA03047.20,6,20837292,274,0.400529831365164,1.9529537830486,1
PZA03047.12,6,20837504,274,-0.788600006557686,1.30301722601857,1
PZA00440.15,6,22403926,274,0.481092018951,1.51215257297944,1
PZA00440.1,6,22404308,274,0.209565077854148,1.30020867832725,1
PZA00501.12,6,23874393,274,1.07437441604274,2.37081964499012,1
PZA03204.2,6,24265182,274,0.166239140060752,1.40671995676433,1
PZA03204.1,6,24265211,274,0.154796050115964,1.24270332073769,1
PZA03195.2,6,24328659,274,0.633459370935723,1.43964455090946,1
PZA02948.24,6,25035106,274,0.364665745491619,1.41454388115466,1
PZA03588.2,6,25189392,274,0.189740663992454,1.71780842767607,1
PZA03063.17,6,25335322,274,0.41325230408511,2.76694684994349,1
PZA03063.18,6,25335362,274,-0.101270511651636,2.13426003148785,1
PZA01509.1,6,31892075,274,-0.92590752575145,1.28586146272646,1
PZA00540.3,6,32496071,274,0.392701176351608,1.27702095648773,1
PZA00462.2,6,36605422,274,-0.43036669342255,1.31151992290811,1
PZA00489.1,6,51443123,NA,NA,NA,1
PZA02836.17,6,57633518,274,-0.994159159410379,1.27719952061043,1
PZA03120.1,6,57774238,274,-0.23991947157074,1.36067744747241,1
PZA03120.3,6,57774504,274,0.491848604643571,1.56616764659347,1
PZA00582.1,6,62407399,274,-0.599877424430747,1.56569501847067,1
PZA00582.4,6,62407447,274,-0.325942873381573,1.62291495973869,1
PZA03090.31,6,69840279,274,0.920193005434976,1.72539977674749,1
PZB00236.2,6,75187712,274,0.583689100195822,2.79213132817288,1
PZA03668.2,6,78304583,274,2.01294561712098,4.8005219669374,1
PZA03668.4,6,78304837,274,-1.32283319296367,4.2373171691165,1
PZA03668.1,6,78304925,274,1.14244318470316,1.34391596195103,1
PZA03668.3,6,78305004,274,0.263760209398286,5.84469301455161,1
PZA03667.1,6,78308523,274,0.499213339246091,1.34246207909077,1
PZA03667.2,6,78308633,274,0.093721762102196,3.57335757974313,1
PZA00355.2,6,78756245,274,-1.14211776330296,1.32593764867213,1
PZB01092.2,6,80278320,274,-1.65493160250361,1.35132968656682,1
PZB01092.10,6,80278345,274,1.15946560036263,4.22140114293203,1
PZB01092.5,6,80278446,274,0.0172388735612491,2.10088348097627,1
PZB01092.3,6,80278699,274,0.280408347309777,1.77908394449086,1
PZB01092.4,6,80278795,274,1.48488666331042,1.69697411885878,1
PZA00543.2,6,80533898,274,-1.45488675064681,2.23834698184327,1
PZA00543.4,6,80534176,274,-1.45442978174813,2.07885924962509,1
PZB00645.1,6,80874917,274,0.0644493812965892,1.57485627429698,1
PZB00711.3,6,80876967,274,-0.442966723882743,2.34822842902464,1
PZB00711.1,6,80877074,274,0.591745691684408,1.81238348918188,1
PZB00711.2,6,80877173,274,0.214983743970866,2.40527809842704,1
PZB01446.1,6,81339917,274,1.40376745566619,2.17725390397073,1
PZB01446.3,6,81339988,274,-1.82151796574161,3.79458439659453,1
PZB01446.2,6,81340153,NA,NA,NA,1
PZA03069.4,6,81808364,274,2.14362943259762,1.35906611352918,1
PZA03069.6,6,81808425,274,-0.494462950806762,7.46961315333008,1
PZA03069.8,6,81808446,274,-1.34981539464035,1.38187808888668,1
PZA02606.1,6,82066399,274,0.051792218567302,1.32569435459816,1
PZA03296.3,6,83064553,274,1.75821700986976,2.67888862524917,1
PZA03296.1,6,83064586,274,0.92781560705989,1.43979577694679,1
PZA03296.8,6,83064592,274,2.13953675142056,2.28348242542812,1
PZA03296.7,6,83064683,274,1.01008556836354,1.30772181335357,1
PZA03296.2,6,83064740,274,1.17824524946157,1.72568478899447,1
PZA03296.5,6,83064850,274,1.64396449115479,2.4277330867944,1
PZD00072.2,6,83625470,274,1.08657276456578,1.27064330945789,1
PZA03413.1,6,83998944,NA,NA,NA,1
PZA00387.1,6,84289867,274,-2.20754330811958,1.28356487517183,1
PZB01009.4,6,84664768,274,-0.506513756102475,1.66334690973894,1
PZB01009.1,6,84664843,274,-0.4448117038179,1.28497016943003,1
PZB01009.5,6,84664867,274,0.820080920152854,3.27660657046742,1
PZB01009.2,6,84665035,274,1.26485893066465,1.78561994960286,1
PZA00022.2,6,84752003,274,-0.250683450185686,1.28374673541656,1
PZA00006.13,6,85125129,274,0.690899795150369,1.54241917265536,1
PZA00006.9,6,85125362,274,0.655457231996382,1.91262817358932,1
PZA03522.1,6,87790780,274,-1.26704866637433,1.30709760093915,1
PZA03522.2,6,87791252,274,-0.227041508522178,1.99465869933561,1
PZA03523.2,6,87791607,274,-0.689926234743306,1.46247709847439,1
PZA03523.1,6,87791839,274,1.32767945277623,1.37907398437344,1
PZA03732.1,6,89098725,274,-0.640390955336114,1.38369154508417,1
PZA03732.2,6,89098939,274,0.256303539605709,1.62362621198518,1
PZA03732.3,6,89099054,274,-1.21800821370875,2.07649400412382,1
PZA03213.1,6,89828654,274,-0.905473468750771,1.38724900602529,1
PZA03213.2,6,89828710,274,0.713204542182574,2.5188712372226,1
PZA00214.1,6,91704093,274,-0.337138376505473,1.26532139779418,1
PHM8909.12,6,91883155,274,0.152822257272454,1.39620747419106,1
PZA00578.2,6,92705427,274,-0.768887348257401,1.96572953312693,1
PZA00578.1,6,92705503,274,1.88465845232205,2.22787786049067,1
PZB01881.12,6,93263489,274,0.332279878375115,3.45991987789856,1
PZB01881.10,6,93263605,274,3.09736177613201,2.89496761260781,1
PZB01881.11,6,93263819,274,2.21280867416112,2.60687572930886,1
PZB01881.8,6,93264181,NA,NA,NA,1
PZB01881.9,6,93264332,NA,NA,NA,1
PZB01877.1,6,93266925,274,-0.034152753176068,1.54735305381253,1
PZA02970.6,6,98507637,274,0.276133965833508,2.61908513552653,1
PZA02970.9,6,98507715,274,-1.24055460557814,1.85720508186469,1
PZA00942.2,6,102566000,274,-0.380220367818084,1.5377574623614,1
PZB01658.2,6,102953670,274,0.124370728907039,1.36367309671345,1
PZA03461.1,6,107548070,274,0.300994338988088,1.69741456757086,1
PZA00187.2,6,107666299,274,-0.14378888738242,1.26053426096367,1
PZA00187.8,6,107666382,274,1.0652359391468,3.60843537229458,1
PZB00857.1,6,113382498,274,0.259957707485151,1.39025236121313,1
PZB00857.2,6,113382607,274,-1.42781079772323,1.55221826374573,1
PZB00565.2,6,113384656,274,-0.494263227596224,1.56368507391086,1
PZB00555.3,6,113384662,274,0.783428993757894,4.02315277918408,1
PZB00555.2,6,113384758,274,-0.602539596038106,1.71473811173608,1
PZB00565.5,6,113385082,274,-0.765971684919965,2.56205198540242,1
PZB00563.4,6,113385214,274,-1.24736568072591,2.56478833340143,1
PZB00563.1,6,113385259,274,-1.04289480342167,1.33211356102353,1
PZB00562.1,6,113385418,274,-1.45090249055885,1.71362110432318,1
PZA00182.4,6,113705211,274,-2.26267103587987,1.35209614422621,1
PZA00182.3,6,113705266,274,-1.81759223119651,1.35963712121675,1
PZA01029.1,6,114031392,274,0.13650381747102,1.35951948079699,1
PZA03041.8,6,115280978,274,0.112165474943692,1.32059916085885,1
PZA03219.2,6,118089114,274,1.37123471886927,1.69440613872845,1
PZA03219.3,6,118089131,274,-1.41917197678333,1.50794244592698,1
PZA01736.1,6,118221553,274,0.38170965975726,2.08520797526803,1
PZA00382.17,6,118741714,274,-0.210687544949991,1.90526169112077,1
PZA00382.22,6,118741880,274,-0.590885381605407,1.9325319448185,1
PZA01055.1,6,120059553,274,-0.498660630549942,1.79299219365856,1
lac1.3,6,120230802,274,-0.226062998117224,1.31836307305201,1
PZA00571.2,6,120679865,274,0.701308975956128,1.36602236012431,1
PZA00571.1,6,120679943,274,-1.73277656143215,1.57359995882985,1
PZA00003.5,6,121839487,274,0.521020749599122,1.52085204498552,1
PZA00003.11,6,121839592,274,0.764995378703777,1.53194667426691,1
PZA00041.3,6,122849505,274,-1.46108873187613,1.32667635772201,1
PZA01729.1,6,123998706,274,-0.637330272905148,2.00328890269359,1
PZA00536.2,6,124027590,274,-0.905108541314122,1.2544981702034,1
PZA00473.5,6,124407006,274,-0.240444384130007,1.25934053447582,1
PZA00473.9,6,124407201,274,-1.2607384769161,2.48540569009965,1
PZA01591.1,6,125113941,274,-0.132252059455181,1.45561389052559,1
PZA01618.2,6,129927781,274,1.04922599363246,1.28535411368955,1
PZB00416.6,6,131405776,274,2.38573273337849,3.61630148615983,1
PZA00510.3,6,131576037,274,1.69853146912288,1.59904610334305,1
PZA00510.2,6,131576099,274,2.0967239894156,1.59643392462773,1
PZD00011.4,6,132084516,274,0.307120211843199,2.08894715011482,1
PZD00011.5,6,132084649,274,-1.20894281181738,1.36730308705999,1
PZD00011.1,6,132084997,274,0.60951766380323,1.34828688641661,1
PZA01884.1,6,132316837,274,-0.457290873900039,1.2752250922264,1
PZA00250.1,6,133090099,274,-0.736882674302506,1.48900024318781,1
PZA00357.19,6,134646802,274,-0.0889942724020158,1.50590974015182,1
PZA02262.3,6,135105656,274,-0.938369622871201,1.56444980381139,1
PZA03750.2,6,137325576,274,-2.26400874459607,1.32257286804927,1
PZA03555.1,6,137325669,274,-1.93284658273157,1.6019077587544,1
PZA03550.2,6,137326008,274,0.025067690128575,4.49843695958865,1
PZA03550.1,6,137326250,274,0.361785844345467,2.8758191052802,1
PZA01072.1,6,137479485,274,-0.366252176647954,1.5171712874625,1
PZA02187.2,6,139105889,274,1.50142577161934,2.50948999276261,1
PZA02187.1,6,139106115,274,1.06707101875188,1.25306493186378,1
PZA03068.13,6,140541669,274,-0.379577650592243,5.17793554947266,1
PZA03068.11,6,140541768,274,-0.90518381699911,4.34367239967961,1
PZA03546.1,6,140894135,274,0.662529236394789,1.36097496588575,1
PZA00439.6,6,141805491,274,-1.55442367669243,1.76338536350559,1
PZA02673.1,6,142648706,274,-1.66839180185259,1.32414322730388,1
PZB00942.1,6,144744222,274,1.41182336783654,1.42718173628258,1
PZB01308.1,6,144744486,274,0.270831688712956,1.71155530483604,1
PZB01308.3,6,144744591,274,-1.35917055385264,1.69321729125463,1
PZA03102.9,6,145827559,274,-0.678969802377007,1.41739578678241,1
PZA03102.2,6,145827685,274,-0.782071943130672,1.96674223034714,1
PZB02514.1,6,146163830,274,1.54833669310322,1.36722462938069,1
PZB02514.2,6,146163940,274,1.04676319074356,1.32386305084038,1
PZB02514.3,6,146164106,274,1.98729231498489,1.60699195944661,1
PZB01549.1,6,146285427,274,-0.568141411082154,3.35380796015086,1
PZA02811.4,6,146286168,274,-0.614119904353123,1.86959141826623,1
PZA02811.5,6,146286305,274,1.72077546956887,1.38782714045514,1
PZA02247.1,6,146544292,274,1.95895096460835,1.26326740092627,1
PZA03745.1,6,147142571,274,-0.903052959160492,1.23269630468974,1
PZA00721.4,6,147302259,274,0.962750427977458,1.7742616057977,1
PZA00721.5,6,147302331,274,0.618301320551837,1.79432012415261,1
PZA01144.1,6,147820659,274,0.85836350185916,1.67764531250039,1
PZA01342.2,6,148798630,274,1.2260219515211,1.70791357187479,1
PZA02436.1,6,149251173,274,1.8635906021634,1.55252854541565,1
PZA00443.4,6,149644390,274,1.3289445299615,4.17325759342526,1
PZA02472.2,6,149648334,274,0.903003608696233,3.26687309694423,1
PZA00241.6,6,150470602,274,1.47120969366458,1.81786377033743,1
PZA02830.8,6,151958886,274,2.8727785977077,1.56106748765212,1
PZA02958.17,6,151993489,274,1.45686572093117,1.30924377020092,1
PZA03318.1,6,153498534,274,0.841005892425173,1.81406993840644,1
PZA01672.1,6,154495634,274,-0.22423914670868,1.30566514585082,1
PZA03646.1,6,155618820,274,0.140132399877866,1.266425816173,1
PZA03646.2,6,155619139,274,1.03826173472978,1.8817418612439,1
PZA03027.12,6,156645239,274,-0.521093750111153,1.51975876268907,1
PZA03027.23,6,156645387,274,0.509692486644895,1.90867649856449,1
PZA03027.25,6,156645441,274,-0.433800513988822,1.61949592643383,1
PZA00223.2,6,156740198,274,0.516443931142058,1.30002599359871,1
PZA00223.4,6,156740239,274,-0.543567695244694,1.31723295041934,1
PZA00042.5,6,157129197,274,-0.363140715479294,1.48619343178648,1
PZA00042.2,6,157129313,274,-0.472710327423697,1.46930065509956,1
PHM4748.16,6,158540019,274,0.657638982862919,1.49146015069696,1
PZA03348.3,6,159808180,274,0.318338405647957,2.03710035960286,1
PZA03348.1,6,159808188,274,1.16201139803594,1.76220197643929,1
PZA00124.2,6,159890587,274,0.321050886220284,1.30005386632147,1
PZA00124.3,6,159890611,274,-0.808736368502242,1.3057107282336,1
PZB01569.10,6,160748446,274,1.12155096093155,1.27858327201964,1
PZB01569.8,6,160748709,274,0.095593767955581,1.3124302099699,1
PZB01569.7,6,160749024,274,1.15677083144411,1.85897621905996,1
PZB01569.11,6,160749026,274,0.250445998268983,1.93624723343941,1
PZB01569.9,6,160749106,274,-0.678434727158112,1.56697333391455,1
PZA00266.5,6,161570166,274,-1.19803226968258,1.52884837633203,1
PZA01468.1,6,161663671,274,0.538954891642153,1.29885681361532,1
PZB01388.1,6,161663864,274,0.25847219131389,1.26538079744163,1
PZA03151.1,6,162212191,274,0.157274581074824,1.25922673536451,1
PZA03151.2,6,162212222,274,0.548813288717935,1.72630854274812,1
PHM7922.8,6,163120296,274,0.914600604394786,1.48371624726206,1
PZA00821.1,6,163933232,274,0.43549019486408,1.86002585916448,1
PZB01222.1,6,164419435,274,1.0966184147052,1.34543158612671,1
PZA00198.39,6,164470369,274,0.989220542970271,1.81033084287627,1
PZA03449.4,6,164631981,274,0.0799158300898194,2.11585544616293,1
PZA03449.3,6,164632333,274,1.50471701231572,1.38000208402213,1
PZA02141.1,6,164999362,274,-0.105478513414297,1.91384867835032,1
PZA03089.12,6,165724924,274,-0.291346402314814,1.30737337763713,1
PZA00910.1,6,166688213,274,-1.49684112737296,1.37742057765237,1
PHM4468.13,6,167527305,274,1.0045450816917,1.26698225772107,1
PZA02815.25,6,167883450,274,-0.84065122418339,2.04316916596953,1
PZA01426.1,7,729478,274,0.304738607733572,2.11151544580986,1
PZB00140.1,7,2081333,274,-0.0334571685904164,1.35515513806979,1
PZD00057.2,7,2091465,274,0.254281761427828,1.22414157040798,1
PZD00057.1,7,2091822,274,0.914861980888051,1.4059077892037,1
PZD00057.4,7,2092048,274,1.13166776716585,1.58130860076623,1
PZD00057.3,7,2092320,274,-0.569783157638268,1.4362359102504,1
PZA02035.5,7,2585198,274,0.14440185610694,2.257403440879,1
PZA00188.1,7,2998280,274,0.942835504254361,1.56295873024101,1
PZB01960.1,7,3671338,274,-1.30233631896108,2.24662511071327,1
PZB01482.2,7,3671378,274,1.06069734507735,2.22849252999193,1
PZB01482.3,7,3671468,274,0.425483442579274,2.16693501227014,1
PZB01482.1,7,3671683,274,-1.40325041867803,1.58339346910801,1
PZB01083.4,7,4242242,274,0.375720545186885,1.42245845104584,1
PZB01083.3,7,4242439,274,0.148593436782167,1.40493214082221,1
PZB01083.2,7,4242495,274,-0.0914467517888928,2.0933086841506,1
PZA02983.38,7,4244157,274,-0.155446738755062,1.72321573951274,1
PHM9241.13,7,5101361,274,-1.09831631280093,1.27003103622571,1
PZA01909.1,7,6437899,274,-0.676175312416702,1.4465362039013,1
PZA03757.1,7,7166948,274,0.93499757128025,2.07388786447947,1
PZB02215.7,7,9142730,274,-0.116674716317793,2.22248489643336,1
PZB02215.10,7,9142868,274,-1.30438690610583,3.97450243435696,1
PZB02215.6,7,9142934,NA,NA,NA,1
PZB02215.5,7,9143417,274,-0.602522670571327,1.31104192305412,1
PZB02215.3,7,9143567,274,-2.54594538339616,3.07472657315126,1
PZB02215.9,7,9143576,274,2.0394174125397,3.19686906388333,1
PZB02215.4,7,9143735,274,0.802711807088285,1.39112716109112,1
PZB02542.1,7,11031881,274,0.192281177111289,2.76976789727809,1
PZB02542.2,7,11032128,274,1.05563542327516,2.32667788237711,1
PZB02542.3,7,11032355,274,-1.32055225655011,4.47735479806191,1
PZB01617.2,7,14349278,274,-0.231101990697694,1.36458305287218,1
PZB01612.2,7,14349513,274,-0.0478768347682207,1.52072958707053,1
PZB01612.3,7,14349767,274,2.26549087347985,1.43627426346407,1
PZB01612.1,7,14349857,274,-1.35505986707411,1.27492687835248,1
PZA03067.17,7,14354166,274,-1.01435815646588,1.56846363981718,1
PZA03067.20,7,14354237,274,-0.76876944690527,1.41685821986578,1
PZB01228.2,7,15335337,274,0.949693884763693,1.64054417995168,1
PZB01228.4,7,15335577,274,0.106214950450905,1.48276948548707,1
PZB00659.3,7,17347904,274,0.294198822770763,3.22790333167717,1
PZA00256.16,7,17397465,274,-0.456414562499253,2.13025058947104,1
PZA00256.21,7,17397515,274,-0.152711277998781,2.45318933770597,1
PZA03623.2,7,20237216,274,0.0165321417824288,2.05226606395606,1
PZA03623.1,7,20237594,274,-0.575934334092222,1.60624232400789,1
PZA03624.1,7,20238391,274,2.64525557462043,1.34017130962716,1
PZA03624.2,7,20238502,274,-1.25947650694799,1.33293593119408,1
PZA03624.3,7,20238609,274,-0.920844491513942,8.11855664349858,1
PZA03625.1,7,20238808,274,-0.909761539620777,1.5758152998099,1
PZA03626.2,7,20239901,274,0.282555779453933,2.01414683313512,1
PZA03626.1,7,20239975,274,0.952943808523285,1.4407310078232,1
PHM4080.15,7,20240404,274,0.992577415152193,1.47417623922257,1
PZA00534.2,7,21624035,274,-0.458852263025702,1.33296512750197,1
PZA00534.8,7,21624080,NA,NA,NA,1
PZA03344.1,7,22002530,274,-1.43368976102953,1.27616805380539,1
PZA03344.4,7,22002548,274,-0.0189328392928797,1.52563825152387,1
PZA03344.2,7,22002659,274,-0.323862681785418,1.25005837864677,1
PZA03344.3,7,22002684,274,1.08021256355193,1.4528288514551,1
PHM15501.9,7,32876504,274,-0.190398942139787,1.45742574845152,1
PZA00132.3,7,33979012,274,0.364413681322926,1.38766139241778,1
PZA00132.17,7,33979080,274,-0.259077698440919,1.6681593114431,1
PZA03687.1,7,40409236,274,0.030475943082774,1.45638149989705,1
PZA03565.2,7,43623648,274,1.14133642303388,2.51125312116819,1
PZA00084.2,7,43948264,274,1.53843162976802,1.42923141628568,1
PZA00084.3,7,43948320,274,1.19646145978493,1.43445015647485,1
PZA03341.2,7,44684805,274,0.775859202900909,2.62535298024997,1
PZA03341.3,7,44684895,274,0.630602724253902,1.36371611715035,1
PZA03723.1,7,47324932,274,1.64303001329733,1.29278597718328,1
PZA03723.4,7,47325011,274,-0.00398446675198201,3.6816716413878,1
PZA03723.2,7,47325096,274,-1.32969431873976,3.18260953713742,1
PZA03723.5,7,47325183,274,-0.284611286451201,3.37691604741023,1
PZA03723.3,7,47325292,274,-0.432990619383263,3.66531793475106,1
PZA03722.1,7,47326042,274,0.409692461103409,1.81517589402154,1
PZA01936.4,7,47568917,274,0.670854848943915,1.76781817319315,1
PZA02612.1,7,48612205,274,-0.559007495913584,1.70206233906032,1
PZA03363.1,7,49538583,274,-0.720674846249534,1.24500428595106,1
PZA00113.1,7,51242563,274,-0.0526116126290693,1.52449361000737,1
PZA01445.1,7,53160767,274,1.73684245234184,1.98282030219009,1
PZA03676.1,7,61311203,274,0.373664553018669,2.13614699838042,1
PZA03676.4,7,61311292,274,0.123982738579719,3.97321434480788,1
PZA03676.2,7,61311400,274,2.37513786212988,2.08298709968688,1
PZA03676.3,7,61311523,274,0.791800781255871,4.50140575322929,1
PZA03675.1,7,61312330,274,-0.453249774947558,1.85038198257601,1
PZA03675.2,7,61312392,274,-0.00904619785944323,3.98359561349282,1
PZB00635.1,7,63353441,274,-0.852286485089641,2.08817177337733,1
PZB00746.1,7,63353683,NA,NA,NA,1
PZA01607.1,7,68051112,274,-0.564147375915357,1.33966867553112,1
PHM904.21,7,69232215,274,-2.4961259517206,1.39490525403391,1
PZA03386.1,7,70374926,274,-2.20969501201548,1.50552432724145,1
PZA00418.2,7,71717601,274,-0.404956386534633,1.25345878107387,1
PHM12830.14,7,71717792,274,0.496648524184249,1.42262871637572,1
PZA03645.1,7,73892322,274,-0.990510562925516,1.24197954053392,1
PZA03645.2,7,73892439,274,-1.32933591641293,1.41100840729236,1
PZA01210.2,7,75098939,274,0.397584742500094,4.44741970852984,1
PZA01210.1,7,75099046,274,-0.201907663495558,1.27582956268663,1
PHM5324.11,7,86401923,274,-0.223989271246421,1.52828454773773,1
PZA01113.1,7,93101779,274,0.541187952941782,1.26172092669108,1
PZA01933.3,7,98070498,274,0.0506841608462349,1.26661061985692,1
PZB00109.1,7,100492899,274,0.650417030860567,1.29788941513148,1
PZB00109.2,7,100492949,274,-0.062438459561368,1.31565179715155,1
PZA03143.2,7,103263777,274,-0.587202988328762,1.42671946246533,1
PZA03143.4,7,103263781,274,-0.743135142645511,2.48326461191168,1
PZA03143.1,7,103264135,274,-0.56504796314911,1.39411672035392,1
PZA03149.2,7,103353750,274,-1.38269788460394,1.29935876876419,1
PZA03149.1,7,103354135,274,-0.963920946422028,1.31146688716215,1
PZA03149.4,7,103354216,274,-0.299678053809845,1.34217332933235,1
PZB00175.2,7,104898467,274,0.202005119884499,2.16718789462646,1
PZB00174.1,7,104898621,274,-0.189600560350207,1.44703450556315,1
PZB00174.3,7,104898624,274,0.26505642253293,2.01910032093106,1
Ra1.1,7,104898767,274,-0.684903503835095,3.92598509421442,1
PZB01186.3,7,119650174,274,-0.440947357148705,1.27961007049461,1
PZB01186.2,7,119650229,274,0.333712419346077,1.3945095817843,1
PZB01186.1,7,119650294,274,0.371347840274667,1.21835270628222,1
PZB01186.4,7,119650433,274,-1.38666761918264,6.51512023322137,1
PZB02139.1,7,122111720,274,0.796809342797726,1.3167942615036,1
PZA00370.1,7,122373056,274,0.510335316347986,1.35543238354286,1
PZA00370.5,7,122373149,274,-1.42488972599128,1.4472087805141,1
PZA00616.7,7,122626062,274,0.295976595209171,1.28947972400196,1
PZA00616.11,7,122626218,NA,NA,NA,1
PZA01946.7,7,123601837,274,-1.47466140543299,1.2620213481861,1
PZA02352.1,7,124598905,274,-0.290661776148043,1.53143136441858,1
PZA00211.7,7,125465928,274,-0.760551004626599,2.64845769643687,1
PZB00169.2,7,127435208,274,0.934999334137239,2.53544490626618,1
PZA02643.1,7,128365318,274,-0.174397615436712,1.70412005935581,1
PZA01714.1,7,128402775,274,-1.63503617163858,1.3426592484305,1
PZA03583.2,7,128404361,274,-0.91471877585056,1.63021690805239,1
PZA03583.1,7,128404558,274,-1.37702678604927,1.22014516977605,1
PZA03582.1,7,128406150,NA,NA,NA,1
PZA01542.1,7,129793873,274,0.845266116413575,1.36382617128436,1
PZD00054.1,7,130488434,274,0.443276750540149,1.28152866551315,1
PZA00040.19,7,130808986,274,0.422024405676668,1.35441529563275,1
PZB00752.1,7,131103240,274,0.765553410047342,1.39096369116147,1
PZB00752.2,7,131103432,274,-1.4162909555186,1.77512500081127,1
PZA03739.1,7,133371379,274,0.39102407361516,1.86429643320652,1
PZA03738.2,7,133372193,274,-0.914275043105857,1.53181193420088,1
PZA00655.1,7,133818011,274,-1.31923802773288,1.70675396821632,1
PZA00111.4,7,133825665,274,-0.102630150257452,1.32425381855736,1
PZA00111.2,7,133825965,274,0.521867820763344,1.56895579918419,1
PZA00740.3,7,134062060,274,1.31677088354234,1.45528260079994,1
PZA02449.13,7,134847920,274,-0.429476283402905,1.68650705102777,1
PZA03727.1,7,137207288,274,-0.293388984533796,1.34397267901685,1
PZA03728.1,7,137207838,274,1.63603969617076,1.76076075775746,1
PZA03728.2,7,137207966,274,-0.860359907926899,1.34171177555142,1
PZA03728.3,7,137208116,274,-1.45744331132919,1.65632433177806,1
PZA03400.1,7,137628251,274,0.447810042518878,5.36854105778767,1
PZA03258.2,7,137628516,274,-0.539045821095696,4.28855630505945,1
PZA02854.13,7,137834376,274,-1.40720316289179,1.35807199056827,1
PZA02854.7,7,137834462,274,1.27517012929322,1.56320422874146,1
PZA00405.7,7,138551298,274,1.00168984753876,1.51245052447849,1
PZA00405.6,7,138551416,274,-0.355900346335473,1.35695677476697,1
PZA00405.2,7,138551678,274,0.98351318337673,1.2889934896314,1
PZA03574.5,7,141322594,274,-0.547866127910239,1.35588792091474,1
PZA03574.4,7,141322797,NA,NA,NA,1
PZA03574.1,7,141322979,274,0.31815899184832,1.35930248825977,1
PZA03574.3,7,141323077,274,0.659918588364709,1.8684565132834,1
PZA03574.2,7,141323421,274,-0.708029187827932,2.01465005681698,1
PZA00504.1,7,142135761,274,1.10223649292076,2.00001361672519,1
PZA03397.1,7,143547413,274,-3.5965797962622,5.1687372563512,0.591353284703771
PZA03397.2,7,143547864,NA,NA,NA,1
PZA00096.6,7,144013417,274,-1.01214714971112,1.2900970875915,1
PZA00096.26,7,144013500,NA,NA,NA,1
PZA03162.1,7,144482928,274,-0.646798184970044,2.40154201803976,1
PZA03162.2,7,144482998,274,-1.00241325820514,2.33976195133696,1
PZA02940.3,7,144884172,NA,NA,NA,1
PZB00062.9,7,145056664,274,-0.570657850889888,3.53126068659381,1
PZB00062.10,7,145056863,NA,NA,NA,1
PZA00614.1,7,145912449,274,0.824896594940969,2.4492898039916,1
PZA00614.12,7,145912535,274,-0.919743143040847,2.4988992912901,1
PZA00350.2,7,147187128,274,0.73868742976974,3.27628202251402,1
PZA00670.9,7,149715917,NA,NA,NA,1
PZA00670.2,7,149715975,274,-1.18852626699243,1.45429068762905,1
PZA03199.3,7,151510061,274,-0.608264343494496,1.34933480389857,1
PZA03176.3,7,151510428,274,1.25948459828026,1.46231091510195,1
PZA03176.2,7,151510558,274,0.622209081275477,1.30923026149381,1
PZA03176.4,7,151510758,274,1.82230144748695,1.35573168696934,1
PZA02959.7,7,151622827,274,0.726293089128871,1.3635652746831,1
PZA02959.11,7,151622947,274,-0.79554022559551,1.30906872028797,1
PZA02959.14,7,151623063,274,-0.276588485791687,1.44815085762926,1
PZA03329.1,7,152631991,274,-1.51439625061047,1.5969364070709,1
PZA00326.16,7,153447034,274,0.123293817729311,1.69887534513603,1
PZA02386.2,7,154594107,274,-0.213756353634824,2.14558569663098,1
PZA03544.5,7,157154259,274,-0.993170660288999,3.70760708324636,1
PZA03544.3,7,157154622,274,-0.594674120467538,1.32308462708153,1
PZA03544.4,7,157154717,274,-1.1015923448994,1.57151718310067,1
PZA03544.2,7,157154780,274,-0.153808438901469,1.28839772835588,1
PZD00044.7,7,158728047,NA,NA,NA,1
PZA00795.1,7,159417489,274,0.42082913541671,1.74094527464648,1
PZB00777.4,7,159849317,NA,NA,NA,1
PZB00777.1,7,159849353,274,-0.236899755330401,1.90543043196065,1
PZB00777.2,7,159849580,274,-0.84464938762474,1.55299581008066,1
PZA00474.14,7,160099493,274,1.38032494785986,1.46884555077976,1
PZB01238.7,7,161167458,274,-1.16311352791417,2.73673628879939,1
PZB01238.3,7,161167688,274,-0.58017915641069,2.7425357541871,1
PZB00597.1,7,161517855,274,-1.82465749787678,1.8723018832183,1
PZB00595.1,7,161517989,274,1.83637489357322,1.81713536133056,1
PZB00597.2,7,161518222,274,-0.475521866123571,1.98060233200648,1
PZB00595.2,7,161518290,NA,NA,NA,1
PZA00227.7,7,161520382,274,-0.324781246723399,1.45387142110486,1
PZA02373.1,7,161618509,274,0.352375932098567,1.21885538263733,1
PHM7898.10,7,161993743,274,0.298976739887099,1.26004391784612,1
PZA02223.2,7,162118899,274,-0.150134009982324,1.35819030003975,1
PHM10225.15,7,162173638,274,0.499554054116361,1.57499759233076,1
PZA00496.1,7,162222117,274,-0.840750915339881,2.07998865947253,1
PZA00496.2,7,162222300,274,-0.314439218287437,1.66910322944014,1
PZA01533.2,7,162381818,274,-0.468442283727157,1.31941169161174,1
PZA00505.4,7,162531108,274,1.39672379837048,1.66898708751977,1
PZA00505.5,7,162531135,274,-0.857837059888422,1.39898207067004,1
PZA00505.6,7,162531284,274,-0.424513400659555,2.77778364838722,1
PZA03179.1,7,162574346,274,-0.562235482059688,1.35224106495326,1
PZA03179.4,7,162574534,274,-0.299790245817268,1.98805472444333,1
PZA03180.5,7,162574792,274,-1.67577966686881,2.94225745434842,1
PZA03180.1,7,162574831,274,0.105650120205539,1.36580209581992,1
PZA03180.2,7,162574834,274,0.572682943647871,4.106557185516,1
PZA03368.3,7,162877895,274,-0.102116457032011,1.35621749041286,1
PZA03368.4,7,162878070,274,1.69687241605037,5.36003392516913,1
PZA03368.1,7,162878175,274,-0.830653448598908,1.83495976028115,1
PZA01802.3,7,162945589,274,-2.23219124894959,1.3446616933726,1
PZA01028.2,7,164853203,274,-0.548545532160075,1.86379784755574,1
PZA00386.4,7,164941742,274,0.610829102395255,2.06038079912328,1
PZA00386.3,7,164941846,274,0.695013808916405,1.97947525745683,1
PZA00386.2,7,164941881,274,-0.166939584209201,1.46872872686317,1
PZB02448.2,7,165247457,274,0.228210925783185,2.01914715981071,1
PZB02448.1,7,165247569,274,-0.446286164542671,1.56880575688271,1
PZB02448.3,7,165247738,NA,NA,NA,1
PZB00123.1,7,165248088,274,-0.229900834434753,1.55397793780554,1
PZB00123.2,7,165248667,NA,NA,NA,1
PZA00178.4,7,165275572,274,-0.0877729554816893,1.68571731971177,1
PZA00178.3,7,165275756,274,-0.321994007559649,1.36802087760477,1
PZA00695.1,7,165518207,274,-0.517564788643851,1.44126045663085,1
PZA00695.2,7,165518317,274,-0.232043084786148,1.3856039361415,1
PZB00603.2,7,165995047,274,-0.606418960796222,2.4348310487911,1
PZB00605.4,7,165995303,274,0.379887808837401,2.00121481212142,1
PZB00605.3,7,165995314,274,0.751742259077961,1.41497564103273,1
PZA01278.2,7,166025654,274,-0.948869083803662,1.71622142138264,1
PZA03295.2,7,167014837,274,0.949894209401354,2.73591892426149,1
PZA00423.16,7,167060647,274,-0.191212462690999,1.90991671450014,1
PZA00423.17,7,167060733,274,0.019577217519129,2.24001086467823,1
PZA00043.7,7,167218288,274,-0.0236567201452163,1.79455089019538,1
PZA00043.1,7,167218363,274,0.0189223536458643,1.30686499099091,1
PZA00424.1,7,169017514,274,0.238554326546857,1.4327315687814,1
PZB01638.1,7,169020648,274,0.155912356716126,1.31801686049976,1
PZB01638.3,7,169020741,274,0.20892912969713,1.30958136464203,1
PZA02850.18,7,169067788,274,-1.17912262529105,1.44226096731874,1
PZA02850.4,7,169067986,274,0.98418900857781,1.70425572897974,1
PZB02070.1,7,169215983,274,0.980767115061626,1.21491434922247,1
PHM5232.9,7,169409684,274,-2.06272820986582,1.33198779018283,1
PZA02274.1,7,169955290,274,0.174193103799635,2.28479534079937,1
PZA03117.3,7,170346140,274,-2.8257560634335,1.29314346245635,1
PZA03117.2,7,170346253,274,-1.96571672066031,1.21627201967039,1
PZA02388.1,8,169137,274,1.73838945402722,1.2512247889241,1
PZA02174.2,8,4101256,274,0.527477898988841,1.3541909021856,1
PZA03316.4,8,4766593,274,1.79449182056649,3.784833955826,1
PZA03316.1,8,4766694,274,0.775147902672602,1.59090840082077,1
PZA03316.3,8,4766801,274,1.15686168680012,1.54040995764714,1
PZA00368.17,8,5632196,274,-0.10654847310033,1.33582696626238,1
PZA00368.1,8,5632308,274,1.06115836999297,1.23244431098158,1
PZA00058.1,8,5966657,274,-0.483284086135527,1.19709193895568,1
PZA00058.5,8,5966698,274,-1.48189722675609,1.86910346651417,1
PZA00632.1,8,6017018,274,0.493863673463801,1.61086045232398,1
PZA00416.4,8,8098163,274,-0.511634565096258,1.44847228052448,1
PZA00416.2,8,8098271,274,0.262320399972168,1.28079963445122,1
PZA01601.1,8,8404207,274,-1.04135424193474,1.40115868419252,1
PZA03178.3,8,11602192,274,-1.64110917794945,1.7891215977882,1
PZA03178.1,8,11602213,274,0.425112530984193,1.21242960675014,1
PZA01691.1,8,11620274,274,-0.405651196356498,1.26397456158512,1
PHM9695.8,8,12401723,274,0.355552826741226,1.2252434809154,1
PZA01079.1,8,14123731,274,0.47532455982169,2.0545346449711,1
PZA02955.3,8,14721554,274,0.361929332680677,1.34504935880352,1
PZB01977.2,8,17433938,274,0.15901413466513,1.29522055879715,1
PZB01977.7,8,17434179,274,-0.71731627446796,1.62674734537489,1
PZB01977.11,8,17434259,274,0.287836067666911,1.31348624837483,1
PZB01977.4,8,17434337,274,-0.4174069261372,1.4062362845818,1
PZB01977.6,8,17434439,274,-0.591841452065905,1.96368617164947,1
PZB01977.5,8,17434510,274,-0.497553145608221,4.31550078827597,1
PZB01977.10,8,17434577,274,0.77702604730905,2.95998285649236,1
PZB01977.1,8,17434712,274,0.751248572449849,1.49687428187005,1
PZB01977.9,8,17434775,274,-0.335278340400089,1.38435330127802,1
PZB01977.3,8,17434841,274,-1.78807455440691,1.30284096370142,1
PZD00024.2,8,22274672,NA,NA,NA,1
PZD00025.2,8,22276752,274,1.36753159485508,1.29897054828997,1
PZD00025.1,8,22277128,274,0.630734725475599,1.62285754987662,1
PZA01186.1,8,22423380,274,0.0907300922038064,1.25476700572085,1
PZB01475.1,8,22632055,274,1.16287303220671,1.25891150700337,1
PZB01475.2,8,22632465,274,0.960374354033248,1.43833953458924,1
PZD00034.3,8,23005432,274,-0.545941488479184,1.35906508787146,1
PZD00034.4,8,23005482,274,-0.316518450519855,3.55643752856045,1
PZA00758.1,8,23796463,274,-1.45004273285561,1.50019084992278,1
PHM2350.17,8,23985819,274,-1.00420204382626,1.23499991676368,1
PZA00481.7,8,24557261,274,-0.461345941334759,1.39232714162045,1
PZA01196.2,8,24748473,274,1.76400194518062,1.34946212933601,1
PZB01094.4,8,32078447,274,-0.25813254709456,7.21275382901779,1
PZB01094.1,8,32078607,274,0.559293671858289,1.43047996647598,1
PZB01094.3,8,32078673,274,-1.22235521789027,4.7873851569028,1
PZA02927.1,8,34077450,274,1.45751042911746,2.75123441118621,1
PZA03114.2,8,34684129,274,0.555354008444887,1.25107836542336,1
PZA03381.2,8,43848287,274,0.0840427146337335,1.74978807908305,1
PZA03381.1,8,43848372,274,-0.41807421261847,1.6963967153154,1
PZB02114.1,8,44552495,274,0.273133122847945,1.62697023314194,1
PZB02114.2,8,44552625,274,0.293013311576526,3.4386812835459,1
PZB02114.3,8,44552704,274,0.0159742046292082,1.68708249913629,1
PZB00145.1,8,44553828,274,-0.20068362099064,1.74510633399852,1
PZA00498.5,8,48775713,274,-0.891243655167197,1.46671153804774,1
PZA00498.3,8,48775756,274,-0.147504772409805,1.38082545744044,1
PZA01209.1,8,52678845,274,-0.758734847715477,1.38165276619076,1
PZA02203.1,8,55008669,274,-0.951845121944481,1.55896952611301,1
PZA03126.1,8,59949306,274,1.37672814615569,2.27311113485767,1
PZA00417.3,8,60100774,274,0.158990301544361,1.75182666126525,1
PZA00417.2,8,60100989,274,0.647984202724018,1.6907278878028,1
PZA00793.2,8,64421988,274,0.667898475235842,1.2771359663823,1
PZA00379.2,8,65657055,274,1.62685265087293,1.32785490439175,1
PZA00717.14,8,68476007,NA,NA,NA,1
PZA00717.15,8,68476189,274,-0.274390059083359,1.34910606100775,1
PZA01257.1,8,68789720,274,0.276710807766894,1.39888564546607,1
PZA00196.2,8,70063587,274,1.11087976517188,2.26953959612513,1
PHM11114.7,8,70899841,274,-1.77275502329607,1.25574209569418,1
PZA01470.1,8,72801790,274,-0.585503992065363,1.43734075116794,1
PZA02887.9,8,76261326,274,1.6853272773372,1.31111246705017,1
PZA03035.5,8,76419367,274,-0.992823585306496,2.15629227897192,1
PZA03408.1,8,76905518,274,0.15818869652766,2.81536395510676,1
PZA00452.1,8,78017679,274,-1.2183794559232,1.23846238377831,1
PZA02522.1,8,82710229,274,0.563713640984887,1.87760638371163,1
PZA01297.1,8,82856261,274,1.02958017197768,1.82756501218826,1
PZA00600.11,8,83913342,NA,NA,NA,1
PZA03736.1,8,93829348,274,-1.05319220452907,1.35878330836412,1
PZA03135.3,8,100564174,274,0.489713962465799,3.67972480040321,1
PZA03135.1,8,100564485,274,-0.243870246622506,1.3523136190602,1
PZA02019.1,8,100932328,274,0.146781023156252,1.45524994909474,1
PZA03579.2,8,105795595,274,-0.385873021727679,1.30573130031488,1
PZA03579.1,8,105795685,274,0.022418780516093,1.59575343286388,1
PHM4134.8,8,105795742,274,0.377290546521947,1.44718048753927,1
PZA00739.1,8,105796017,274,-0.11353149539089,1.62255880114142,1
PZA02566.1,8,112318768,274,1.29558322466278,1.28303206323955,1
PZB01883.2,8,114949534,274,0.204649977910603,1.35538906764555,1
PZB01883.1,8,114949662,274,0.920236929678029,1.80014018088363,1
PZB01883.4,8,114949770,274,-0.590249455279835,1.83305846185577,1
PZB01883.3,8,114949852,274,-0.675496952839465,1.75841044466054,1
PZA03012.12,8,115257156,274,-1.85499150922262,1.36995637077951,1
PZA03012.10,8,115257234,274,-1.19477145674208,3.72066514643206,1
PZA03012.7,8,115257396,274,1.56956984866196,1.30500608266465,1
PZA00045.2,8,116787118,274,-0.572820300739096,1.48402394494042,1
PZA00045.1,8,116787172,274,-0.314938079575416,1.45158806304573,1
PZA00567.10,8,116875758,274,0.0193201318641065,1.45214462706702,1
PZA03638.1,8,118438296,274,0.272994388366398,1.70641209261032,1
PZA03639.1,8,118438383,274,0.202394506497604,1.77240341798893,1
PZA03638.3,8,118438467,274,-0.2303818393573,2.052855291168,1
PZA03638.2,8,118438533,274,-1.82362484018373,1.38294466278671,1
PZA03637.2,8,118439748,274,1.70027578621348,1.37630454242316,1
PZA03637.1,8,118439775,274,0.412892927026458,1.69205805308069,1
PZA03637.3,8,118439827,274,-0.222877387483342,1.66944082442537,1
PZB01385.3,8,122233767,274,-0.521068512931029,1.27617318399189,1
PZB01385.2,8,122233827,274,0.127474517281214,1.56595504893247,1
PZB02161.1,8,123268336,274,0.220134610752107,1.76344555480572,1
PZB02159.2,8,123269296,274,1.57772339651854,1.40660669069927,1
PZB02159.1,8,123269491,274,1.25544708247765,1.49088779350462,1
PZB01201.1,8,123272319,274,-1.15531979539594,1.40596132394562,1
PZB02155.2,8,123272809,274,1.40845034298799,2.29456594743234,1
PZB02155.1,8,123272935,274,-2.86337055217147,1.3421864777421,1
PZA01038.1,8,123599285,274,0.086300016043043,1.32257838689888,1
PZB00591.1,8,123929371,274,-0.752316052963984,1.51867402691692,1
PZB00592.2,8,123929533,274,-0.670869931106416,1.5083011949575,1
PZB00592.1,8,123929882,274,-0.837685941921395,1.29038025361465,1
PZA00531.1,8,123932505,274,-0.34920669370014,1.6572019937577,1
PZA00531.2,8,123932687,274,-0.668556587724897,1.66292232550479,1
PHM10525.11,8,124752481,274,0.354910084974426,1.37078201273595,1
PHM10525.9,8,124752624,274,-0.609851783982093,1.35369044267226,1
PZA00419.1,8,125230104,274,0.507953989687015,1.48194651188215,1
PZA00272.3,8,125785322,274,-0.786642028607384,2.65935097685198,1
PZA00272.2,8,125785447,NA,NA,NA,1
PZA00118.1,8,126154819,274,0.52456645838586,1.261180388768,1
PZA00118.4,8,126155021,274,-0.732372210621695,1.27425010372941,1
PZA00118.5,8,126155082,274,-0.124025379334675,1.95794211027304,1
PZA03241.3,8,128276819,274,-1.21638314216282,1.82326446551904,1
PZB02534.3,8,128276900,274,-0.242315490985958,1.82531194777425,1
PZB02534.4,8,128277017,274,-0.938500781704948,1.3394797015252,1
PZA03241.5,8,128277088,274,0.41862662169414,7.18326518379756,1
PZB02534.1,8,128277137,274,-1.05515076411824,1.34160102416672,1
PZB02534.2,8,128277210,274,-0.706247200350258,1.76543600556118,1
PZA03612.4,8,128613644,274,-0.112007665455536,2.82515840595217,1
PZA03612.3,8,128613858,274,-1.13226559890781,1.54379991390209,1
PZA03612.2,8,128613967,274,1.33392427453347,1.52080447137703,1
PZA03611.1,8,128632225,274,1.26289105183961,1.52018650318576,1
PZA03610.1,8,128633607,274,1.02171178582419,1.57058726749896,1
PZA01049.1,8,129044327,274,-0.949411795704133,1.27975834574622,1
PHM5468.25,8,129163361,274,-1.1745823844439,1.62920378508029,1
PZA03052.15,8,129384587,274,-1.21271629663231,2.01102152960686,1
PZA03395.5,8,130388141,274,2.43002637023617,2.08401847657317,1
PZA03395.4,8,130388227,274,-0.517666086489499,2.25271251347712,1
PZA03395.3,8,130388436,274,0.51153735371783,1.71383288816741,1
PHM14152.18,8,131568112,274,1.81550836840569,1.25936703369922,1
PZA00049.12,8,132749967,274,0.426695140175201,1.48117756650603,1
PHM4203.11,8,133529939,274,0.617237966367644,1.26378509424045,1
PZA03005.9,8,133748608,274,0.331137297562031,1.26521560739871,1
PZA03005.19,8,133748695,274,-1.4395782781455,1.72274966799181,1
PHM448.23,8,133775120,274,-1.18736334015001,1.28755873339207,1
PZA00766.1,8,133775220,274,0.334802256123144,1.30428644537336,1
PZB01389.2,8,134723762,274,0.0595779797540404,4.16115711099618,1
PZB01389.1,8,134723842,274,0.290477460055064,1.31330876902625,1
PZA03591.1,8,134813437,274,-2.60289091421248,1.75609101348946,1
PZA03591.3,8,134813550,274,0.895480002938708,1.69906153124503,1
PZA03591.2,8,134813696,274,0.363361864820176,1.29096895490884,1
PZA03590.1,8,134815566,274,1.00241328952068,4.20444798802039,1
PZA00090.1,8,137480768,274,0.789248652475574,2.43331313179767,1
PZB00665.1,8,137572174,274,-1.94796685054311,1.53249453218405,1
PZB00665.2,8,137572228,274,-1.8125656557296,1.25569451119652,1
PZA02011.1,8,140212456,274,-0.0456986312607909,1.27031634603284,1
PZA03061.5,8,141037093,274,0.571267908052617,2.11988731762526,1
PZA03608.2,8,141276260,274,-0.475479101104589,1.34918338680728,1
PZA03608.1,8,141276353,274,-1.21726736024241,1.49754615436328,1
PZA00168.14,8,141887023,274,0.77000260235977,1.959072664571,1
PZA00429.2,8,144443053,274,-1.00132577631823,1.51072435809685,1
PZA00429.1,8,144443084,274,-1.47927528877656,1.44575493492851,1
PZA00097.13,8,144652871,274,-1.05913992486356,2.84757761606981,1
PZB01454.3,8,145713740,274,-1.48118348039987,1.33110508335037,1
PZA03650.1,8,146342067,274,0.542797500023277,1.44960475630071,1
PZA03651.2,8,146342751,274,-0.586257430298517,1.34200877880944,1
PZA03651.1,8,146342784,274,-0.663288134260022,1.46978290746192,1
PZA03652.2,8,146342956,274,1.22654661925385,1.9102387997155,1
PZA03652.1,8,146343044,274,0.666555509306573,1.3493752352098,1
PZA03652.3,8,146343197,274,-1.49545392946394,5.41331562523254,1
PZA00686.4,8,146670206,274,0.934102202124554,2.55128093950355,1
PZA00686.7,8,146670272,274,-0.615895594328643,2.40023800780966,1
PZA00120.4,8,147049220,274,1.94791827038984,1.99105761541019,1
PHM4757.14,8,151452567,274,1.37587140661931,1.35193331371781,1
PZA03153.2,8,151468480,274,0.18933131343714,1.56861755017778,1
PZA03153.4,8,151468520,274,0.653698091703228,1.36332591245417,1
PZA03153.1,8,151468637,274,0.283570906153462,2.40720657067237,1
PZA03153.3,8,151468701,274,0.0577096160530807,1.33822764092733,1
PZA03182.5,8,152155087,274,-0.267956871354992,1.31357650619368,1
PZA03182.3,8,152155155,274,0.453139240202389,1.92742829170368,1
PZA03182.2,8,152155215,274,-0.488026655158627,3.88111470522803,1
PZA00314.6,8,153355348,NA,NA,NA,1
PZA00422.2,8,153373467,274,0.169725397417538,1.59678232652503,1
PZA00422.5,8,153373529,274,1.52609275148986,1.82078648174445,1
PZA00334.2,8,154182352,274,0.984771157930205,1.59381004545962,1
PZA03225.2,8,154325717,274,1.0482656846237,1.32840977285206,1
PHM12749.13,8,155071379,274,-0.201008475357839,1.34219032728366,1
PZA00018.5,8,155326020,274,0.702999738208738,1.90174173748078,1
PZA00177.4,8,155435599,274,0.634308548964046,1.62311070338722,1
PHM15278.6,8,155484031,274,-1.22835844776864,1.28335369117911,1
PZA03695.2,8,155569735,274,-0.0880336038653553,2.67273010301107,1
PZA03695.1,8,155569805,274,0.641023292258932,1.57139118039128,1
PZA03696.3,8,155570552,274,0.997981630030092,2.71421313379319,1
PZA03696.1,8,155570656,274,0.110592881624172,1.54426696071726,1
PZA03696.2,8,155570773,274,1.37376655184934,3.59604096324003,1
PZA03697.1,8,155570887,274,0.615669039692944,1.40702133119791,1
PZA03698.1,8,155571435,274,-0.361563653562998,1.30111901429888,1
PZA03698.3,8,155571493,274,-0.0483289495749095,1.62225744612367,1
PZA03698.2,8,155571651,274,0.795323438975751,1.52719557974255,1
PZA01741.1,8,156061850,274,-0.0920314987800278,1.57333647677011,1
PZB02040.1,8,156646395,274,0.243277227980369,6.43730312980124,1
PZB00160.1,8,157472833,274,-0.739736756579334,2.55563427749558,1
PZA00838.2,8,158949206,274,-1.36407313720151,1.29082218915093,1
PZA03656.1,8,158961898,NA,NA,NA,1
PHM3465.6,8,159478545,274,-1.02854402689916,2.91899860598968,1
PZA00706.16,8,159897914,274,-0.796261639488696,1.79944138513313,1
PZA00706.11,8,159898064,274,2.08486803677149,1.33373320740776,1
PZB00811.1,8,160536300,274,-3.01870794014234,2.56735048179274,1
PZB00811.2,8,160536472,274,-1.26519647222055,1.43095441644193,1
PZA03388.2,8,160537081,274,0.0646692302907635,1.31052589105622,1
PZA03388.1,8,160537277,274,-1.50945167033769,1.36852014020395,1
PZA00675.1,8,161460108,274,0.218272433513514,1.65557807008354,1
PZA03592.1,8,161817307,274,-1.3159815358546,1.77522606599599,1
PZA03592.3,8,161817408,274,-0.14171142150166,1.42765987820796,1
PZA03593.1,8,161819705,274,0.49444463482851,1.4254517602511,1
PZA03593.2,8,161819940,274,1.12412491912552,3.1195336964379,1
PZA00229.7,8,161988861,274,-0.128551683963949,1.62909174079032,1
PZB01107.7,8,162011903,274,-0.208569452420738,4.45273293768854,1
PZB01107.8,8,162011965,274,0.377997054125733,2.15316613930414,1
PZB01107.6,8,162012097,274,-0.600062806268892,2.89727730626334,1
PZB01107.2,8,162012202,274,-0.0684677854501479,1.55150174529883,1
PZB01107.5,8,162012322,274,0.641420351428494,1.26897806123885,1
PZA00336.10,8,162446230,274,0.0741000099373189,1.27220678896231,1
PZA02746.2,8,163067200,274,0.959663016506114,1.31482113964881,1
PZB00700.1,8,163492031,274,0.128615935192801,2.5803113688669,1
PZA00460.8,8,163565334,274,2.69283585735117,1.33518526480413,1
PZA00460.3,8,163565396,274,-0.180397566169102,1.35554515249528,1
PZA00516.2,8,163572237,274,1.53101662270844,1.30052688025954,1
PZA00516.3,8,163572301,274,-0.432368941692806,1.29081238546633,1
PZB00007.3,8,163643858,274,0.632649326396337,1.6621875453211,1
PZA00362.2,8,163939051,274,0.488084881904461,1.438363173852,1
PZA00362.1,8,163939189,274,-0.457909299206547,1.75962105741872,1
PZA01316.1,8,164369718,274,0.338877235061133,1.67597420689125,1
PZA00001.8,8,164795650,274,0.0171817822500586,1.56258971539784,1
PHM4786.9,8,164795880,274,0.773073891394357,1.42814460648,1
PZA00904.1,8,165809816,274,-0.863559189042698,1.33815683745571,1
PZA00641.8,8,166182700,274,-1.07992592679803,3.34150387302243,1
PZA00641.7,8,166182794,274,0.58593448774413,3.40061509711433,1
PZA01964.29,8,166984405,274,-0.392367155058676,1.4317674146478,1
PZA03446.1,8,168485696,274,0.0289945998013009,1.71930586093658,1
PHM14046.9,8,169471006,274,-0.134807513395117,1.51292644258353,1
PZB01057.4,8,169540271,274,-0.819276889917578,1.7775614226702,1
PZB01057.3,8,169540274,274,0.581036961874892,1.88016102907941,1
PZB01057.1,8,169540340,274,0.136384666867594,1.90447100026712,1
PZB01057.2,8,169540394,274,0.543393931945629,1.5404518900974,1
PZA03202.2,8,169912459,274,0.096304253416567,1.35055283071402,1
PZA03202.1,8,169912848,274,-1.09202416461503,1.25009655164905,1
PZA00189.21,8,170014413,274,1.30611095183588,1.52833351480276,1
PZA00760.1,8,171099906,274,0.419844127057209,1.54047718638832,1
PZA03538.1,8,171578191,274,1.36056107044819,1.38051315820472,1
PZA03537.1,8,171581059,274,1.53535244810662,2.46359234432023,1
PHM2749.10,8,171703522,274,-1.12090726614576,1.34274224080096,1
PZA01290.1,8,171827952,274,1.33009240757875,1.31789260799747,1
PZA02281.3,8,172057935,274,-0.897569166515865,1.56547785213975,1
PZB01872.1,8,172323589,274,-0.85013855786488,1.31438607903274,1
PZB01872.2,8,172323795,274,1.01816300915187,3.57662538317753,1
PZA03062.7,9,3873116,274,-1.21765092581836,1.44149516798908,1
PZA03062.15,9,3873152,274,-0.192742443455984,3.38470778399211,1
PHM3925.79,9,3955377,274,-0.365086689047435,3.19633431289679,1
PZD00036.2,9,6992336,274,-0.410653382122473,1.4464128147155,1
PZA01799.1,9,9885916,274,0.55643583969514,1.34655882340764,1
PZB00781.1,9,11101740,274,-0.0968170167732938,1.33330759295784,1
sh1.4,9,11336778,274,0.00876843924434639,1.34164363825169,1
sh1.3,9,11337226,274,-0.226309043506343,1.38231048742164,1
sh1.2,9,11339352,274,1.39677159280371,1.34499581461836,1
sh1.11,9,11339891,274,-0.0821365234262729,1.28143212016438,1
sh1.12,9,11340882,274,0.25124991707667,1.3839476277471,1
sh1.1,9,11341274,274,-1.42982632242687,2.15919700805065,1
PHM1218.6,9,11342096,274,1.70095694391431,1.51156468278069,1
PZA01195.3,9,11345280,274,-1.15283263081745,2.46882888995793,1
PZA00466.1,9,11972467,274,0.240528356347757,1.79323118069789,1
PHM5181.10,9,15582065,274,1.30971881611158,1.3936454376214,1
PZA02916.5,9,15582100,274,2.67015470656184,1.4340791028689,1
PZA02916.4,9,15582109,274,1.96958378993797,1.43392157853574,1
PZA02702.1,9,16228586,274,-2.12515699155005,1.83768713951741,1
PZA03431.1,9,16578365,274,-1.66439956303821,4.76264443345073,1
zmm3.1,9,16966211,NA,NA,NA,1
zmm3.2,9,16966263,NA,NA,NA,1
zmm3.4,9,16966348,NA,NA,NA,1
PZD00047.2,9,16966384,274,0.246720573348095,8.10249102085162,1
PZD00047.1,9,16966493,274,0.349120571597874,1.98180529618853,1
PZA03416.9,9,16979695,274,-0.216426551692305,2.99133512539015,1
PZA03416.7,9,16980092,274,1.72582594453239,2.11601723756022,1
PZA03416.8,9,16980100,274,1.41417181856667,4.79864518349251,1
PZA03416.6,9,16980188,274,0.969488115922132,2.18484423983285,1
PZA02996.9,9,17214904,274,-1.78344899505178,4.42071552220218,1
PHM9374.5,9,17653676,274,0.100269177973102,1.39101328946042,1
PZA02844.1,9,17653885,274,-0.550435457348555,5.32843322174403,1
PZA00860.1,9,18684111,274,0.794811248032109,1.378765175946,1
PZA03058.12,9,19292942,274,1.0379492317788,1.42863338481329,1
PZA03058.16,9,19292964,274,-0.123310849759983,1.3621778218828,1
PZA03058.17,9,19292988,274,-1.96666554857965,1.93833045670983,1
PZA03058.22,9,19293027,274,0.396780732668998,1.94529089865603,1
PZA03058.21,9,19293212,274,-1.98266820577444,2.03510317121269,1
PZB00736.2,9,20516063,274,1.41547985640835,1.34449630387965,1
PZB00736.4,9,20516152,274,-0.05609043339106,4.62526778712995,1
PZA00583.4,9,20525979,274,-0.503956166396305,1.33370936267669,1
PZA00583.17,9,20526173,274,-0.542065861414029,2.0368614626635,1
PZA00438.4,9,21519206,NA,NA,NA,1
PZB01042.7,9,22040626,274,-0.362406288695546,1.76633474253626,1
PZB01042.5,9,22040925,274,-1.28679621486732,1.71675245355088,1
PZB01042.3,9,22040955,274,-0.638244093439088,2.09814251775827,1
PZB01042.2,9,22040988,274,0.498200390741724,1.80799232828677,1
PZB01042.1,9,22041092,274,-1.3136329954612,2.3296014361813,1
PZB01042.6,9,22041257,274,0.432668072794362,2.68398586762836,1
PZB01042.8,9,22041375,274,0.319940313287044,1.40841556900609,1
wx1.1,9,23215033,274,2.01949318962378,1.8557307945515,1
PZB00547.3,9,23215090,274,1.80017738965391,2.02630099266434,1
PZB00547.1,9,23215171,274,-1.19731485896313,1.46883779745006,1
PZB00544.1,9,23215722,274,-0.848356574707134,1.32963645820432,1
PZB00544.2,9,23215793,274,-0.584489637893228,1.42275268022313,1
PZB00540.1,9,23217179,274,-1.02803364399809,1.35052767477918,1
PZA01999.3,9,23217376,274,0.155969862793563,1.87526178939064,1
PZB01110.6,9,24028336,274,0.486706210550278,1.43531549557197,1
PZB01110.1,9,24028795,274,-0.37834767175747,1.45835749523477,1
PZB01963.2,9,24376691,274,-0.711775137912475,2.01704676903642,1
PZB01963.4,9,24376774,NA,NA,NA,1
PZB01963.6,9,24376844,274,-0.166242969609848,1.71950785498757,1
PZB01963.5,9,24376908,NA,NA,NA,1
PZB01963.3,9,24376967,274,-0.624451065572981,1.50177456988057,1
PZB01963.1,9,24377057,274,0.52460743191984,1.47982038463659,1
PZA02648.2,9,25654718,274,-0.919099334761957,1.59947439542436,1
PZA03113.5,9,26513930,274,-1.76627325721613,1.60710404664638,1
PZA03113.3,9,26514219,274,-0.506115169254627,1.38826014245977,1
PZA03113.4,9,26514227,274,-1.85642709240108,1.37433604996104,1
PZB00379.2,9,26661426,274,0.89565754364283,1.30388397761501,1
PZB00379.1,9,26661626,274,2.66295259134435,1.3236385421552,1
PZA00693.3,9,28318787,274,0.653685475341916,1.57429217634927,1
PZB00959.1,9,28529745,274,1.27179202258209,1.45595450984679,1
PZB02423.1,9,28529871,274,-1.27599667360121,2.20522339455525,1
PZB00235.2,9,34649110,274,0.572207948057595,2.6004355356938,1
PZB00235.1,9,34649218,274,-0.111639134356078,1.37823599936401,1
PZA02878.13,9,37421825,274,-0.00328969504100675,1.67780724214684,1
PZA02861.13,9,42849025,274,-0.0559789843365809,1.6907286112627,1
PZA02861.12,9,42849080,274,0.439027324286591,1.68361111180459,1
PZA03469.1,9,42852770,274,1.19116760578239,1.61556975653445,1
PZA03097.4,9,44359301,274,-1.28311872949778,1.92039573723517,1
PZA03097.7,9,44359430,274,0.377079857058294,1.56609887665952,1
PZB00014.1,9,46590628,274,-0.699429149028375,1.74722752980931,1
PZA03085.30,9,51080355,274,0.369139058739327,1.57943157945255,1
PZB02422.1,9,59789379,274,0.12157799036061,1.98462169320922,1
PZA00588.1,9,59789907,274,0.23951298853785,1.3631870659555,1
PZA00588.2,9,59789931,274,-0.171686398429012,1.40204896450628,1
PZB01114.6,9,60776013,274,0.0328116753456977,1.43263139701247,1
PZB01114.2,9,60776186,274,-0.698880376784767,2.21094648911787,1
PZB01114.1,9,60776323,274,0.108047632471122,1.41079246768821,1
PZA00287.1,9,72258299,274,0.197006855590167,1.73274986663038,1
PZA03057.3,9,73251868,274,0.922228160897848,1.90997499224686,1
PZA00925.2,9,73487579,274,-0.846856285363424,1.48446609731158,1
PZA01791.2,9,77467426,274,-1.16875316046296,1.31849296210318,1
PZA03759.2,9,80446876,274,-1.84638712158558,1.4616115244882,1
PZA03759.1,9,80446937,274,-0.00084345160747344,1.77022184007967,1
PZA03758.1,9,80499825,274,1.16820304336407,1.79132090873471,1
PZB00761.1,9,83959651,274,0.48038389587101,1.35769937544353,1
PZB00761.2,9,83960023,274,-0.188013317954779,2.3101387927327,1
PZA00070.5,9,85334547,274,1.62944130884741,1.35008034139862,1
PZA01861.1,9,85740054,274,1.01253816376896,1.40790396894278,1
PZA02545.1,9,88057165,274,1.00578188629225,3.8443215827894,1
PZA00653.5,9,89363110,274,-0.77610891736535,1.31784638431364,1
PZA03595.2,9,90435061,274,-1.15307349106507,1.51837006048191,1
PZA03595.1,9,90435214,274,-0.592244118300042,1.41650013237015,1
PZA03595.3,9,90435381,274,-1.66512034506799,6.79155771067286,1
PZA03596.2,9,90436004,274,-0.649324579348696,1.41492265176398,1
PZA03596.3,9,90436140,274,-0.428878539845624,2.66245196084282,1
PZA03596.1,9,90436248,274,0.347338986780052,1.37715153286371,1
PZA02897.12,9,94285743,274,-0.529496146109127,1.41807709179606,1
PZA00947.1,9,96885738,274,0.538200568210187,1.43354586821845,1
PZB01899.3,9,98502706,274,-0.934699640976972,1.31266286211957,1
PZB01899.2,9,98503011,274,0.506158412734607,1.26306074104911,1
PZA03253.1,9,103719503,274,0.388907472850402,1.49290711444442,1
PZA03253.2,9,103719660,274,0.705303914763922,1.57867827139229,1
PZA00514.6,9,104237516,274,1.12103987088869,4.70398449228045,1
PZA00514.1,9,104237592,NA,NA,NA,1
PZB00967.2,9,104333938,274,0.716718613582179,1.56623481298855,1
PZB02480.2,9,104373145,274,0.622945555107983,1.56955694177346,1
PZB02480.1,9,104373476,274,0.60548488287352,1.38957372258749,1
PZA00225.7,9,104537824,274,-0.291839004961676,1.46931099608509,1
PZA00225.8,9,104537850,274,0.779623647896726,1.45411221098412,1
PZB01358.1,9,106774837,274,-0.0164833875106247,1.5067009578162,1
PZB01358.4,9,106774862,274,1.07721523193149,2.75293467404438,1
PZB01358.3,9,106774925,274,0.601199385059839,1.75821867596252,1
PZB01358.2,9,106775093,274,0.278604166854212,1.51217715798226,1
PZB01652.1,9,106850853,274,0.510930120136026,1.41279691575971,1
PZA00015.5,9,109909820,274,-1.0561302080471,1.8024908919121,1
PZA03470.1,9,110522534,274,0.476246966649974,1.91052858151334,1
PZB01913.2,9,110628874,274,1.56223168240468,2.3537745387145,1
PZB01913.1,9,110629231,274,0.594489782963773,1.30545362327559,1
PZB01869.2,9,111935442,274,1.34957135577652,2.75667722852343,1
PZB01869.4,9,111935545,274,0.649821086918964,1.50833183827214,1
PZB01869.1,9,111935626,274,-1.4408795008418,1.52789981741093,1
PZB01867.5,9,111935765,274,-0.282141951785195,1.50652414878498,1
PZB01867.2,9,111935837,274,1.05395542013645,1.35931094339913,1
PZA03235.2,9,114897449,274,0.806559995722239,1.53296494101064,1
PZA03235.3,9,114897648,274,-0.4077237893685,3.44622981679086,1
PZA03235.1,9,114897665,274,-1.38632083176955,1.47965025841796,1
PZA02613.1,9,116763482,274,-1.62864285156321,2.11305185418799,1
PZB01292.2,9,117894780,NA,NA,NA,1
PZB01292.1,9,117894891,274,-0.993703271975855,1.69783390026963,1
PZB01292.3,9,117895037,274,-0.511190219177941,2.53745496566267,1
PZA01819.1,9,118511506,274,0.840610327235407,1.56727997712444,1
PZB01432.1,9,124067174,274,1.62481825043112,1.37261196530553,1
PZB01432.3,9,124067329,274,0.770375798172459,1.5473085267347,1
PZB01432.4,9,124067391,274,0.414942066553374,1.77730776148815,1
PZB01432.2,9,124067508,274,1.38585495116558,1.43669192717347,1
PZA00840.1,9,124112589,274,0.478129672015664,1.44080342094435,1
PZA00060.2,9,124619424,274,0.299557605571591,1.37724588211636,1
PZA00116.2,9,125052222,274,-1.60721987567807,1.70377066630533,1
PZA00116.3,9,125052246,274,-1.97278732075837,1.7202235071949,1
PZA00213.7,9,126584310,274,1.37385577196839,1.30841100114971,1
PZA00213.19,9,126584378,274,1.42523988763256,2.19232442629803,1
PZB02504.1,9,128442190,274,-1.05419118791607,1.30264316417787,1
PZB02504.3,9,128442195,274,-0.521427774771447,1.28839229950307,1
PHM3330.25,9,128515170,274,1.10385377474518,1.46269826122747,1
PZA00568.19,9,129048317,274,-0.669646033400275,2.48736624767078,1
PZA02111.1,9,130251867,274,-1.42841943166442,1.94282489257117,1
PZB00080.2,9,130608245,274,-0.0401307018485887,5.4903524828553,1
PZB00080.1,9,130608305,274,1.5158990501048,2.75387488458901,1
PZB02099.2,9,130611573,274,0.404825453608214,3.77843286581201,1
PZA03669.1,9,130876521,274,-0.0824557487090655,3.03059160840402,1
PZA03670.1,9,130886940,274,-1.16849889894498,1.42207082654552,1
PZA03671.1,9,130889568,274,-1.4728167914905,1.26678876235351,1
PZA02235.14,9,132119630,274,0.126019264160042,1.33860359715621,1
PZB00126.1,9,133389152,274,-0.145743855099992,1.2510819730402,1
PZB00643.1,9,133448740,274,1.28215796964139,1.40400677700795,1
PZB00750.3,9,133448843,274,1.3765582669309,1.75211497254041,1
PZB00750.2,9,133449028,274,-0.756666021207611,1.89008817452056,1
PZA01096.1,9,133450713,274,1.47782008623038,1.67538511477624,1
PZB01436.2,9,135383612,NA,NA,NA,1
PZB01436.3,9,135383693,274,-1.05710212200522,2.00434831596113,1
PZB01436.1,9,135383906,274,1.81148927945546,1.40691623400069,1
PZB00118.2,9,135842386,274,-0.783088083842552,1.3950450813358,1
PZA02252.2,9,136597740,274,0.00654942078670967,1.88932757072159,1
PZA00502.5,9,139381999,NA,NA,NA,1
PZA00502.1,9,139382140,274,-0.479354686468204,1.18705069161024,1
PZA01369.1,9,140926271,274,-1.51958945345239,1.57351670657357,1
PHM816.29,9,142043997,274,-1.68693153864615,1.27548733115174,1
PZB00221.3,9,142271047,274,0.272364124545173,1.36717758824214,1
PZB00221.6,9,142271097,274,-0.99918663691506,5.72767205780575,1
PZD00055.1,9,142271281,274,0.810143738124388,1.24981069420954,1
PZD00055.2,9,142271439,274,0.0831296509550854,2.49748985429492,1
PZB00221.2,9,142271476,274,1.26693560988509,1.26363747123193,1
PZB00221.5,9,142271582,274,-0.35545790963113,1.39413966948172,1
PZB00221.7,9,142271657,274,0.923907852864586,1.52166290312705,1
PZA00323.3,9,142499873,274,0.184320900264161,1.55556188417702,1
PZA00323.4,9,142500070,274,0.42302399065025,1.56924051557852,1
PZA01715.2,9,142948449,274,0.315175060669573,1.2126943919106,1
PZA01715.1,9,142948545,274,2.28216852861195,1.41050731899613,1
PZA02381.1,9,144723067,274,0.648498207213376,2.93197218862771,1
PZA00912.2,9,145148200,274,-0.131972897270522,1.62001388146043,1
PZA02997.16,9,146470580,274,0.874181119889988,1.4524347024139,1
PZA02997.19,9,146470644,NA,NA,NA,1
PZA00832.1,9,147131097,274,1.43482857252728,1.54266923570147,1
PZA00579.2,9,147384886,274,1.96960835564078,1.37908455646038,1
PZA00579.6,9,147384958,274,0.866089672635729,2.50249594110677,1
PZA03156.3,9,147821234,274,1.57449949497741,3.72818694700159,1
PZA02847.21,9,147826958,274,0.439724782401889,1.53246930106835,1
PZA00428.2,9,148430337,274,0.760998839869951,1.31534330893963,1
PHM13681.12,9,148713045,274,-1.16956263023242,1.31575670718795,1
PZA03405.1,9,148715252,274,0.917921223524087,4.94195129963365,1
PZA00123.1,9,149398788,274,-0.853048125105672,2.8468443824329,1
PZD00050.3,9,149507714,274,0.636595834927739,1.81804465478006,1
PZD00050.2,9,149507835,274,0.264820205243858,2.51777630195104,1
PZA03573.2,9,150137968,274,-1.36582648802139,1.58088331096261,1
PZA03573.3,9,150138109,274,-0.236408974960636,1.8228647928802,1
PZA03573.1,9,150138200,274,-0.805717731417874,1.84006588415438,1
PZA03573.4,9,150138319,274,0.938161633144031,5.73970439039983,1
PZA03572.2,9,150138962,274,-0.78028024028878,1.42214515305265,1
PZA00184.4,9,151289826,274,-0.407506160593394,2.24439867320753,1
PZA00184.1,9,151289948,274,-0.313279381117294,1.53435008055704,1
PZA03332.1,10,838970,274,-0.0578769089260074,2.30903679894757,1
PZA02554.1,10,1939921,274,0.342347987498715,1.7277539811454,1
PZA02221.20,10,1948030,274,2.26898098419268,1.32373650223141,1
PZA03216.2,10,2118915,274,-0.737013921804546,1.27254787606452,1
PZA01313.2,10,3598262,274,2.35555482466847,1.21729938960336,1
PZA02095.10,10,5119007,274,2.18134217535923,1.80173312713949,1
PZA03078.29,10,6121273,274,0.899029041519119,1.32053511252585,1
PZA03078.33,10,6121326,274,0.925531966724811,2.33595843894341,1
PHM2828.83,10,6121374,274,0.458535972554226,1.25318063361888,1
PHM3765.7,10,7904882,274,-0.389641032437634,2.17258532477977,1
PZA03563.1,10,8398476,274,0.869917607300444,1.29203608863377,1
PZA03563.2,10,8398599,NA,NA,NA,1
PZA03571.2,10,8398973,274,-0.586135365155033,1.85279728213639,1
PZA01883.2,10,8950935,274,1.82670616312746,1.80061694636769,1
PZB01301.7,10,9748233,274,-0.544145103594926,1.32562573710696,1
PZB01301.6,10,9748367,274,-0.216514905833236,1.27008374054776,1
PZB01301.5,10,9748559,274,-0.163548239294732,1.38854951690965,1
PZA00257.11,10,10432605,274,-0.0682179202851453,1.27812536359201,1
PZA00257.22,10,10432680,274,0.489535526350158,2.70612150260728,1
PZA00463.3,10,13546326,274,0.288681680373302,1.77120863705885,1
PZA02961.1,10,16264730,274,-0.990317137434535,1.77292424422726,1
PZA02961.6,10,16264897,274,1.17434550144567,1.29609372945567,1
PZA00656.4,10,17645859,NA,NA,NA,1
PZA00656.14,10,17645881,NA,NA,NA,1
PHM3922.32,10,17722937,274,0.477162511611418,1.42999671402309,1
PZA00079.1,10,18903460,274,0.416780092530411,1.76002385858153,1
PZA00310.5,10,20451157,274,-0.0313476538012468,1.57698332314916,1
PZA02853.10,10,25965887,274,-0.146095884689717,2.2707055041285,1
PZA02853.7,10,25965933,274,-0.955017461503462,1.35160992758099,1
PZA00552.3,10,26982134,274,1.12635858970002,3.31666112608478,1
PZA00552.4,10,26982383,274,0.241831116555093,2.55651439389659,1
PZA03262.2,10,28596609,274,-1.45953731951983,1.75685672410431,1
PZA03262.1,10,28596640,274,0.658507278320213,1.70783053806948,1
PZA03137.3,10,28596680,274,-1.5086290356999,1.77460831567075,1
PZD00032.2,10,30830302,274,0.948102109264191,2.24502311109481,1
PZD00032.1,10,30830484,274,1.86909474361643,1.38856195569503,1
PZD00032.4,10,30830707,NA,NA,NA,1
PZD00032.5,10,30830820,NA,NA,NA,1
PZD00032.3,10,30830960,274,0.553874305788215,3.59558537760462,1
PZD00033.2,10,30832690,274,-0.248061504353343,2.12965079509685,1
PZA02945.10,10,33619582,274,2.93072773935429,1.31855832134355,1
PZA02945.37,10,33619945,274,-2.25045517538571,1.29604830824262,1
PZB01178.1,10,42369806,274,1.99859279394404,1.39179876932372,1
PZB00849.1,10,43580032,274,0.81385549307361,1.42733917306942,1
PZB00849.2,10,43580042,274,0.597435679091024,2.59965207777877,1
PZA01597.1,10,61603191,274,-0.326875489625421,1.32435559149978,1
PZA00562.4,10,61763079,274,1.16991298469692,1.38869871310762,1
PZA00562.3,10,61763171,274,1.10639544476752,2.22731228223821,1
PZA00409.17,10,62062819,274,1.07384682428245,1.39108994850057,1
PZA00409.15,10,62062890,274,0.175117637433758,1.62206529336366,1
PZA00409.3,10,62062924,274,-0.294198130368665,1.4348316757447,1
PZA00174.1,10,66408538,274,0.618429095146202,1.66325572608515,1
PZA00174.2,10,66408674,274,-0.787502381931185,1.63012223502948,1
PZA00665.6,10,68803444,274,-0.100851206116225,1.85808895849397,1
PZA01677.1,10,70797556,274,0.221043649244734,1.56406306518876,1
PZA02941.2,10,71120160,NA,NA,NA,1
PZA02941.3,10,71120220,274,1.546867896011,1.98196224069646,1
PZA02941.6,10,71120324,274,1.40650676805435,1.60176722273868,1
PZA00475.20,10,75521031,NA,NA,NA,1
PZA00475.25,10,75521139,NA,NA,NA,1
PZA01877.2,10,77492186,274,0.593807122760609,1.91843365720949,1
PZB02029.1,10,78146208,274,0.447324679662607,1.20893872684259,1
PZA03157.2,10,81756950,274,0.2001987627842,1.64300417953713,1
PZB00409.1,10,84002430,274,1.16465889983169,1.66472791277579,1
PZA00587.3,10,84518272,274,0.781410133468325,1.990654043298,1
PZA03170.2,10,85296853,274,-0.623915119688567,1.66274558952213,1
PZA03170.1,10,85296889,274,0.502500438555486,1.60699961152709,1
PZB02529.2,10,86319860,274,-0.59546167421148,4.57008998626448,1
PZB02529.1,10,86320007,274,1.35991788437564,1.29140337453719,1
PZA00337.4,10,86327620,274,1.13857846424909,1.32065803475091,1
PZA00337.3,10,86327722,274,0.649418595082712,1.39288106543708,1
PZA00814.1,10,87194491,274,-0.284956642044442,1.44373766554398,1
PZA03351.1,10,89122261,274,0.0388038270315224,1.51090755269727,1
PZA00048.2,10,98582073,274,0.558607201647153,1.40207369621497,1
PZA00048.1,10,98582149,274,0.0789293608650146,1.36344587888449,1
PZA00400.3,10,98866690,274,-0.996464906669716,1.29706350167325,1
PZB01206.2,10,99238136,274,-0.981346358472379,1.8518187851612,1
PZB01206.1,10,99238326,274,-0.62880677954032,1.52854191130339,1
PZA02398.2,10,99471436,274,1.19164507073601,1.38003506251546,1
PHM537.22,10,99471668,274,-0.366884918668597,1.58500243374148,1
PZA03585.1,10,104900730,274,2.3433498092987,1.80098261239574,1
PZA02993.5,10,106620017,274,1.35981492099114,1.66579714976853,1
PZA02993.6,10,106620041,274,-0.114406020991944,1.57874746040466,1
PZA02993.14,10,106620146,274,-0.626213608592811,1.67218607289116,1
PZA00444.5,10,106780310,274,2.16728537736739,4.19588220507894,1
PZA00444.1,10,106780357,274,0.257628080309837,2.00624774351628,1
PHM18195.6,10,106780623,274,-0.109180381273201,2.00689460518438,1
PZB00806.9,10,107950190,274,-0.570668142596165,2.34737846739083,1
PZB00806.8,10,107950287,NA,NA,NA,1
PZB00806.4,10,107950370,274,0.31106140220697,1.90330626700731,1
PZB00806.6,10,107950399,274,-0.566846519304772,2.08225107565845,1
PZA00135.6,10,109542101,NA,NA,NA,1
PZA01292.1,10,109633741,274,1.98896909469395,1.38428704304703,1
PZA01919.2,10,111260278,274,0.451878050593732,1.2661852021346,1
PZA02128.3,10,111608788,274,-0.523931733182017,1.79365241224532,1
PZA00215.3,10,111672770,274,-0.669858517143568,1.49011391812906,1
PHM13687.14,10,117796822,274,1.5303527506952,1.40301427374705,1
PZA00712.15,10,117797016,274,-1.15457684472713,1.30151510235503,1
PZA00712.4,10,117797175,274,0.763808792409485,1.40613262311485,1
PZA02219.2,10,118308828,274,0.155587342449466,1.58851686678867,1
PZB00677.3,10,120604920,274,-1.31665313713091,2.19537855180697,1
PZB00677.4,10,120605201,274,-0.56773147707025,1.92454127344603,1
PZA03713.1,10,121489957,274,-1.69692567648491,1.50001346840352,1
PZA03711.2,10,121491031,274,0.425628431089996,1.95404214619335,1
PZA03711.3,10,121491202,274,2.00566241278485,2.8794155820331,1
PZA03711.1,10,121491271,274,-0.720121619296534,1.93565190085279,1
PZA03710.2,10,121491723,274,0.701910360061129,1.84715774428378,1
PZA03710.4,10,121491895,274,0.459274053739646,1.86211598806432,1
PZA03710.1,10,121491955,274,0.0725283637699074,1.64746481578831,1
PZA03710.5,10,121492057,274,-0.252253370568981,2.2944087190245,1
PZA03710.3,10,121492142,274,1.20110492365463,2.48431073456146,1
PZA03710.6,10,121492205,274,-0.0734677842955565,1.59780477143218,1
PZA03709.1,10,121493027,274,1.81132715671681,2.08577114741961,1
PZA03709.2,10,121493288,274,-1.2608206500326,2.76390574933103,1
PZA00251.4,10,122517732,274,1.96222585749448,1.76312110996652,1
PZA00251.1,10,122517816,274,0.70649677158702,1.46687470431743,1
PZB02227.3,10,123741974,274,-0.260090256960185,2.05773564462476,1
PZB02227.1,10,123742114,274,0.244590144006577,1.49285737003934,1
PZB02227.4,10,123742392,274,0.24457309052919,1.75270950667636,1
PZB02227.2,10,123742823,274,-0.420910040436597,1.38103021348655,1
PZA02821.5,10,123998923,274,-1.29045138250423,1.38403760577153,1
PZA03196.3,10,124005323,274,0.822428007109218,2.14532935377789,1
PZA03196.1,10,124005403,274,0.613043037552103,1.33348943908035,1
PZA00063.3,10,124523264,274,0.765769711017795,3.20787206841937,1
PZB01412.2,10,126573429,274,2.07572763186493,2.83450916079537,1
PZA03071.15,10,128463270,274,-0.184930913818403,1.50325881903119,1
PZA00647.9,10,129730703,274,-0.683235814603081,1.35938309144711,1
PZA00342.7,10,130170691,274,1.4985135383179,1.37854911819755,1
PZA00342.9,10,130170772,274,-0.546073358396202,1.59556550545527,1
PZA03115.1,10,130351968,274,1.27191994635386,1.31200907328791,1
PZA03115.2,10,130352040,274,-0.758512731034695,1.40111616656191,1
PZA01241.2,10,130452676,274,1.27341972508955,1.36505575063322,1
PZA02320.1,10,132256848,274,-0.185263269661737,1.40134514041735,1
PZA03164.2,10,132380594,274,-0.314095648549473,1.46676711611067,1
PZA03164.3,10,132381021,274,1.20496186711321,2.41204547988959,1
PZA03164.1,10,132381032,274,0.0230077434282322,1.52134874677658,1
PZB01997.1,10,132732382,274,1.29943015055416,1.52882896228149,1
PZB01111.8,10,134034407,274,1.03721509580682,1.3116473440891,1
PZB01111.3,10,134034437,274,0.497629335200609,2.0954920963941,1
PZB01111.1,10,134034461,274,0.999086601005057,1.31725131975394,1
PZB01111.5,10,134034491,274,0.434262605151694,1.96090203242357,1
PZB01111.7,10,134034686,274,2.21375679057026,3.08318154958382,1
PZB01111.6,10,134034875,274,0.181460553532637,1.46615827280679,1
PZA03398.2,10,134805750,274,0.552287305393137,6.03463101307974,1
PZA03398.1,10,134805853,274,0.0917387844024992,1.83109827974446,1
PZA01456.2,10,135928293,274,1.56046653687558,1.24588537280092,1
PHM18513.156,10,136530988,274,-0.233120967272786,1.32541112972851,1
PHM15868.56,10,137132183,274,-0.931898355284009,1.33610579132882,1
PZA02663.1,10,137627429,274,2.00370520508614,1.26731271808557,1
PZA03570.2,10,138760374,274,-0.0497961043428276,2.08778192421599,1
PZA03570.1,10,138760446,274,0.506208834702821,1.33474001552824,1
PZA03569.2,10,138760685,274,0.116130088566027,2.29978505955147,1
PZA03229.1,10,139507065,274,-0.134179147258652,1.28576360006636,1
PZA03229.4,10,139507136,274,-0.126202477801184,1.53237611833048,1
PZA03229.2,10,139507440,274,-1.66719707536086,1.88282755697136,1
PZA01995.2,10,139616614,274,1.83532442034354,1.46329409783446,1
PZA03267.3,10,139717238,274,0.618135014256954,1.28899111862794,1
PZA03267.2,10,139717663,274,1.34750758153847,1.4018644899367,1
PZA03267.4,10,139717741,274,-0.664580073047578,1.27174645369662,1
PZA03132.3,10,139830278,274,-0.653442182631912,1.70993425236508,1
PZB00239.1,10,140492616,NA,NA,NA,1
PZA03607.5,10,141828307,274,1.04793386023293,2.63236293137739,1
PZA03607.3,10,141828459,274,-1.02006078723795,1.52974511483789,1
PZA03607.2,10,141828530,274,0.71614217701997,1.45171998651856,1
PZA03607.1,10,141828531,274,0.802540870872529,1.45568556538847,1
PZA03607.4,10,141828691,274,0.407231464443801,1.66917062597126,1
PZA03606.1,10,141829598,274,-0.199020316120081,1.78201074147763,1
PZB02554.3,10,141829707,274,-0.74573603872064,3.91060813392889,1
PZB02554.2,10,141829795,274,0.352274982443178,1.44461553168347,1
PZB02554.1,10,141829860,274,0.483718282268169,1.50666911409779,1
PZA03605.1,10,141830532,274,0.245412237527403,1.53094773350294,1
PZA03605.2,10,141830830,274,-0.468132882582696,2.59170431028518,1
PZA03604.2,10,141831736,274,-0.182461394398839,1.51363956722143,1
PZA03604.1,10,141831767,274,0.700056296751487,1.53481884822361,1
PZA03604.3,10,141831821,274,-0.736987457922405,3.46068796145204,1
PZA00727.11,10,142854665,274,0.916962787154264,1.8394362002283,1
PZA00727.1,10,142854765,274,-0.70728409633648,1.59614275700965,1
PZA00130.9,10,143269455,274,-1.09626853212083,1.3704819219438,1
PZA00130.7,10,143269563,274,0.505842405483677,1.5563713654137,1
PZA02969.1,10,143676007,274,0.820581298068091,1.33684294736865,1
PZA02969.7,10,143676157,NA,NA,NA,1
PZA02969.8,10,143676207,274,-0.754583533075848,1.32065494523982,1
PZA02049.1,10,144025574,274,-0.379462643737882,1.44413568657607,1
PZA00007.2,10,144172190,274,-2.12671407435774,1.51707235933697,1
PZA00007.1,10,144172316,274,2.78168379419028,1.31940681388801,1
PHM5435.25,10,144239494,274,-1.494791577416,1.38591912220829,1
PZA00551.4,10,144239564,274,-1.59639732566019,1.29988715305274,1
PZB00769.2,10,144548839,274,0.4094809582326,2.20637965843548,1
PZB00769.1,10,144548910,274,1.10399230488766,1.4164721617739,1
PZA01073.1,10,144549995,274,-0.29441457693891,1.50357846249783,1
PZB01471.2,10,145850233,274,-1.36633418986627,2.39005995455303,1
PZB01471.3,10,145850362,274,2.00775762538238,1.30959024375537,1
PZB01471.1,10,145850422,274,1.82234351009929,1.38648965664344,1
PZA00062.4,10,146999711,274,-0.707949324296491,2.35470923565556,1
PZA00678.1,10,147762925,274,0.997153091592494,1.35153635704,1
PZA00678.2,10,147762964,274,-0.56358305001648,1.68192351084064,1
PZA00179.9,10,147819958,274,1.3247078748254,1.88992231353799,1
PZA02833.6,10,148332885,274,0.690328029743947,1.33934544801711,1
PHM1506.23,10,148488692,274,-0.933032733984378,1.39642391033102,1
PZA03402.1,10,148816538,274,-0.747605649156331,3.09242807288299,1
PZA03429.1,10,148907116,274,-0.212451951378619,3.13354766419062,1
